FileType	fastq	Read submission file type
sample	study	instrument_model	library_name	library_source	library_selection	library_strategy	library_layout	insert_size	design_description	library_construction_protocol	forward_file_name	forward_file_md5	reverse_file_name	reverse_file_md5
M1.20.C1	PRJEB_TO_FILL	INSTRUMENT_TO_FILL	lib_M1.20.C1	METAGENOMIC	PCR	AMPLICON	PAIRED	392	Endpoint 16S rRNA V4-V5 amplicon of a defined bacterial community after 48 h under a factorial temperature x pH x salinity regime.	V4-V5 16S rRNA gene amplified with 515F (GTGCCAGCMGCCGCGGTAA) and 907R (CCGTCAATTCCTTTGAGTTT); Phusion High-Fidelity Master Mix, 30 cycles (98 °C 10 s, 50 °C 30 s, 72 °C 30 s); NEBNext Ultra II FS DNA PCR-free Library Prep Kit with indexes; Novogene.				
M1.20.C10	PRJEB_TO_FILL	INSTRUMENT_TO_FILL	lib_M1.20.C10	METAGENOMIC	PCR	AMPLICON	PAIRED	392	Endpoint 16S rRNA V4-V5 amplicon of a defined bacterial community after 48 h under a factorial temperature x pH x salinity regime.	V4-V5 16S rRNA gene amplified with 515F (GTGCCAGCMGCCGCGGTAA) and 907R (CCGTCAATTCCTTTGAGTTT); Phusion High-Fidelity Master Mix, 30 cycles (98 °C 10 s, 50 °C 30 s, 72 °C 30 s); NEBNext Ultra II FS DNA PCR-free Library Prep Kit with indexes; Novogene.				
M1.20.C11	PRJEB_TO_FILL	INSTRUMENT_TO_FILL	lib_M1.20.C11	METAGENOMIC	PCR	AMPLICON	PAIRED	392	Endpoint 16S rRNA V4-V5 amplicon of a defined bacterial community after 48 h under a factorial temperature x pH x salinity regime.	V4-V5 16S rRNA gene amplified with 515F (GTGCCAGCMGCCGCGGTAA) and 907R (CCGTCAATTCCTTTGAGTTT); Phusion High-Fidelity Master Mix, 30 cycles (98 °C 10 s, 50 °C 30 s, 72 °C 30 s); NEBNext Ultra II FS DNA PCR-free Library Prep Kit with indexes; Novogene.				
M1.20.C12	PRJEB_TO_FILL	INSTRUMENT_TO_FILL	lib_M1.20.C12	METAGENOMIC	PCR	AMPLICON	PAIRED	392	Endpoint 16S rRNA V4-V5 amplicon of a defined bacterial community after 48 h under a factorial temperature x pH x salinity regime.	V4-V5 16S rRNA gene amplified with 515F (GTGCCAGCMGCCGCGGTAA) and 907R (CCGTCAATTCCTTTGAGTTT); Phusion High-Fidelity Master Mix, 30 cycles (98 °C 10 s, 50 °C 30 s, 72 °C 30 s); NEBNext Ultra II FS DNA PCR-free Library Prep Kit with indexes; Novogene.				
M1.20.C13	PRJEB_TO_FILL	INSTRUMENT_TO_FILL	lib_M1.20.C13	METAGENOMIC	PCR	AMPLICON	PAIRED	392	Endpoint 16S rRNA V4-V5 amplicon of a defined bacterial community after 48 h under a factorial temperature x pH x salinity regime.	V4-V5 16S rRNA gene amplified with 515F (GTGCCAGCMGCCGCGGTAA) and 907R (CCGTCAATTCCTTTGAGTTT); Phusion High-Fidelity Master Mix, 30 cycles (98 °C 10 s, 50 °C 30 s, 72 °C 30 s); NEBNext Ultra II FS DNA PCR-free Library Prep Kit with indexes; Novogene.				
M1.20.C14	PRJEB_TO_FILL	INSTRUMENT_TO_FILL	lib_M1.20.C14	METAGENOMIC	PCR	AMPLICON	PAIRED	392	Endpoint 16S rRNA V4-V5 amplicon of a defined bacterial community after 48 h under a factorial temperature x pH x salinity regime.	V4-V5 16S rRNA gene amplified with 515F (GTGCCAGCMGCCGCGGTAA) and 907R (CCGTCAATTCCTTTGAGTTT); Phusion High-Fidelity Master Mix, 30 cycles (98 °C 10 s, 50 °C 30 s, 72 °C 30 s); NEBNext Ultra II FS DNA PCR-free Library Prep Kit with indexes; Novogene.				
M1.20.C15	PRJEB_TO_FILL	INSTRUMENT_TO_FILL	lib_M1.20.C15	METAGENOMIC	PCR	AMPLICON	PAIRED	392	Endpoint 16S rRNA V4-V5 amplicon of a defined bacterial community after 48 h under a factorial temperature x pH x salinity regime.	V4-V5 16S rRNA gene amplified with 515F (GTGCCAGCMGCCGCGGTAA) and 907R (CCGTCAATTCCTTTGAGTTT); Phusion High-Fidelity Master Mix, 30 cycles (98 °C 10 s, 50 °C 30 s, 72 °C 30 s); NEBNext Ultra II FS DNA PCR-free Library Prep Kit with indexes; Novogene.				
M1.20.C16	PRJEB_TO_FILL	INSTRUMENT_TO_FILL	lib_M1.20.C16	METAGENOMIC	PCR	AMPLICON	PAIRED	392	Endpoint 16S rRNA V4-V5 amplicon of a defined bacterial community after 48 h under a factorial temperature x pH x salinity regime.	V4-V5 16S rRNA gene amplified with 515F (GTGCCAGCMGCCGCGGTAA) and 907R (CCGTCAATTCCTTTGAGTTT); Phusion High-Fidelity Master Mix, 30 cycles (98 °C 10 s, 50 °C 30 s, 72 °C 30 s); NEBNext Ultra II FS DNA PCR-free Library Prep Kit with indexes; Novogene.				
M1.20.C17	PRJEB_TO_FILL	INSTRUMENT_TO_FILL	lib_M1.20.C17	METAGENOMIC	PCR	AMPLICON	PAIRED	392	Endpoint 16S rRNA V4-V5 amplicon of a defined bacterial community after 48 h under a factorial temperature x pH x salinity regime.	V4-V5 16S rRNA gene amplified with 515F (GTGCCAGCMGCCGCGGTAA) and 907R (CCGTCAATTCCTTTGAGTTT); Phusion High-Fidelity Master Mix, 30 cycles (98 °C 10 s, 50 °C 30 s, 72 °C 30 s); NEBNext Ultra II FS DNA PCR-free Library Prep Kit with indexes; Novogene.				
M1.20.C18	PRJEB_TO_FILL	INSTRUMENT_TO_FILL	lib_M1.20.C18	METAGENOMIC	PCR	AMPLICON	PAIRED	392	Endpoint 16S rRNA V4-V5 amplicon of a defined bacterial community after 48 h under a factorial temperature x pH x salinity regime.	V4-V5 16S rRNA gene amplified with 515F (GTGCCAGCMGCCGCGGTAA) and 907R (CCGTCAATTCCTTTGAGTTT); Phusion High-Fidelity Master Mix, 30 cycles (98 °C 10 s, 50 °C 30 s, 72 °C 30 s); NEBNext Ultra II FS DNA PCR-free Library Prep Kit with indexes; Novogene.				
M1.20.C19	PRJEB_TO_FILL	INSTRUMENT_TO_FILL	lib_M1.20.C19	METAGENOMIC	PCR	AMPLICON	PAIRED	392	Endpoint 16S rRNA V4-V5 amplicon of a defined bacterial community after 48 h under a factorial temperature x pH x salinity regime.	V4-V5 16S rRNA gene amplified with 515F (GTGCCAGCMGCCGCGGTAA) and 907R (CCGTCAATTCCTTTGAGTTT); Phusion High-Fidelity Master Mix, 30 cycles (98 °C 10 s, 50 °C 30 s, 72 °C 30 s); NEBNext Ultra II FS DNA PCR-free Library Prep Kit with indexes; Novogene.				
M1.20.C2	PRJEB_TO_FILL	INSTRUMENT_TO_FILL	lib_M1.20.C2	METAGENOMIC	PCR	AMPLICON	PAIRED	392	Endpoint 16S rRNA V4-V5 amplicon of a defined bacterial community after 48 h under a factorial temperature x pH x salinity regime.	V4-V5 16S rRNA gene amplified with 515F (GTGCCAGCMGCCGCGGTAA) and 907R (CCGTCAATTCCTTTGAGTTT); Phusion High-Fidelity Master Mix, 30 cycles (98 °C 10 s, 50 °C 30 s, 72 °C 30 s); NEBNext Ultra II FS DNA PCR-free Library Prep Kit with indexes; Novogene.				
M1.20.C20	PRJEB_TO_FILL	INSTRUMENT_TO_FILL	lib_M1.20.C20	METAGENOMIC	PCR	AMPLICON	PAIRED	392	Endpoint 16S rRNA V4-V5 amplicon of a defined bacterial community after 48 h under a factorial temperature x pH x salinity regime.	V4-V5 16S rRNA gene amplified with 515F (GTGCCAGCMGCCGCGGTAA) and 907R (CCGTCAATTCCTTTGAGTTT); Phusion High-Fidelity Master Mix, 30 cycles (98 °C 10 s, 50 °C 30 s, 72 °C 30 s); NEBNext Ultra II FS DNA PCR-free Library Prep Kit with indexes; Novogene.				
M1.20.C21	PRJEB_TO_FILL	INSTRUMENT_TO_FILL	lib_M1.20.C21	METAGENOMIC	PCR	AMPLICON	PAIRED	392	Endpoint 16S rRNA V4-V5 amplicon of a defined bacterial community after 48 h under a factorial temperature x pH x salinity regime.	V4-V5 16S rRNA gene amplified with 515F (GTGCCAGCMGCCGCGGTAA) and 907R (CCGTCAATTCCTTTGAGTTT); Phusion High-Fidelity Master Mix, 30 cycles (98 °C 10 s, 50 °C 30 s, 72 °C 30 s); NEBNext Ultra II FS DNA PCR-free Library Prep Kit with indexes; Novogene.				
M1.20.C22	PRJEB_TO_FILL	INSTRUMENT_TO_FILL	lib_M1.20.C22	METAGENOMIC	PCR	AMPLICON	PAIRED	392	Endpoint 16S rRNA V4-V5 amplicon of a defined bacterial community after 48 h under a factorial temperature x pH x salinity regime.	V4-V5 16S rRNA gene amplified with 515F (GTGCCAGCMGCCGCGGTAA) and 907R (CCGTCAATTCCTTTGAGTTT); Phusion High-Fidelity Master Mix, 30 cycles (98 °C 10 s, 50 °C 30 s, 72 °C 30 s); NEBNext Ultra II FS DNA PCR-free Library Prep Kit with indexes; Novogene.				
M1.20.C3	PRJEB_TO_FILL	INSTRUMENT_TO_FILL	lib_M1.20.C3	METAGENOMIC	PCR	AMPLICON	PAIRED	392	Endpoint 16S rRNA V4-V5 amplicon of a defined bacterial community after 48 h under a factorial temperature x pH x salinity regime.	V4-V5 16S rRNA gene amplified with 515F (GTGCCAGCMGCCGCGGTAA) and 907R (CCGTCAATTCCTTTGAGTTT); Phusion High-Fidelity Master Mix, 30 cycles (98 °C 10 s, 50 °C 30 s, 72 °C 30 s); NEBNext Ultra II FS DNA PCR-free Library Prep Kit with indexes; Novogene.				
M1.20.C4	PRJEB_TO_FILL	INSTRUMENT_TO_FILL	lib_M1.20.C4	METAGENOMIC	PCR	AMPLICON	PAIRED	392	Endpoint 16S rRNA V4-V5 amplicon of a defined bacterial community after 48 h under a factorial temperature x pH x salinity regime.	V4-V5 16S rRNA gene amplified with 515F (GTGCCAGCMGCCGCGGTAA) and 907R (CCGTCAATTCCTTTGAGTTT); Phusion High-Fidelity Master Mix, 30 cycles (98 °C 10 s, 50 °C 30 s, 72 °C 30 s); NEBNext Ultra II FS DNA PCR-free Library Prep Kit with indexes; Novogene.				
M1.20.C5	PRJEB_TO_FILL	INSTRUMENT_TO_FILL	lib_M1.20.C5	METAGENOMIC	PCR	AMPLICON	PAIRED	392	Endpoint 16S rRNA V4-V5 amplicon of a defined bacterial community after 48 h under a factorial temperature x pH x salinity regime.	V4-V5 16S rRNA gene amplified with 515F (GTGCCAGCMGCCGCGGTAA) and 907R (CCGTCAATTCCTTTGAGTTT); Phusion High-Fidelity Master Mix, 30 cycles (98 °C 10 s, 50 °C 30 s, 72 °C 30 s); NEBNext Ultra II FS DNA PCR-free Library Prep Kit with indexes; Novogene.				
M1.20.C6	PRJEB_TO_FILL	INSTRUMENT_TO_FILL	lib_M1.20.C6	METAGENOMIC	PCR	AMPLICON	PAIRED	392	Endpoint 16S rRNA V4-V5 amplicon of a defined bacterial community after 48 h under a factorial temperature x pH x salinity regime.	V4-V5 16S rRNA gene amplified with 515F (GTGCCAGCMGCCGCGGTAA) and 907R (CCGTCAATTCCTTTGAGTTT); Phusion High-Fidelity Master Mix, 30 cycles (98 °C 10 s, 50 °C 30 s, 72 °C 30 s); NEBNext Ultra II FS DNA PCR-free Library Prep Kit with indexes; Novogene.				
M1.20.C7	PRJEB_TO_FILL	INSTRUMENT_TO_FILL	lib_M1.20.C7	METAGENOMIC	PCR	AMPLICON	PAIRED	392	Endpoint 16S rRNA V4-V5 amplicon of a defined bacterial community after 48 h under a factorial temperature x pH x salinity regime.	V4-V5 16S rRNA gene amplified with 515F (GTGCCAGCMGCCGCGGTAA) and 907R (CCGTCAATTCCTTTGAGTTT); Phusion High-Fidelity Master Mix, 30 cycles (98 °C 10 s, 50 °C 30 s, 72 °C 30 s); NEBNext Ultra II FS DNA PCR-free Library Prep Kit with indexes; Novogene.				
M1.20.C8	PRJEB_TO_FILL	INSTRUMENT_TO_FILL	lib_M1.20.C8	METAGENOMIC	PCR	AMPLICON	PAIRED	392	Endpoint 16S rRNA V4-V5 amplicon of a defined bacterial community after 48 h under a factorial temperature x pH x salinity regime.	V4-V5 16S rRNA gene amplified with 515F (GTGCCAGCMGCCGCGGTAA) and 907R (CCGTCAATTCCTTTGAGTTT); Phusion High-Fidelity Master Mix, 30 cycles (98 °C 10 s, 50 °C 30 s, 72 °C 30 s); NEBNext Ultra II FS DNA PCR-free Library Prep Kit with indexes; Novogene.				
M1.20.C9	PRJEB_TO_FILL	INSTRUMENT_TO_FILL	lib_M1.20.C9	METAGENOMIC	PCR	AMPLICON	PAIRED	392	Endpoint 16S rRNA V4-V5 amplicon of a defined bacterial community after 48 h under a factorial temperature x pH x salinity regime.	V4-V5 16S rRNA gene amplified with 515F (GTGCCAGCMGCCGCGGTAA) and 907R (CCGTCAATTCCTTTGAGTTT); Phusion High-Fidelity Master Mix, 30 cycles (98 °C 10 s, 50 °C 30 s, 72 °C 30 s); NEBNext Ultra II FS DNA PCR-free Library Prep Kit with indexes; Novogene.				
M1.38.C1	PRJEB_TO_FILL	INSTRUMENT_TO_FILL	lib_M1.38.C1	METAGENOMIC	PCR	AMPLICON	PAIRED	392	Endpoint 16S rRNA V4-V5 amplicon of a defined bacterial community after 48 h under a factorial temperature x pH x salinity regime.	V4-V5 16S rRNA gene amplified with 515F (GTGCCAGCMGCCGCGGTAA) and 907R (CCGTCAATTCCTTTGAGTTT); Phusion High-Fidelity Master Mix, 30 cycles (98 °C 10 s, 50 °C 30 s, 72 °C 30 s); NEBNext Ultra II FS DNA PCR-free Library Prep Kit with indexes; Novogene.				
M1.38.C10	PRJEB_TO_FILL	INSTRUMENT_TO_FILL	lib_M1.38.C10	METAGENOMIC	PCR	AMPLICON	PAIRED	392	Endpoint 16S rRNA V4-V5 amplicon of a defined bacterial community after 48 h under a factorial temperature x pH x salinity regime.	V4-V5 16S rRNA gene amplified with 515F (GTGCCAGCMGCCGCGGTAA) and 907R (CCGTCAATTCCTTTGAGTTT); Phusion High-Fidelity Master Mix, 30 cycles (98 °C 10 s, 50 °C 30 s, 72 °C 30 s); NEBNext Ultra II FS DNA PCR-free Library Prep Kit with indexes; Novogene.				
M1.38.C11	PRJEB_TO_FILL	INSTRUMENT_TO_FILL	lib_M1.38.C11	METAGENOMIC	PCR	AMPLICON	PAIRED	392	Endpoint 16S rRNA V4-V5 amplicon of a defined bacterial community after 48 h under a factorial temperature x pH x salinity regime.	V4-V5 16S rRNA gene amplified with 515F (GTGCCAGCMGCCGCGGTAA) and 907R (CCGTCAATTCCTTTGAGTTT); Phusion High-Fidelity Master Mix, 30 cycles (98 °C 10 s, 50 °C 30 s, 72 °C 30 s); NEBNext Ultra II FS DNA PCR-free Library Prep Kit with indexes; Novogene.				
M1.38.C12	PRJEB_TO_FILL	INSTRUMENT_TO_FILL	lib_M1.38.C12	METAGENOMIC	PCR	AMPLICON	PAIRED	392	Endpoint 16S rRNA V4-V5 amplicon of a defined bacterial community after 48 h under a factorial temperature x pH x salinity regime.	V4-V5 16S rRNA gene amplified with 515F (GTGCCAGCMGCCGCGGTAA) and 907R (CCGTCAATTCCTTTGAGTTT); Phusion High-Fidelity Master Mix, 30 cycles (98 °C 10 s, 50 °C 30 s, 72 °C 30 s); NEBNext Ultra II FS DNA PCR-free Library Prep Kit with indexes; Novogene.				
M1.38.C13	PRJEB_TO_FILL	INSTRUMENT_TO_FILL	lib_M1.38.C13	METAGENOMIC	PCR	AMPLICON	PAIRED	392	Endpoint 16S rRNA V4-V5 amplicon of a defined bacterial community after 48 h under a factorial temperature x pH x salinity regime.	V4-V5 16S rRNA gene amplified with 515F (GTGCCAGCMGCCGCGGTAA) and 907R (CCGTCAATTCCTTTGAGTTT); Phusion High-Fidelity Master Mix, 30 cycles (98 °C 10 s, 50 °C 30 s, 72 °C 30 s); NEBNext Ultra II FS DNA PCR-free Library Prep Kit with indexes; Novogene.				
M1.38.C14	PRJEB_TO_FILL	INSTRUMENT_TO_FILL	lib_M1.38.C14	METAGENOMIC	PCR	AMPLICON	PAIRED	392	Endpoint 16S rRNA V4-V5 amplicon of a defined bacterial community after 48 h under a factorial temperature x pH x salinity regime.	V4-V5 16S rRNA gene amplified with 515F (GTGCCAGCMGCCGCGGTAA) and 907R (CCGTCAATTCCTTTGAGTTT); Phusion High-Fidelity Master Mix, 30 cycles (98 °C 10 s, 50 °C 30 s, 72 °C 30 s); NEBNext Ultra II FS DNA PCR-free Library Prep Kit with indexes; Novogene.				
M1.38.C15	PRJEB_TO_FILL	INSTRUMENT_TO_FILL	lib_M1.38.C15	METAGENOMIC	PCR	AMPLICON	PAIRED	392	Endpoint 16S rRNA V4-V5 amplicon of a defined bacterial community after 48 h under a factorial temperature x pH x salinity regime.	V4-V5 16S rRNA gene amplified with 515F (GTGCCAGCMGCCGCGGTAA) and 907R (CCGTCAATTCCTTTGAGTTT); Phusion High-Fidelity Master Mix, 30 cycles (98 °C 10 s, 50 °C 30 s, 72 °C 30 s); NEBNext Ultra II FS DNA PCR-free Library Prep Kit with indexes; Novogene.				
M1.38.C16	PRJEB_TO_FILL	INSTRUMENT_TO_FILL	lib_M1.38.C16	METAGENOMIC	PCR	AMPLICON	PAIRED	392	Endpoint 16S rRNA V4-V5 amplicon of a defined bacterial community after 48 h under a factorial temperature x pH x salinity regime.	V4-V5 16S rRNA gene amplified with 515F (GTGCCAGCMGCCGCGGTAA) and 907R (CCGTCAATTCCTTTGAGTTT); Phusion High-Fidelity Master Mix, 30 cycles (98 °C 10 s, 50 °C 30 s, 72 °C 30 s); NEBNext Ultra II FS DNA PCR-free Library Prep Kit with indexes; Novogene.				
M1.38.C17	PRJEB_TO_FILL	INSTRUMENT_TO_FILL	lib_M1.38.C17	METAGENOMIC	PCR	AMPLICON	PAIRED	392	Endpoint 16S rRNA V4-V5 amplicon of a defined bacterial community after 48 h under a factorial temperature x pH x salinity regime.	V4-V5 16S rRNA gene amplified with 515F (GTGCCAGCMGCCGCGGTAA) and 907R (CCGTCAATTCCTTTGAGTTT); Phusion High-Fidelity Master Mix, 30 cycles (98 °C 10 s, 50 °C 30 s, 72 °C 30 s); NEBNext Ultra II FS DNA PCR-free Library Prep Kit with indexes; Novogene.				
M1.38.C18	PRJEB_TO_FILL	INSTRUMENT_TO_FILL	lib_M1.38.C18	METAGENOMIC	PCR	AMPLICON	PAIRED	392	Endpoint 16S rRNA V4-V5 amplicon of a defined bacterial community after 48 h under a factorial temperature x pH x salinity regime.	V4-V5 16S rRNA gene amplified with 515F (GTGCCAGCMGCCGCGGTAA) and 907R (CCGTCAATTCCTTTGAGTTT); Phusion High-Fidelity Master Mix, 30 cycles (98 °C 10 s, 50 °C 30 s, 72 °C 30 s); NEBNext Ultra II FS DNA PCR-free Library Prep Kit with indexes; Novogene.				
M1.38.C19	PRJEB_TO_FILL	INSTRUMENT_TO_FILL	lib_M1.38.C19	METAGENOMIC	PCR	AMPLICON	PAIRED	392	Endpoint 16S rRNA V4-V5 amplicon of a defined bacterial community after 48 h under a factorial temperature x pH x salinity regime.	V4-V5 16S rRNA gene amplified with 515F (GTGCCAGCMGCCGCGGTAA) and 907R (CCGTCAATTCCTTTGAGTTT); Phusion High-Fidelity Master Mix, 30 cycles (98 °C 10 s, 50 °C 30 s, 72 °C 30 s); NEBNext Ultra II FS DNA PCR-free Library Prep Kit with indexes; Novogene.				
M1.38.C2	PRJEB_TO_FILL	INSTRUMENT_TO_FILL	lib_M1.38.C2	METAGENOMIC	PCR	AMPLICON	PAIRED	392	Endpoint 16S rRNA V4-V5 amplicon of a defined bacterial community after 48 h under a factorial temperature x pH x salinity regime.	V4-V5 16S rRNA gene amplified with 515F (GTGCCAGCMGCCGCGGTAA) and 907R (CCGTCAATTCCTTTGAGTTT); Phusion High-Fidelity Master Mix, 30 cycles (98 °C 10 s, 50 °C 30 s, 72 °C 30 s); NEBNext Ultra II FS DNA PCR-free Library Prep Kit with indexes; Novogene.				
M1.38.C20	PRJEB_TO_FILL	INSTRUMENT_TO_FILL	lib_M1.38.C20	METAGENOMIC	PCR	AMPLICON	PAIRED	392	Endpoint 16S rRNA V4-V5 amplicon of a defined bacterial community after 48 h under a factorial temperature x pH x salinity regime.	V4-V5 16S rRNA gene amplified with 515F (GTGCCAGCMGCCGCGGTAA) and 907R (CCGTCAATTCCTTTGAGTTT); Phusion High-Fidelity Master Mix, 30 cycles (98 °C 10 s, 50 °C 30 s, 72 °C 30 s); NEBNext Ultra II FS DNA PCR-free Library Prep Kit with indexes; Novogene.				
M1.38.C21	PRJEB_TO_FILL	INSTRUMENT_TO_FILL	lib_M1.38.C21	METAGENOMIC	PCR	AMPLICON	PAIRED	392	Endpoint 16S rRNA V4-V5 amplicon of a defined bacterial community after 48 h under a factorial temperature x pH x salinity regime.	V4-V5 16S rRNA gene amplified with 515F (GTGCCAGCMGCCGCGGTAA) and 907R (CCGTCAATTCCTTTGAGTTT); Phusion High-Fidelity Master Mix, 30 cycles (98 °C 10 s, 50 °C 30 s, 72 °C 30 s); NEBNext Ultra II FS DNA PCR-free Library Prep Kit with indexes; Novogene.				
M1.38.C22	PRJEB_TO_FILL	INSTRUMENT_TO_FILL	lib_M1.38.C22	METAGENOMIC	PCR	AMPLICON	PAIRED	392	Endpoint 16S rRNA V4-V5 amplicon of a defined bacterial community after 48 h under a factorial temperature x pH x salinity regime.	V4-V5 16S rRNA gene amplified with 515F (GTGCCAGCMGCCGCGGTAA) and 907R (CCGTCAATTCCTTTGAGTTT); Phusion High-Fidelity Master Mix, 30 cycles (98 °C 10 s, 50 °C 30 s, 72 °C 30 s); NEBNext Ultra II FS DNA PCR-free Library Prep Kit with indexes; Novogene.				
M1.38.C3	PRJEB_TO_FILL	INSTRUMENT_TO_FILL	lib_M1.38.C3	METAGENOMIC	PCR	AMPLICON	PAIRED	392	Endpoint 16S rRNA V4-V5 amplicon of a defined bacterial community after 48 h under a factorial temperature x pH x salinity regime.	V4-V5 16S rRNA gene amplified with 515F (GTGCCAGCMGCCGCGGTAA) and 907R (CCGTCAATTCCTTTGAGTTT); Phusion High-Fidelity Master Mix, 30 cycles (98 °C 10 s, 50 °C 30 s, 72 °C 30 s); NEBNext Ultra II FS DNA PCR-free Library Prep Kit with indexes; Novogene.				
M1.38.C4	PRJEB_TO_FILL	INSTRUMENT_TO_FILL	lib_M1.38.C4	METAGENOMIC	PCR	AMPLICON	PAIRED	392	Endpoint 16S rRNA V4-V5 amplicon of a defined bacterial community after 48 h under a factorial temperature x pH x salinity regime.	V4-V5 16S rRNA gene amplified with 515F (GTGCCAGCMGCCGCGGTAA) and 907R (CCGTCAATTCCTTTGAGTTT); Phusion High-Fidelity Master Mix, 30 cycles (98 °C 10 s, 50 °C 30 s, 72 °C 30 s); NEBNext Ultra II FS DNA PCR-free Library Prep Kit with indexes; Novogene.				
M1.38.C5	PRJEB_TO_FILL	INSTRUMENT_TO_FILL	lib_M1.38.C5	METAGENOMIC	PCR	AMPLICON	PAIRED	392	Endpoint 16S rRNA V4-V5 amplicon of a defined bacterial community after 48 h under a factorial temperature x pH x salinity regime.	V4-V5 16S rRNA gene amplified with 515F (GTGCCAGCMGCCGCGGTAA) and 907R (CCGTCAATTCCTTTGAGTTT); Phusion High-Fidelity Master Mix, 30 cycles (98 °C 10 s, 50 °C 30 s, 72 °C 30 s); NEBNext Ultra II FS DNA PCR-free Library Prep Kit with indexes; Novogene.				
M1.38.C6	PRJEB_TO_FILL	INSTRUMENT_TO_FILL	lib_M1.38.C6	METAGENOMIC	PCR	AMPLICON	PAIRED	392	Endpoint 16S rRNA V4-V5 amplicon of a defined bacterial community after 48 h under a factorial temperature x pH x salinity regime.	V4-V5 16S rRNA gene amplified with 515F (GTGCCAGCMGCCGCGGTAA) and 907R (CCGTCAATTCCTTTGAGTTT); Phusion High-Fidelity Master Mix, 30 cycles (98 °C 10 s, 50 °C 30 s, 72 °C 30 s); NEBNext Ultra II FS DNA PCR-free Library Prep Kit with indexes; Novogene.				
M1.38.C7	PRJEB_TO_FILL	INSTRUMENT_TO_FILL	lib_M1.38.C7	METAGENOMIC	PCR	AMPLICON	PAIRED	392	Endpoint 16S rRNA V4-V5 amplicon of a defined bacterial community after 48 h under a factorial temperature x pH x salinity regime.	V4-V5 16S rRNA gene amplified with 515F (GTGCCAGCMGCCGCGGTAA) and 907R (CCGTCAATTCCTTTGAGTTT); Phusion High-Fidelity Master Mix, 30 cycles (98 °C 10 s, 50 °C 30 s, 72 °C 30 s); NEBNext Ultra II FS DNA PCR-free Library Prep Kit with indexes; Novogene.				
M1.38.C8	PRJEB_TO_FILL	INSTRUMENT_TO_FILL	lib_M1.38.C8	METAGENOMIC	PCR	AMPLICON	PAIRED	392	Endpoint 16S rRNA V4-V5 amplicon of a defined bacterial community after 48 h under a factorial temperature x pH x salinity regime.	V4-V5 16S rRNA gene amplified with 515F (GTGCCAGCMGCCGCGGTAA) and 907R (CCGTCAATTCCTTTGAGTTT); Phusion High-Fidelity Master Mix, 30 cycles (98 °C 10 s, 50 °C 30 s, 72 °C 30 s); NEBNext Ultra II FS DNA PCR-free Library Prep Kit with indexes; Novogene.				
M1.38.C9	PRJEB_TO_FILL	INSTRUMENT_TO_FILL	lib_M1.38.C9	METAGENOMIC	PCR	AMPLICON	PAIRED	392	Endpoint 16S rRNA V4-V5 amplicon of a defined bacterial community after 48 h under a factorial temperature x pH x salinity regime.	V4-V5 16S rRNA gene amplified with 515F (GTGCCAGCMGCCGCGGTAA) and 907R (CCGTCAATTCCTTTGAGTTT); Phusion High-Fidelity Master Mix, 30 cycles (98 °C 10 s, 50 °C 30 s, 72 °C 30 s); NEBNext Ultra II FS DNA PCR-free Library Prep Kit with indexes; Novogene.				
M2.20.C1	PRJEB_TO_FILL	INSTRUMENT_TO_FILL	lib_M2.20.C1	METAGENOMIC	PCR	AMPLICON	PAIRED	392	Endpoint 16S rRNA V4-V5 amplicon of a defined bacterial community after 48 h under a factorial temperature x pH x salinity regime.	V4-V5 16S rRNA gene amplified with 515F (GTGCCAGCMGCCGCGGTAA) and 907R (CCGTCAATTCCTTTGAGTTT); Phusion High-Fidelity Master Mix, 30 cycles (98 °C 10 s, 50 °C 30 s, 72 °C 30 s); NEBNext Ultra II FS DNA PCR-free Library Prep Kit with indexes; Novogene.				
M2.20.C10	PRJEB_TO_FILL	INSTRUMENT_TO_FILL	lib_M2.20.C10	METAGENOMIC	PCR	AMPLICON	PAIRED	392	Endpoint 16S rRNA V4-V5 amplicon of a defined bacterial community after 48 h under a factorial temperature x pH x salinity regime.	V4-V5 16S rRNA gene amplified with 515F (GTGCCAGCMGCCGCGGTAA) and 907R (CCGTCAATTCCTTTGAGTTT); Phusion High-Fidelity Master Mix, 30 cycles (98 °C 10 s, 50 °C 30 s, 72 °C 30 s); NEBNext Ultra II FS DNA PCR-free Library Prep Kit with indexes; Novogene.				
M2.20.C11	PRJEB_TO_FILL	INSTRUMENT_TO_FILL	lib_M2.20.C11	METAGENOMIC	PCR	AMPLICON	PAIRED	392	Endpoint 16S rRNA V4-V5 amplicon of a defined bacterial community after 48 h under a factorial temperature x pH x salinity regime.	V4-V5 16S rRNA gene amplified with 515F (GTGCCAGCMGCCGCGGTAA) and 907R (CCGTCAATTCCTTTGAGTTT); Phusion High-Fidelity Master Mix, 30 cycles (98 °C 10 s, 50 °C 30 s, 72 °C 30 s); NEBNext Ultra II FS DNA PCR-free Library Prep Kit with indexes; Novogene.				
M2.20.C12	PRJEB_TO_FILL	INSTRUMENT_TO_FILL	lib_M2.20.C12	METAGENOMIC	PCR	AMPLICON	PAIRED	392	Endpoint 16S rRNA V4-V5 amplicon of a defined bacterial community after 48 h under a factorial temperature x pH x salinity regime.	V4-V5 16S rRNA gene amplified with 515F (GTGCCAGCMGCCGCGGTAA) and 907R (CCGTCAATTCCTTTGAGTTT); Phusion High-Fidelity Master Mix, 30 cycles (98 °C 10 s, 50 °C 30 s, 72 °C 30 s); NEBNext Ultra II FS DNA PCR-free Library Prep Kit with indexes; Novogene.				
M2.20.C13	PRJEB_TO_FILL	INSTRUMENT_TO_FILL	lib_M2.20.C13	METAGENOMIC	PCR	AMPLICON	PAIRED	392	Endpoint 16S rRNA V4-V5 amplicon of a defined bacterial community after 48 h under a factorial temperature x pH x salinity regime.	V4-V5 16S rRNA gene amplified with 515F (GTGCCAGCMGCCGCGGTAA) and 907R (CCGTCAATTCCTTTGAGTTT); Phusion High-Fidelity Master Mix, 30 cycles (98 °C 10 s, 50 °C 30 s, 72 °C 30 s); NEBNext Ultra II FS DNA PCR-free Library Prep Kit with indexes; Novogene.				
M2.20.C14	PRJEB_TO_FILL	INSTRUMENT_TO_FILL	lib_M2.20.C14	METAGENOMIC	PCR	AMPLICON	PAIRED	392	Endpoint 16S rRNA V4-V5 amplicon of a defined bacterial community after 48 h under a factorial temperature x pH x salinity regime.	V4-V5 16S rRNA gene amplified with 515F (GTGCCAGCMGCCGCGGTAA) and 907R (CCGTCAATTCCTTTGAGTTT); Phusion High-Fidelity Master Mix, 30 cycles (98 °C 10 s, 50 °C 30 s, 72 °C 30 s); NEBNext Ultra II FS DNA PCR-free Library Prep Kit with indexes; Novogene.				
M2.20.C15	PRJEB_TO_FILL	INSTRUMENT_TO_FILL	lib_M2.20.C15	METAGENOMIC	PCR	AMPLICON	PAIRED	392	Endpoint 16S rRNA V4-V5 amplicon of a defined bacterial community after 48 h under a factorial temperature x pH x salinity regime.	V4-V5 16S rRNA gene amplified with 515F (GTGCCAGCMGCCGCGGTAA) and 907R (CCGTCAATTCCTTTGAGTTT); Phusion High-Fidelity Master Mix, 30 cycles (98 °C 10 s, 50 °C 30 s, 72 °C 30 s); NEBNext Ultra II FS DNA PCR-free Library Prep Kit with indexes; Novogene.				
M2.20.C16	PRJEB_TO_FILL	INSTRUMENT_TO_FILL	lib_M2.20.C16	METAGENOMIC	PCR	AMPLICON	PAIRED	392	Endpoint 16S rRNA V4-V5 amplicon of a defined bacterial community after 48 h under a factorial temperature x pH x salinity regime.	V4-V5 16S rRNA gene amplified with 515F (GTGCCAGCMGCCGCGGTAA) and 907R (CCGTCAATTCCTTTGAGTTT); Phusion High-Fidelity Master Mix, 30 cycles (98 °C 10 s, 50 °C 30 s, 72 °C 30 s); NEBNext Ultra II FS DNA PCR-free Library Prep Kit with indexes; Novogene.				
M2.20.C17	PRJEB_TO_FILL	INSTRUMENT_TO_FILL	lib_M2.20.C17	METAGENOMIC	PCR	AMPLICON	PAIRED	392	Endpoint 16S rRNA V4-V5 amplicon of a defined bacterial community after 48 h under a factorial temperature x pH x salinity regime.	V4-V5 16S rRNA gene amplified with 515F (GTGCCAGCMGCCGCGGTAA) and 907R (CCGTCAATTCCTTTGAGTTT); Phusion High-Fidelity Master Mix, 30 cycles (98 °C 10 s, 50 °C 30 s, 72 °C 30 s); NEBNext Ultra II FS DNA PCR-free Library Prep Kit with indexes; Novogene.				
M2.20.C18	PRJEB_TO_FILL	INSTRUMENT_TO_FILL	lib_M2.20.C18	METAGENOMIC	PCR	AMPLICON	PAIRED	392	Endpoint 16S rRNA V4-V5 amplicon of a defined bacterial community after 48 h under a factorial temperature x pH x salinity regime.	V4-V5 16S rRNA gene amplified with 515F (GTGCCAGCMGCCGCGGTAA) and 907R (CCGTCAATTCCTTTGAGTTT); Phusion High-Fidelity Master Mix, 30 cycles (98 °C 10 s, 50 °C 30 s, 72 °C 30 s); NEBNext Ultra II FS DNA PCR-free Library Prep Kit with indexes; Novogene.				
M2.20.C19	PRJEB_TO_FILL	INSTRUMENT_TO_FILL	lib_M2.20.C19	METAGENOMIC	PCR	AMPLICON	PAIRED	392	Endpoint 16S rRNA V4-V5 amplicon of a defined bacterial community after 48 h under a factorial temperature x pH x salinity regime.	V4-V5 16S rRNA gene amplified with 515F (GTGCCAGCMGCCGCGGTAA) and 907R (CCGTCAATTCCTTTGAGTTT); Phusion High-Fidelity Master Mix, 30 cycles (98 °C 10 s, 50 °C 30 s, 72 °C 30 s); NEBNext Ultra II FS DNA PCR-free Library Prep Kit with indexes; Novogene.				
M2.20.C2	PRJEB_TO_FILL	INSTRUMENT_TO_FILL	lib_M2.20.C2	METAGENOMIC	PCR	AMPLICON	PAIRED	392	Endpoint 16S rRNA V4-V5 amplicon of a defined bacterial community after 48 h under a factorial temperature x pH x salinity regime.	V4-V5 16S rRNA gene amplified with 515F (GTGCCAGCMGCCGCGGTAA) and 907R (CCGTCAATTCCTTTGAGTTT); Phusion High-Fidelity Master Mix, 30 cycles (98 °C 10 s, 50 °C 30 s, 72 °C 30 s); NEBNext Ultra II FS DNA PCR-free Library Prep Kit with indexes; Novogene.				
M2.20.C20	PRJEB_TO_FILL	INSTRUMENT_TO_FILL	lib_M2.20.C20	METAGENOMIC	PCR	AMPLICON	PAIRED	392	Endpoint 16S rRNA V4-V5 amplicon of a defined bacterial community after 48 h under a factorial temperature x pH x salinity regime.	V4-V5 16S rRNA gene amplified with 515F (GTGCCAGCMGCCGCGGTAA) and 907R (CCGTCAATTCCTTTGAGTTT); Phusion High-Fidelity Master Mix, 30 cycles (98 °C 10 s, 50 °C 30 s, 72 °C 30 s); NEBNext Ultra II FS DNA PCR-free Library Prep Kit with indexes; Novogene.				
M2.20.C21	PRJEB_TO_FILL	INSTRUMENT_TO_FILL	lib_M2.20.C21	METAGENOMIC	PCR	AMPLICON	PAIRED	392	Endpoint 16S rRNA V4-V5 amplicon of a defined bacterial community after 48 h under a factorial temperature x pH x salinity regime.	V4-V5 16S rRNA gene amplified with 515F (GTGCCAGCMGCCGCGGTAA) and 907R (CCGTCAATTCCTTTGAGTTT); Phusion High-Fidelity Master Mix, 30 cycles (98 °C 10 s, 50 °C 30 s, 72 °C 30 s); NEBNext Ultra II FS DNA PCR-free Library Prep Kit with indexes; Novogene.				
M2.20.C22	PRJEB_TO_FILL	INSTRUMENT_TO_FILL	lib_M2.20.C22	METAGENOMIC	PCR	AMPLICON	PAIRED	392	Endpoint 16S rRNA V4-V5 amplicon of a defined bacterial community after 48 h under a factorial temperature x pH x salinity regime.	V4-V5 16S rRNA gene amplified with 515F (GTGCCAGCMGCCGCGGTAA) and 907R (CCGTCAATTCCTTTGAGTTT); Phusion High-Fidelity Master Mix, 30 cycles (98 °C 10 s, 50 °C 30 s, 72 °C 30 s); NEBNext Ultra II FS DNA PCR-free Library Prep Kit with indexes; Novogene.				
M2.20.C3	PRJEB_TO_FILL	INSTRUMENT_TO_FILL	lib_M2.20.C3	METAGENOMIC	PCR	AMPLICON	PAIRED	392	Endpoint 16S rRNA V4-V5 amplicon of a defined bacterial community after 48 h under a factorial temperature x pH x salinity regime.	V4-V5 16S rRNA gene amplified with 515F (GTGCCAGCMGCCGCGGTAA) and 907R (CCGTCAATTCCTTTGAGTTT); Phusion High-Fidelity Master Mix, 30 cycles (98 °C 10 s, 50 °C 30 s, 72 °C 30 s); NEBNext Ultra II FS DNA PCR-free Library Prep Kit with indexes; Novogene.				
M2.20.C4	PRJEB_TO_FILL	INSTRUMENT_TO_FILL	lib_M2.20.C4	METAGENOMIC	PCR	AMPLICON	PAIRED	392	Endpoint 16S rRNA V4-V5 amplicon of a defined bacterial community after 48 h under a factorial temperature x pH x salinity regime.	V4-V5 16S rRNA gene amplified with 515F (GTGCCAGCMGCCGCGGTAA) and 907R (CCGTCAATTCCTTTGAGTTT); Phusion High-Fidelity Master Mix, 30 cycles (98 °C 10 s, 50 °C 30 s, 72 °C 30 s); NEBNext Ultra II FS DNA PCR-free Library Prep Kit with indexes; Novogene.				
M2.20.C5	PRJEB_TO_FILL	INSTRUMENT_TO_FILL	lib_M2.20.C5	METAGENOMIC	PCR	AMPLICON	PAIRED	392	Endpoint 16S rRNA V4-V5 amplicon of a defined bacterial community after 48 h under a factorial temperature x pH x salinity regime.	V4-V5 16S rRNA gene amplified with 515F (GTGCCAGCMGCCGCGGTAA) and 907R (CCGTCAATTCCTTTGAGTTT); Phusion High-Fidelity Master Mix, 30 cycles (98 °C 10 s, 50 °C 30 s, 72 °C 30 s); NEBNext Ultra II FS DNA PCR-free Library Prep Kit with indexes; Novogene.				
M2.20.C6	PRJEB_TO_FILL	INSTRUMENT_TO_FILL	lib_M2.20.C6	METAGENOMIC	PCR	AMPLICON	PAIRED	392	Endpoint 16S rRNA V4-V5 amplicon of a defined bacterial community after 48 h under a factorial temperature x pH x salinity regime.	V4-V5 16S rRNA gene amplified with 515F (GTGCCAGCMGCCGCGGTAA) and 907R (CCGTCAATTCCTTTGAGTTT); Phusion High-Fidelity Master Mix, 30 cycles (98 °C 10 s, 50 °C 30 s, 72 °C 30 s); NEBNext Ultra II FS DNA PCR-free Library Prep Kit with indexes; Novogene.				
M2.20.C7	PRJEB_TO_FILL	INSTRUMENT_TO_FILL	lib_M2.20.C7	METAGENOMIC	PCR	AMPLICON	PAIRED	392	Endpoint 16S rRNA V4-V5 amplicon of a defined bacterial community after 48 h under a factorial temperature x pH x salinity regime.	V4-V5 16S rRNA gene amplified with 515F (GTGCCAGCMGCCGCGGTAA) and 907R (CCGTCAATTCCTTTGAGTTT); Phusion High-Fidelity Master Mix, 30 cycles (98 °C 10 s, 50 °C 30 s, 72 °C 30 s); NEBNext Ultra II FS DNA PCR-free Library Prep Kit with indexes; Novogene.				
M2.20.C8	PRJEB_TO_FILL	INSTRUMENT_TO_FILL	lib_M2.20.C8	METAGENOMIC	PCR	AMPLICON	PAIRED	392	Endpoint 16S rRNA V4-V5 amplicon of a defined bacterial community after 48 h under a factorial temperature x pH x salinity regime.	V4-V5 16S rRNA gene amplified with 515F (GTGCCAGCMGCCGCGGTAA) and 907R (CCGTCAATTCCTTTGAGTTT); Phusion High-Fidelity Master Mix, 30 cycles (98 °C 10 s, 50 °C 30 s, 72 °C 30 s); NEBNext Ultra II FS DNA PCR-free Library Prep Kit with indexes; Novogene.				
M2.20.C9	PRJEB_TO_FILL	INSTRUMENT_TO_FILL	lib_M2.20.C9	METAGENOMIC	PCR	AMPLICON	PAIRED	392	Endpoint 16S rRNA V4-V5 amplicon of a defined bacterial community after 48 h under a factorial temperature x pH x salinity regime.	V4-V5 16S rRNA gene amplified with 515F (GTGCCAGCMGCCGCGGTAA) and 907R (CCGTCAATTCCTTTGAGTTT); Phusion High-Fidelity Master Mix, 30 cycles (98 °C 10 s, 50 °C 30 s, 72 °C 30 s); NEBNext Ultra II FS DNA PCR-free Library Prep Kit with indexes; Novogene.				
M2.38.C1	PRJEB_TO_FILL	INSTRUMENT_TO_FILL	lib_M2.38.C1	METAGENOMIC	PCR	AMPLICON	PAIRED	392	Endpoint 16S rRNA V4-V5 amplicon of a defined bacterial community after 48 h under a factorial temperature x pH x salinity regime.	V4-V5 16S rRNA gene amplified with 515F (GTGCCAGCMGCCGCGGTAA) and 907R (CCGTCAATTCCTTTGAGTTT); Phusion High-Fidelity Master Mix, 30 cycles (98 °C 10 s, 50 °C 30 s, 72 °C 30 s); NEBNext Ultra II FS DNA PCR-free Library Prep Kit with indexes; Novogene.				
M2.38.C10	PRJEB_TO_FILL	INSTRUMENT_TO_FILL	lib_M2.38.C10	METAGENOMIC	PCR	AMPLICON	PAIRED	392	Endpoint 16S rRNA V4-V5 amplicon of a defined bacterial community after 48 h under a factorial temperature x pH x salinity regime.	V4-V5 16S rRNA gene amplified with 515F (GTGCCAGCMGCCGCGGTAA) and 907R (CCGTCAATTCCTTTGAGTTT); Phusion High-Fidelity Master Mix, 30 cycles (98 °C 10 s, 50 °C 30 s, 72 °C 30 s); NEBNext Ultra II FS DNA PCR-free Library Prep Kit with indexes; Novogene.				
M2.38.C11	PRJEB_TO_FILL	INSTRUMENT_TO_FILL	lib_M2.38.C11	METAGENOMIC	PCR	AMPLICON	PAIRED	392	Endpoint 16S rRNA V4-V5 amplicon of a defined bacterial community after 48 h under a factorial temperature x pH x salinity regime.	V4-V5 16S rRNA gene amplified with 515F (GTGCCAGCMGCCGCGGTAA) and 907R (CCGTCAATTCCTTTGAGTTT); Phusion High-Fidelity Master Mix, 30 cycles (98 °C 10 s, 50 °C 30 s, 72 °C 30 s); NEBNext Ultra II FS DNA PCR-free Library Prep Kit with indexes; Novogene.				
M2.38.C12	PRJEB_TO_FILL	INSTRUMENT_TO_FILL	lib_M2.38.C12	METAGENOMIC	PCR	AMPLICON	PAIRED	392	Endpoint 16S rRNA V4-V5 amplicon of a defined bacterial community after 48 h under a factorial temperature x pH x salinity regime.	V4-V5 16S rRNA gene amplified with 515F (GTGCCAGCMGCCGCGGTAA) and 907R (CCGTCAATTCCTTTGAGTTT); Phusion High-Fidelity Master Mix, 30 cycles (98 °C 10 s, 50 °C 30 s, 72 °C 30 s); NEBNext Ultra II FS DNA PCR-free Library Prep Kit with indexes; Novogene.				
M2.38.C13	PRJEB_TO_FILL	INSTRUMENT_TO_FILL	lib_M2.38.C13	METAGENOMIC	PCR	AMPLICON	PAIRED	392	Endpoint 16S rRNA V4-V5 amplicon of a defined bacterial community after 48 h under a factorial temperature x pH x salinity regime.	V4-V5 16S rRNA gene amplified with 515F (GTGCCAGCMGCCGCGGTAA) and 907R (CCGTCAATTCCTTTGAGTTT); Phusion High-Fidelity Master Mix, 30 cycles (98 °C 10 s, 50 °C 30 s, 72 °C 30 s); NEBNext Ultra II FS DNA PCR-free Library Prep Kit with indexes; Novogene.				
M2.38.C14	PRJEB_TO_FILL	INSTRUMENT_TO_FILL	lib_M2.38.C14	METAGENOMIC	PCR	AMPLICON	PAIRED	392	Endpoint 16S rRNA V4-V5 amplicon of a defined bacterial community after 48 h under a factorial temperature x pH x salinity regime.	V4-V5 16S rRNA gene amplified with 515F (GTGCCAGCMGCCGCGGTAA) and 907R (CCGTCAATTCCTTTGAGTTT); Phusion High-Fidelity Master Mix, 30 cycles (98 °C 10 s, 50 °C 30 s, 72 °C 30 s); NEBNext Ultra II FS DNA PCR-free Library Prep Kit with indexes; Novogene.				
M2.38.C15	PRJEB_TO_FILL	INSTRUMENT_TO_FILL	lib_M2.38.C15	METAGENOMIC	PCR	AMPLICON	PAIRED	392	Endpoint 16S rRNA V4-V5 amplicon of a defined bacterial community after 48 h under a factorial temperature x pH x salinity regime.	V4-V5 16S rRNA gene amplified with 515F (GTGCCAGCMGCCGCGGTAA) and 907R (CCGTCAATTCCTTTGAGTTT); Phusion High-Fidelity Master Mix, 30 cycles (98 °C 10 s, 50 °C 30 s, 72 °C 30 s); NEBNext Ultra II FS DNA PCR-free Library Prep Kit with indexes; Novogene.				
M2.38.C16	PRJEB_TO_FILL	INSTRUMENT_TO_FILL	lib_M2.38.C16	METAGENOMIC	PCR	AMPLICON	PAIRED	392	Endpoint 16S rRNA V4-V5 amplicon of a defined bacterial community after 48 h under a factorial temperature x pH x salinity regime.	V4-V5 16S rRNA gene amplified with 515F (GTGCCAGCMGCCGCGGTAA) and 907R (CCGTCAATTCCTTTGAGTTT); Phusion High-Fidelity Master Mix, 30 cycles (98 °C 10 s, 50 °C 30 s, 72 °C 30 s); NEBNext Ultra II FS DNA PCR-free Library Prep Kit with indexes; Novogene.				
M2.38.C17	PRJEB_TO_FILL	INSTRUMENT_TO_FILL	lib_M2.38.C17	METAGENOMIC	PCR	AMPLICON	PAIRED	392	Endpoint 16S rRNA V4-V5 amplicon of a defined bacterial community after 48 h under a factorial temperature x pH x salinity regime.	V4-V5 16S rRNA gene amplified with 515F (GTGCCAGCMGCCGCGGTAA) and 907R (CCGTCAATTCCTTTGAGTTT); Phusion High-Fidelity Master Mix, 30 cycles (98 °C 10 s, 50 °C 30 s, 72 °C 30 s); NEBNext Ultra II FS DNA PCR-free Library Prep Kit with indexes; Novogene.				
M2.38.C18	PRJEB_TO_FILL	INSTRUMENT_TO_FILL	lib_M2.38.C18	METAGENOMIC	PCR	AMPLICON	PAIRED	392	Endpoint 16S rRNA V4-V5 amplicon of a defined bacterial community after 48 h under a factorial temperature x pH x salinity regime.	V4-V5 16S rRNA gene amplified with 515F (GTGCCAGCMGCCGCGGTAA) and 907R (CCGTCAATTCCTTTGAGTTT); Phusion High-Fidelity Master Mix, 30 cycles (98 °C 10 s, 50 °C 30 s, 72 °C 30 s); NEBNext Ultra II FS DNA PCR-free Library Prep Kit with indexes; Novogene.				
M2.38.C19	PRJEB_TO_FILL	INSTRUMENT_TO_FILL	lib_M2.38.C19	METAGENOMIC	PCR	AMPLICON	PAIRED	392	Endpoint 16S rRNA V4-V5 amplicon of a defined bacterial community after 48 h under a factorial temperature x pH x salinity regime.	V4-V5 16S rRNA gene amplified with 515F (GTGCCAGCMGCCGCGGTAA) and 907R (CCGTCAATTCCTTTGAGTTT); Phusion High-Fidelity Master Mix, 30 cycles (98 °C 10 s, 50 °C 30 s, 72 °C 30 s); NEBNext Ultra II FS DNA PCR-free Library Prep Kit with indexes; Novogene.				
M2.38.C2	PRJEB_TO_FILL	INSTRUMENT_TO_FILL	lib_M2.38.C2	METAGENOMIC	PCR	AMPLICON	PAIRED	392	Endpoint 16S rRNA V4-V5 amplicon of a defined bacterial community after 48 h under a factorial temperature x pH x salinity regime.	V4-V5 16S rRNA gene amplified with 515F (GTGCCAGCMGCCGCGGTAA) and 907R (CCGTCAATTCCTTTGAGTTT); Phusion High-Fidelity Master Mix, 30 cycles (98 °C 10 s, 50 °C 30 s, 72 °C 30 s); NEBNext Ultra II FS DNA PCR-free Library Prep Kit with indexes; Novogene.				
M2.38.C20	PRJEB_TO_FILL	INSTRUMENT_TO_FILL	lib_M2.38.C20	METAGENOMIC	PCR	AMPLICON	PAIRED	392	Endpoint 16S rRNA V4-V5 amplicon of a defined bacterial community after 48 h under a factorial temperature x pH x salinity regime.	V4-V5 16S rRNA gene amplified with 515F (GTGCCAGCMGCCGCGGTAA) and 907R (CCGTCAATTCCTTTGAGTTT); Phusion High-Fidelity Master Mix, 30 cycles (98 °C 10 s, 50 °C 30 s, 72 °C 30 s); NEBNext Ultra II FS DNA PCR-free Library Prep Kit with indexes; Novogene.				
M2.38.C21	PRJEB_TO_FILL	INSTRUMENT_TO_FILL	lib_M2.38.C21	METAGENOMIC	PCR	AMPLICON	PAIRED	392	Endpoint 16S rRNA V4-V5 amplicon of a defined bacterial community after 48 h under a factorial temperature x pH x salinity regime.	V4-V5 16S rRNA gene amplified with 515F (GTGCCAGCMGCCGCGGTAA) and 907R (CCGTCAATTCCTTTGAGTTT); Phusion High-Fidelity Master Mix, 30 cycles (98 °C 10 s, 50 °C 30 s, 72 °C 30 s); NEBNext Ultra II FS DNA PCR-free Library Prep Kit with indexes; Novogene.				
M2.38.C22	PRJEB_TO_FILL	INSTRUMENT_TO_FILL	lib_M2.38.C22	METAGENOMIC	PCR	AMPLICON	PAIRED	392	Endpoint 16S rRNA V4-V5 amplicon of a defined bacterial community after 48 h under a factorial temperature x pH x salinity regime.	V4-V5 16S rRNA gene amplified with 515F (GTGCCAGCMGCCGCGGTAA) and 907R (CCGTCAATTCCTTTGAGTTT); Phusion High-Fidelity Master Mix, 30 cycles (98 °C 10 s, 50 °C 30 s, 72 °C 30 s); NEBNext Ultra II FS DNA PCR-free Library Prep Kit with indexes; Novogene.				
M2.38.C3	PRJEB_TO_FILL	INSTRUMENT_TO_FILL	lib_M2.38.C3	METAGENOMIC	PCR	AMPLICON	PAIRED	392	Endpoint 16S rRNA V4-V5 amplicon of a defined bacterial community after 48 h under a factorial temperature x pH x salinity regime.	V4-V5 16S rRNA gene amplified with 515F (GTGCCAGCMGCCGCGGTAA) and 907R (CCGTCAATTCCTTTGAGTTT); Phusion High-Fidelity Master Mix, 30 cycles (98 °C 10 s, 50 °C 30 s, 72 °C 30 s); NEBNext Ultra II FS DNA PCR-free Library Prep Kit with indexes; Novogene.				
M2.38.C4	PRJEB_TO_FILL	INSTRUMENT_TO_FILL	lib_M2.38.C4	METAGENOMIC	PCR	AMPLICON	PAIRED	392	Endpoint 16S rRNA V4-V5 amplicon of a defined bacterial community after 48 h under a factorial temperature x pH x salinity regime.	V4-V5 16S rRNA gene amplified with 515F (GTGCCAGCMGCCGCGGTAA) and 907R (CCGTCAATTCCTTTGAGTTT); Phusion High-Fidelity Master Mix, 30 cycles (98 °C 10 s, 50 °C 30 s, 72 °C 30 s); NEBNext Ultra II FS DNA PCR-free Library Prep Kit with indexes; Novogene.				
M2.38.C5	PRJEB_TO_FILL	INSTRUMENT_TO_FILL	lib_M2.38.C5	METAGENOMIC	PCR	AMPLICON	PAIRED	392	Endpoint 16S rRNA V4-V5 amplicon of a defined bacterial community after 48 h under a factorial temperature x pH x salinity regime.	V4-V5 16S rRNA gene amplified with 515F (GTGCCAGCMGCCGCGGTAA) and 907R (CCGTCAATTCCTTTGAGTTT); Phusion High-Fidelity Master Mix, 30 cycles (98 °C 10 s, 50 °C 30 s, 72 °C 30 s); NEBNext Ultra II FS DNA PCR-free Library Prep Kit with indexes; Novogene.				
M2.38.C6	PRJEB_TO_FILL	INSTRUMENT_TO_FILL	lib_M2.38.C6	METAGENOMIC	PCR	AMPLICON	PAIRED	392	Endpoint 16S rRNA V4-V5 amplicon of a defined bacterial community after 48 h under a factorial temperature x pH x salinity regime.	V4-V5 16S rRNA gene amplified with 515F (GTGCCAGCMGCCGCGGTAA) and 907R (CCGTCAATTCCTTTGAGTTT); Phusion High-Fidelity Master Mix, 30 cycles (98 °C 10 s, 50 °C 30 s, 72 °C 30 s); NEBNext Ultra II FS DNA PCR-free Library Prep Kit with indexes; Novogene.				
M2.38.C7	PRJEB_TO_FILL	INSTRUMENT_TO_FILL	lib_M2.38.C7	METAGENOMIC	PCR	AMPLICON	PAIRED	392	Endpoint 16S rRNA V4-V5 amplicon of a defined bacterial community after 48 h under a factorial temperature x pH x salinity regime.	V4-V5 16S rRNA gene amplified with 515F (GTGCCAGCMGCCGCGGTAA) and 907R (CCGTCAATTCCTTTGAGTTT); Phusion High-Fidelity Master Mix, 30 cycles (98 °C 10 s, 50 °C 30 s, 72 °C 30 s); NEBNext Ultra II FS DNA PCR-free Library Prep Kit with indexes; Novogene.				
M2.38.C8	PRJEB_TO_FILL	INSTRUMENT_TO_FILL	lib_M2.38.C8	METAGENOMIC	PCR	AMPLICON	PAIRED	392	Endpoint 16S rRNA V4-V5 amplicon of a defined bacterial community after 48 h under a factorial temperature x pH x salinity regime.	V4-V5 16S rRNA gene amplified with 515F (GTGCCAGCMGCCGCGGTAA) and 907R (CCGTCAATTCCTTTGAGTTT); Phusion High-Fidelity Master Mix, 30 cycles (98 °C 10 s, 50 °C 30 s, 72 °C 30 s); NEBNext Ultra II FS DNA PCR-free Library Prep Kit with indexes; Novogene.				
M2.38.C9	PRJEB_TO_FILL	INSTRUMENT_TO_FILL	lib_M2.38.C9	METAGENOMIC	PCR	AMPLICON	PAIRED	392	Endpoint 16S rRNA V4-V5 amplicon of a defined bacterial community after 48 h under a factorial temperature x pH x salinity regime.	V4-V5 16S rRNA gene amplified with 515F (GTGCCAGCMGCCGCGGTAA) and 907R (CCGTCAATTCCTTTGAGTTT); Phusion High-Fidelity Master Mix, 30 cycles (98 °C 10 s, 50 °C 30 s, 72 °C 30 s); NEBNext Ultra II FS DNA PCR-free Library Prep Kit with indexes; Novogene.				
M3.20.C1	PRJEB_TO_FILL	INSTRUMENT_TO_FILL	lib_M3.20.C1	METAGENOMIC	PCR	AMPLICON	PAIRED	392	Endpoint 16S rRNA V4-V5 amplicon of a defined bacterial community after 48 h under a factorial temperature x pH x salinity regime.	V4-V5 16S rRNA gene amplified with 515F (GTGCCAGCMGCCGCGGTAA) and 907R (CCGTCAATTCCTTTGAGTTT); Phusion High-Fidelity Master Mix, 30 cycles (98 °C 10 s, 50 °C 30 s, 72 °C 30 s); NEBNext Ultra II FS DNA PCR-free Library Prep Kit with indexes; Novogene.				
M3.20.C10	PRJEB_TO_FILL	INSTRUMENT_TO_FILL	lib_M3.20.C10	METAGENOMIC	PCR	AMPLICON	PAIRED	392	Endpoint 16S rRNA V4-V5 amplicon of a defined bacterial community after 48 h under a factorial temperature x pH x salinity regime.	V4-V5 16S rRNA gene amplified with 515F (GTGCCAGCMGCCGCGGTAA) and 907R (CCGTCAATTCCTTTGAGTTT); Phusion High-Fidelity Master Mix, 30 cycles (98 °C 10 s, 50 °C 30 s, 72 °C 30 s); NEBNext Ultra II FS DNA PCR-free Library Prep Kit with indexes; Novogene.				
M3.20.C11	PRJEB_TO_FILL	INSTRUMENT_TO_FILL	lib_M3.20.C11	METAGENOMIC	PCR	AMPLICON	PAIRED	392	Endpoint 16S rRNA V4-V5 amplicon of a defined bacterial community after 48 h under a factorial temperature x pH x salinity regime.	V4-V5 16S rRNA gene amplified with 515F (GTGCCAGCMGCCGCGGTAA) and 907R (CCGTCAATTCCTTTGAGTTT); Phusion High-Fidelity Master Mix, 30 cycles (98 °C 10 s, 50 °C 30 s, 72 °C 30 s); NEBNext Ultra II FS DNA PCR-free Library Prep Kit with indexes; Novogene.				
M3.20.C12	PRJEB_TO_FILL	INSTRUMENT_TO_FILL	lib_M3.20.C12	METAGENOMIC	PCR	AMPLICON	PAIRED	392	Endpoint 16S rRNA V4-V5 amplicon of a defined bacterial community after 48 h under a factorial temperature x pH x salinity regime.	V4-V5 16S rRNA gene amplified with 515F (GTGCCAGCMGCCGCGGTAA) and 907R (CCGTCAATTCCTTTGAGTTT); Phusion High-Fidelity Master Mix, 30 cycles (98 °C 10 s, 50 °C 30 s, 72 °C 30 s); NEBNext Ultra II FS DNA PCR-free Library Prep Kit with indexes; Novogene.				
M3.20.C13	PRJEB_TO_FILL	INSTRUMENT_TO_FILL	lib_M3.20.C13	METAGENOMIC	PCR	AMPLICON	PAIRED	392	Endpoint 16S rRNA V4-V5 amplicon of a defined bacterial community after 48 h under a factorial temperature x pH x salinity regime.	V4-V5 16S rRNA gene amplified with 515F (GTGCCAGCMGCCGCGGTAA) and 907R (CCGTCAATTCCTTTGAGTTT); Phusion High-Fidelity Master Mix, 30 cycles (98 °C 10 s, 50 °C 30 s, 72 °C 30 s); NEBNext Ultra II FS DNA PCR-free Library Prep Kit with indexes; Novogene.				
M3.20.C14	PRJEB_TO_FILL	INSTRUMENT_TO_FILL	lib_M3.20.C14	METAGENOMIC	PCR	AMPLICON	PAIRED	392	Endpoint 16S rRNA V4-V5 amplicon of a defined bacterial community after 48 h under a factorial temperature x pH x salinity regime.	V4-V5 16S rRNA gene amplified with 515F (GTGCCAGCMGCCGCGGTAA) and 907R (CCGTCAATTCCTTTGAGTTT); Phusion High-Fidelity Master Mix, 30 cycles (98 °C 10 s, 50 °C 30 s, 72 °C 30 s); NEBNext Ultra II FS DNA PCR-free Library Prep Kit with indexes; Novogene.				
M3.20.C15	PRJEB_TO_FILL	INSTRUMENT_TO_FILL	lib_M3.20.C15	METAGENOMIC	PCR	AMPLICON	PAIRED	392	Endpoint 16S rRNA V4-V5 amplicon of a defined bacterial community after 48 h under a factorial temperature x pH x salinity regime.	V4-V5 16S rRNA gene amplified with 515F (GTGCCAGCMGCCGCGGTAA) and 907R (CCGTCAATTCCTTTGAGTTT); Phusion High-Fidelity Master Mix, 30 cycles (98 °C 10 s, 50 °C 30 s, 72 °C 30 s); NEBNext Ultra II FS DNA PCR-free Library Prep Kit with indexes; Novogene.				
M3.20.C16	PRJEB_TO_FILL	INSTRUMENT_TO_FILL	lib_M3.20.C16	METAGENOMIC	PCR	AMPLICON	PAIRED	392	Endpoint 16S rRNA V4-V5 amplicon of a defined bacterial community after 48 h under a factorial temperature x pH x salinity regime.	V4-V5 16S rRNA gene amplified with 515F (GTGCCAGCMGCCGCGGTAA) and 907R (CCGTCAATTCCTTTGAGTTT); Phusion High-Fidelity Master Mix, 30 cycles (98 °C 10 s, 50 °C 30 s, 72 °C 30 s); NEBNext Ultra II FS DNA PCR-free Library Prep Kit with indexes; Novogene.				
M3.20.C17	PRJEB_TO_FILL	INSTRUMENT_TO_FILL	lib_M3.20.C17	METAGENOMIC	PCR	AMPLICON	PAIRED	392	Endpoint 16S rRNA V4-V5 amplicon of a defined bacterial community after 48 h under a factorial temperature x pH x salinity regime.	V4-V5 16S rRNA gene amplified with 515F (GTGCCAGCMGCCGCGGTAA) and 907R (CCGTCAATTCCTTTGAGTTT); Phusion High-Fidelity Master Mix, 30 cycles (98 °C 10 s, 50 °C 30 s, 72 °C 30 s); NEBNext Ultra II FS DNA PCR-free Library Prep Kit with indexes; Novogene.				
M3.20.C18	PRJEB_TO_FILL	INSTRUMENT_TO_FILL	lib_M3.20.C18	METAGENOMIC	PCR	AMPLICON	PAIRED	392	Endpoint 16S rRNA V4-V5 amplicon of a defined bacterial community after 48 h under a factorial temperature x pH x salinity regime.	V4-V5 16S rRNA gene amplified with 515F (GTGCCAGCMGCCGCGGTAA) and 907R (CCGTCAATTCCTTTGAGTTT); Phusion High-Fidelity Master Mix, 30 cycles (98 °C 10 s, 50 °C 30 s, 72 °C 30 s); NEBNext Ultra II FS DNA PCR-free Library Prep Kit with indexes; Novogene.				
M3.20.C19	PRJEB_TO_FILL	INSTRUMENT_TO_FILL	lib_M3.20.C19	METAGENOMIC	PCR	AMPLICON	PAIRED	392	Endpoint 16S rRNA V4-V5 amplicon of a defined bacterial community after 48 h under a factorial temperature x pH x salinity regime.	V4-V5 16S rRNA gene amplified with 515F (GTGCCAGCMGCCGCGGTAA) and 907R (CCGTCAATTCCTTTGAGTTT); Phusion High-Fidelity Master Mix, 30 cycles (98 °C 10 s, 50 °C 30 s, 72 °C 30 s); NEBNext Ultra II FS DNA PCR-free Library Prep Kit with indexes; Novogene.				
M3.20.C2	PRJEB_TO_FILL	INSTRUMENT_TO_FILL	lib_M3.20.C2	METAGENOMIC	PCR	AMPLICON	PAIRED	392	Endpoint 16S rRNA V4-V5 amplicon of a defined bacterial community after 48 h under a factorial temperature x pH x salinity regime.	V4-V5 16S rRNA gene amplified with 515F (GTGCCAGCMGCCGCGGTAA) and 907R (CCGTCAATTCCTTTGAGTTT); Phusion High-Fidelity Master Mix, 30 cycles (98 °C 10 s, 50 °C 30 s, 72 °C 30 s); NEBNext Ultra II FS DNA PCR-free Library Prep Kit with indexes; Novogene.				
M3.20.C20	PRJEB_TO_FILL	INSTRUMENT_TO_FILL	lib_M3.20.C20	METAGENOMIC	PCR	AMPLICON	PAIRED	392	Endpoint 16S rRNA V4-V5 amplicon of a defined bacterial community after 48 h under a factorial temperature x pH x salinity regime.	V4-V5 16S rRNA gene amplified with 515F (GTGCCAGCMGCCGCGGTAA) and 907R (CCGTCAATTCCTTTGAGTTT); Phusion High-Fidelity Master Mix, 30 cycles (98 °C 10 s, 50 °C 30 s, 72 °C 30 s); NEBNext Ultra II FS DNA PCR-free Library Prep Kit with indexes; Novogene.				
M3.20.C21	PRJEB_TO_FILL	INSTRUMENT_TO_FILL	lib_M3.20.C21	METAGENOMIC	PCR	AMPLICON	PAIRED	392	Endpoint 16S rRNA V4-V5 amplicon of a defined bacterial community after 48 h under a factorial temperature x pH x salinity regime.	V4-V5 16S rRNA gene amplified with 515F (GTGCCAGCMGCCGCGGTAA) and 907R (CCGTCAATTCCTTTGAGTTT); Phusion High-Fidelity Master Mix, 30 cycles (98 °C 10 s, 50 °C 30 s, 72 °C 30 s); NEBNext Ultra II FS DNA PCR-free Library Prep Kit with indexes; Novogene.				
M3.20.C22	PRJEB_TO_FILL	INSTRUMENT_TO_FILL	lib_M3.20.C22	METAGENOMIC	PCR	AMPLICON	PAIRED	392	Endpoint 16S rRNA V4-V5 amplicon of a defined bacterial community after 48 h under a factorial temperature x pH x salinity regime.	V4-V5 16S rRNA gene amplified with 515F (GTGCCAGCMGCCGCGGTAA) and 907R (CCGTCAATTCCTTTGAGTTT); Phusion High-Fidelity Master Mix, 30 cycles (98 °C 10 s, 50 °C 30 s, 72 °C 30 s); NEBNext Ultra II FS DNA PCR-free Library Prep Kit with indexes; Novogene.				
M3.20.C3	PRJEB_TO_FILL	INSTRUMENT_TO_FILL	lib_M3.20.C3	METAGENOMIC	PCR	AMPLICON	PAIRED	392	Endpoint 16S rRNA V4-V5 amplicon of a defined bacterial community after 48 h under a factorial temperature x pH x salinity regime.	V4-V5 16S rRNA gene amplified with 515F (GTGCCAGCMGCCGCGGTAA) and 907R (CCGTCAATTCCTTTGAGTTT); Phusion High-Fidelity Master Mix, 30 cycles (98 °C 10 s, 50 °C 30 s, 72 °C 30 s); NEBNext Ultra II FS DNA PCR-free Library Prep Kit with indexes; Novogene.				
M3.20.C4	PRJEB_TO_FILL	INSTRUMENT_TO_FILL	lib_M3.20.C4	METAGENOMIC	PCR	AMPLICON	PAIRED	392	Endpoint 16S rRNA V4-V5 amplicon of a defined bacterial community after 48 h under a factorial temperature x pH x salinity regime.	V4-V5 16S rRNA gene amplified with 515F (GTGCCAGCMGCCGCGGTAA) and 907R (CCGTCAATTCCTTTGAGTTT); Phusion High-Fidelity Master Mix, 30 cycles (98 °C 10 s, 50 °C 30 s, 72 °C 30 s); NEBNext Ultra II FS DNA PCR-free Library Prep Kit with indexes; Novogene.				
M3.20.C5	PRJEB_TO_FILL	INSTRUMENT_TO_FILL	lib_M3.20.C5	METAGENOMIC	PCR	AMPLICON	PAIRED	392	Endpoint 16S rRNA V4-V5 amplicon of a defined bacterial community after 48 h under a factorial temperature x pH x salinity regime.	V4-V5 16S rRNA gene amplified with 515F (GTGCCAGCMGCCGCGGTAA) and 907R (CCGTCAATTCCTTTGAGTTT); Phusion High-Fidelity Master Mix, 30 cycles (98 °C 10 s, 50 °C 30 s, 72 °C 30 s); NEBNext Ultra II FS DNA PCR-free Library Prep Kit with indexes; Novogene.				
M3.20.C6	PRJEB_TO_FILL	INSTRUMENT_TO_FILL	lib_M3.20.C6	METAGENOMIC	PCR	AMPLICON	PAIRED	392	Endpoint 16S rRNA V4-V5 amplicon of a defined bacterial community after 48 h under a factorial temperature x pH x salinity regime.	V4-V5 16S rRNA gene amplified with 515F (GTGCCAGCMGCCGCGGTAA) and 907R (CCGTCAATTCCTTTGAGTTT); Phusion High-Fidelity Master Mix, 30 cycles (98 °C 10 s, 50 °C 30 s, 72 °C 30 s); NEBNext Ultra II FS DNA PCR-free Library Prep Kit with indexes; Novogene.				
M3.20.C7	PRJEB_TO_FILL	INSTRUMENT_TO_FILL	lib_M3.20.C7	METAGENOMIC	PCR	AMPLICON	PAIRED	392	Endpoint 16S rRNA V4-V5 amplicon of a defined bacterial community after 48 h under a factorial temperature x pH x salinity regime.	V4-V5 16S rRNA gene amplified with 515F (GTGCCAGCMGCCGCGGTAA) and 907R (CCGTCAATTCCTTTGAGTTT); Phusion High-Fidelity Master Mix, 30 cycles (98 °C 10 s, 50 °C 30 s, 72 °C 30 s); NEBNext Ultra II FS DNA PCR-free Library Prep Kit with indexes; Novogene.				
M3.20.C8	PRJEB_TO_FILL	INSTRUMENT_TO_FILL	lib_M3.20.C8	METAGENOMIC	PCR	AMPLICON	PAIRED	392	Endpoint 16S rRNA V4-V5 amplicon of a defined bacterial community after 48 h under a factorial temperature x pH x salinity regime.	V4-V5 16S rRNA gene amplified with 515F (GTGCCAGCMGCCGCGGTAA) and 907R (CCGTCAATTCCTTTGAGTTT); Phusion High-Fidelity Master Mix, 30 cycles (98 °C 10 s, 50 °C 30 s, 72 °C 30 s); NEBNext Ultra II FS DNA PCR-free Library Prep Kit with indexes; Novogene.				
M3.20.C9	PRJEB_TO_FILL	INSTRUMENT_TO_FILL	lib_M3.20.C9	METAGENOMIC	PCR	AMPLICON	PAIRED	392	Endpoint 16S rRNA V4-V5 amplicon of a defined bacterial community after 48 h under a factorial temperature x pH x salinity regime.	V4-V5 16S rRNA gene amplified with 515F (GTGCCAGCMGCCGCGGTAA) and 907R (CCGTCAATTCCTTTGAGTTT); Phusion High-Fidelity Master Mix, 30 cycles (98 °C 10 s, 50 °C 30 s, 72 °C 30 s); NEBNext Ultra II FS DNA PCR-free Library Prep Kit with indexes; Novogene.				
M3.38.C1	PRJEB_TO_FILL	INSTRUMENT_TO_FILL	lib_M3.38.C1	METAGENOMIC	PCR	AMPLICON	PAIRED	392	Endpoint 16S rRNA V4-V5 amplicon of a defined bacterial community after 48 h under a factorial temperature x pH x salinity regime.	V4-V5 16S rRNA gene amplified with 515F (GTGCCAGCMGCCGCGGTAA) and 907R (CCGTCAATTCCTTTGAGTTT); Phusion High-Fidelity Master Mix, 30 cycles (98 °C 10 s, 50 °C 30 s, 72 °C 30 s); NEBNext Ultra II FS DNA PCR-free Library Prep Kit with indexes; Novogene.				
M3.38.C10	PRJEB_TO_FILL	INSTRUMENT_TO_FILL	lib_M3.38.C10	METAGENOMIC	PCR	AMPLICON	PAIRED	392	Endpoint 16S rRNA V4-V5 amplicon of a defined bacterial community after 48 h under a factorial temperature x pH x salinity regime.	V4-V5 16S rRNA gene amplified with 515F (GTGCCAGCMGCCGCGGTAA) and 907R (CCGTCAATTCCTTTGAGTTT); Phusion High-Fidelity Master Mix, 30 cycles (98 °C 10 s, 50 °C 30 s, 72 °C 30 s); NEBNext Ultra II FS DNA PCR-free Library Prep Kit with indexes; Novogene.				
M3.38.C11	PRJEB_TO_FILL	INSTRUMENT_TO_FILL	lib_M3.38.C11	METAGENOMIC	PCR	AMPLICON	PAIRED	392	Endpoint 16S rRNA V4-V5 amplicon of a defined bacterial community after 48 h under a factorial temperature x pH x salinity regime.	V4-V5 16S rRNA gene amplified with 515F (GTGCCAGCMGCCGCGGTAA) and 907R (CCGTCAATTCCTTTGAGTTT); Phusion High-Fidelity Master Mix, 30 cycles (98 °C 10 s, 50 °C 30 s, 72 °C 30 s); NEBNext Ultra II FS DNA PCR-free Library Prep Kit with indexes; Novogene.				
M3.38.C12	PRJEB_TO_FILL	INSTRUMENT_TO_FILL	lib_M3.38.C12	METAGENOMIC	PCR	AMPLICON	PAIRED	392	Endpoint 16S rRNA V4-V5 amplicon of a defined bacterial community after 48 h under a factorial temperature x pH x salinity regime.	V4-V5 16S rRNA gene amplified with 515F (GTGCCAGCMGCCGCGGTAA) and 907R (CCGTCAATTCCTTTGAGTTT); Phusion High-Fidelity Master Mix, 30 cycles (98 °C 10 s, 50 °C 30 s, 72 °C 30 s); NEBNext Ultra II FS DNA PCR-free Library Prep Kit with indexes; Novogene.				
M3.38.C13	PRJEB_TO_FILL	INSTRUMENT_TO_FILL	lib_M3.38.C13	METAGENOMIC	PCR	AMPLICON	PAIRED	392	Endpoint 16S rRNA V4-V5 amplicon of a defined bacterial community after 48 h under a factorial temperature x pH x salinity regime.	V4-V5 16S rRNA gene amplified with 515F (GTGCCAGCMGCCGCGGTAA) and 907R (CCGTCAATTCCTTTGAGTTT); Phusion High-Fidelity Master Mix, 30 cycles (98 °C 10 s, 50 °C 30 s, 72 °C 30 s); NEBNext Ultra II FS DNA PCR-free Library Prep Kit with indexes; Novogene.				
M3.38.C14	PRJEB_TO_FILL	INSTRUMENT_TO_FILL	lib_M3.38.C14	METAGENOMIC	PCR	AMPLICON	PAIRED	392	Endpoint 16S rRNA V4-V5 amplicon of a defined bacterial community after 48 h under a factorial temperature x pH x salinity regime.	V4-V5 16S rRNA gene amplified with 515F (GTGCCAGCMGCCGCGGTAA) and 907R (CCGTCAATTCCTTTGAGTTT); Phusion High-Fidelity Master Mix, 30 cycles (98 °C 10 s, 50 °C 30 s, 72 °C 30 s); NEBNext Ultra II FS DNA PCR-free Library Prep Kit with indexes; Novogene.				
M3.38.C15	PRJEB_TO_FILL	INSTRUMENT_TO_FILL	lib_M3.38.C15	METAGENOMIC	PCR	AMPLICON	PAIRED	392	Endpoint 16S rRNA V4-V5 amplicon of a defined bacterial community after 48 h under a factorial temperature x pH x salinity regime.	V4-V5 16S rRNA gene amplified with 515F (GTGCCAGCMGCCGCGGTAA) and 907R (CCGTCAATTCCTTTGAGTTT); Phusion High-Fidelity Master Mix, 30 cycles (98 °C 10 s, 50 °C 30 s, 72 °C 30 s); NEBNext Ultra II FS DNA PCR-free Library Prep Kit with indexes; Novogene.				
M3.38.C16	PRJEB_TO_FILL	INSTRUMENT_TO_FILL	lib_M3.38.C16	METAGENOMIC	PCR	AMPLICON	PAIRED	392	Endpoint 16S rRNA V4-V5 amplicon of a defined bacterial community after 48 h under a factorial temperature x pH x salinity regime.	V4-V5 16S rRNA gene amplified with 515F (GTGCCAGCMGCCGCGGTAA) and 907R (CCGTCAATTCCTTTGAGTTT); Phusion High-Fidelity Master Mix, 30 cycles (98 °C 10 s, 50 °C 30 s, 72 °C 30 s); NEBNext Ultra II FS DNA PCR-free Library Prep Kit with indexes; Novogene.				
M3.38.C17	PRJEB_TO_FILL	INSTRUMENT_TO_FILL	lib_M3.38.C17	METAGENOMIC	PCR	AMPLICON	PAIRED	392	Endpoint 16S rRNA V4-V5 amplicon of a defined bacterial community after 48 h under a factorial temperature x pH x salinity regime.	V4-V5 16S rRNA gene amplified with 515F (GTGCCAGCMGCCGCGGTAA) and 907R (CCGTCAATTCCTTTGAGTTT); Phusion High-Fidelity Master Mix, 30 cycles (98 °C 10 s, 50 °C 30 s, 72 °C 30 s); NEBNext Ultra II FS DNA PCR-free Library Prep Kit with indexes; Novogene.				
M3.38.C18	PRJEB_TO_FILL	INSTRUMENT_TO_FILL	lib_M3.38.C18	METAGENOMIC	PCR	AMPLICON	PAIRED	392	Endpoint 16S rRNA V4-V5 amplicon of a defined bacterial community after 48 h under a factorial temperature x pH x salinity regime.	V4-V5 16S rRNA gene amplified with 515F (GTGCCAGCMGCCGCGGTAA) and 907R (CCGTCAATTCCTTTGAGTTT); Phusion High-Fidelity Master Mix, 30 cycles (98 °C 10 s, 50 °C 30 s, 72 °C 30 s); NEBNext Ultra II FS DNA PCR-free Library Prep Kit with indexes; Novogene.				
M3.38.C19	PRJEB_TO_FILL	INSTRUMENT_TO_FILL	lib_M3.38.C19	METAGENOMIC	PCR	AMPLICON	PAIRED	392	Endpoint 16S rRNA V4-V5 amplicon of a defined bacterial community after 48 h under a factorial temperature x pH x salinity regime.	V4-V5 16S rRNA gene amplified with 515F (GTGCCAGCMGCCGCGGTAA) and 907R (CCGTCAATTCCTTTGAGTTT); Phusion High-Fidelity Master Mix, 30 cycles (98 °C 10 s, 50 °C 30 s, 72 °C 30 s); NEBNext Ultra II FS DNA PCR-free Library Prep Kit with indexes; Novogene.				
M3.38.C2	PRJEB_TO_FILL	INSTRUMENT_TO_FILL	lib_M3.38.C2	METAGENOMIC	PCR	AMPLICON	PAIRED	392	Endpoint 16S rRNA V4-V5 amplicon of a defined bacterial community after 48 h under a factorial temperature x pH x salinity regime.	V4-V5 16S rRNA gene amplified with 515F (GTGCCAGCMGCCGCGGTAA) and 907R (CCGTCAATTCCTTTGAGTTT); Phusion High-Fidelity Master Mix, 30 cycles (98 °C 10 s, 50 °C 30 s, 72 °C 30 s); NEBNext Ultra II FS DNA PCR-free Library Prep Kit with indexes; Novogene.				
M3.38.C20	PRJEB_TO_FILL	INSTRUMENT_TO_FILL	lib_M3.38.C20	METAGENOMIC	PCR	AMPLICON	PAIRED	392	Endpoint 16S rRNA V4-V5 amplicon of a defined bacterial community after 48 h under a factorial temperature x pH x salinity regime.	V4-V5 16S rRNA gene amplified with 515F (GTGCCAGCMGCCGCGGTAA) and 907R (CCGTCAATTCCTTTGAGTTT); Phusion High-Fidelity Master Mix, 30 cycles (98 °C 10 s, 50 °C 30 s, 72 °C 30 s); NEBNext Ultra II FS DNA PCR-free Library Prep Kit with indexes; Novogene.				
M3.38.C21	PRJEB_TO_FILL	INSTRUMENT_TO_FILL	lib_M3.38.C21	METAGENOMIC	PCR	AMPLICON	PAIRED	392	Endpoint 16S rRNA V4-V5 amplicon of a defined bacterial community after 48 h under a factorial temperature x pH x salinity regime.	V4-V5 16S rRNA gene amplified with 515F (GTGCCAGCMGCCGCGGTAA) and 907R (CCGTCAATTCCTTTGAGTTT); Phusion High-Fidelity Master Mix, 30 cycles (98 °C 10 s, 50 °C 30 s, 72 °C 30 s); NEBNext Ultra II FS DNA PCR-free Library Prep Kit with indexes; Novogene.				
M3.38.C22	PRJEB_TO_FILL	INSTRUMENT_TO_FILL	lib_M3.38.C22	METAGENOMIC	PCR	AMPLICON	PAIRED	392	Endpoint 16S rRNA V4-V5 amplicon of a defined bacterial community after 48 h under a factorial temperature x pH x salinity regime.	V4-V5 16S rRNA gene amplified with 515F (GTGCCAGCMGCCGCGGTAA) and 907R (CCGTCAATTCCTTTGAGTTT); Phusion High-Fidelity Master Mix, 30 cycles (98 °C 10 s, 50 °C 30 s, 72 °C 30 s); NEBNext Ultra II FS DNA PCR-free Library Prep Kit with indexes; Novogene.				
M3.38.C3	PRJEB_TO_FILL	INSTRUMENT_TO_FILL	lib_M3.38.C3	METAGENOMIC	PCR	AMPLICON	PAIRED	392	Endpoint 16S rRNA V4-V5 amplicon of a defined bacterial community after 48 h under a factorial temperature x pH x salinity regime.	V4-V5 16S rRNA gene amplified with 515F (GTGCCAGCMGCCGCGGTAA) and 907R (CCGTCAATTCCTTTGAGTTT); Phusion High-Fidelity Master Mix, 30 cycles (98 °C 10 s, 50 °C 30 s, 72 °C 30 s); NEBNext Ultra II FS DNA PCR-free Library Prep Kit with indexes; Novogene.				
M3.38.C4	PRJEB_TO_FILL	INSTRUMENT_TO_FILL	lib_M3.38.C4	METAGENOMIC	PCR	AMPLICON	PAIRED	392	Endpoint 16S rRNA V4-V5 amplicon of a defined bacterial community after 48 h under a factorial temperature x pH x salinity regime.	V4-V5 16S rRNA gene amplified with 515F (GTGCCAGCMGCCGCGGTAA) and 907R (CCGTCAATTCCTTTGAGTTT); Phusion High-Fidelity Master Mix, 30 cycles (98 °C 10 s, 50 °C 30 s, 72 °C 30 s); NEBNext Ultra II FS DNA PCR-free Library Prep Kit with indexes; Novogene.				
M3.38.C5	PRJEB_TO_FILL	INSTRUMENT_TO_FILL	lib_M3.38.C5	METAGENOMIC	PCR	AMPLICON	PAIRED	392	Endpoint 16S rRNA V4-V5 amplicon of a defined bacterial community after 48 h under a factorial temperature x pH x salinity regime.	V4-V5 16S rRNA gene amplified with 515F (GTGCCAGCMGCCGCGGTAA) and 907R (CCGTCAATTCCTTTGAGTTT); Phusion High-Fidelity Master Mix, 30 cycles (98 °C 10 s, 50 °C 30 s, 72 °C 30 s); NEBNext Ultra II FS DNA PCR-free Library Prep Kit with indexes; Novogene.				
M3.38.C6	PRJEB_TO_FILL	INSTRUMENT_TO_FILL	lib_M3.38.C6	METAGENOMIC	PCR	AMPLICON	PAIRED	392	Endpoint 16S rRNA V4-V5 amplicon of a defined bacterial community after 48 h under a factorial temperature x pH x salinity regime.	V4-V5 16S rRNA gene amplified with 515F (GTGCCAGCMGCCGCGGTAA) and 907R (CCGTCAATTCCTTTGAGTTT); Phusion High-Fidelity Master Mix, 30 cycles (98 °C 10 s, 50 °C 30 s, 72 °C 30 s); NEBNext Ultra II FS DNA PCR-free Library Prep Kit with indexes; Novogene.				
M3.38.C7	PRJEB_TO_FILL	INSTRUMENT_TO_FILL	lib_M3.38.C7	METAGENOMIC	PCR	AMPLICON	PAIRED	392	Endpoint 16S rRNA V4-V5 amplicon of a defined bacterial community after 48 h under a factorial temperature x pH x salinity regime.	V4-V5 16S rRNA gene amplified with 515F (GTGCCAGCMGCCGCGGTAA) and 907R (CCGTCAATTCCTTTGAGTTT); Phusion High-Fidelity Master Mix, 30 cycles (98 °C 10 s, 50 °C 30 s, 72 °C 30 s); NEBNext Ultra II FS DNA PCR-free Library Prep Kit with indexes; Novogene.				
M3.38.C8	PRJEB_TO_FILL	INSTRUMENT_TO_FILL	lib_M3.38.C8	METAGENOMIC	PCR	AMPLICON	PAIRED	392	Endpoint 16S rRNA V4-V5 amplicon of a defined bacterial community after 48 h under a factorial temperature x pH x salinity regime.	V4-V5 16S rRNA gene amplified with 515F (GTGCCAGCMGCCGCGGTAA) and 907R (CCGTCAATTCCTTTGAGTTT); Phusion High-Fidelity Master Mix, 30 cycles (98 °C 10 s, 50 °C 30 s, 72 °C 30 s); NEBNext Ultra II FS DNA PCR-free Library Prep Kit with indexes; Novogene.				
M3.38.C9	PRJEB_TO_FILL	INSTRUMENT_TO_FILL	lib_M3.38.C9	METAGENOMIC	PCR	AMPLICON	PAIRED	392	Endpoint 16S rRNA V4-V5 amplicon of a defined bacterial community after 48 h under a factorial temperature x pH x salinity regime.	V4-V5 16S rRNA gene amplified with 515F (GTGCCAGCMGCCGCGGTAA) and 907R (CCGTCAATTCCTTTGAGTTT); Phusion High-Fidelity Master Mix, 30 cycles (98 °C 10 s, 50 °C 30 s, 72 °C 30 s); NEBNext Ultra II FS DNA PCR-free Library Prep Kit with indexes; Novogene.				
M4.20.C1	PRJEB_TO_FILL	INSTRUMENT_TO_FILL	lib_M4.20.C1	METAGENOMIC	PCR	AMPLICON	PAIRED	392	Endpoint 16S rRNA V4-V5 amplicon of a defined bacterial community after 48 h under a factorial temperature x pH x salinity regime.	V4-V5 16S rRNA gene amplified with 515F (GTGCCAGCMGCCGCGGTAA) and 907R (CCGTCAATTCCTTTGAGTTT); Phusion High-Fidelity Master Mix, 30 cycles (98 °C 10 s, 50 °C 30 s, 72 °C 30 s); NEBNext Ultra II FS DNA PCR-free Library Prep Kit with indexes; Novogene.				
M4.20.C10	PRJEB_TO_FILL	INSTRUMENT_TO_FILL	lib_M4.20.C10	METAGENOMIC	PCR	AMPLICON	PAIRED	392	Endpoint 16S rRNA V4-V5 amplicon of a defined bacterial community after 48 h under a factorial temperature x pH x salinity regime.	V4-V5 16S rRNA gene amplified with 515F (GTGCCAGCMGCCGCGGTAA) and 907R (CCGTCAATTCCTTTGAGTTT); Phusion High-Fidelity Master Mix, 30 cycles (98 °C 10 s, 50 °C 30 s, 72 °C 30 s); NEBNext Ultra II FS DNA PCR-free Library Prep Kit with indexes; Novogene.				
M4.20.C11	PRJEB_TO_FILL	INSTRUMENT_TO_FILL	lib_M4.20.C11	METAGENOMIC	PCR	AMPLICON	PAIRED	392	Endpoint 16S rRNA V4-V5 amplicon of a defined bacterial community after 48 h under a factorial temperature x pH x salinity regime.	V4-V5 16S rRNA gene amplified with 515F (GTGCCAGCMGCCGCGGTAA) and 907R (CCGTCAATTCCTTTGAGTTT); Phusion High-Fidelity Master Mix, 30 cycles (98 °C 10 s, 50 °C 30 s, 72 °C 30 s); NEBNext Ultra II FS DNA PCR-free Library Prep Kit with indexes; Novogene.				
M4.20.C13	PRJEB_TO_FILL	INSTRUMENT_TO_FILL	lib_M4.20.C13	METAGENOMIC	PCR	AMPLICON	PAIRED	392	Endpoint 16S rRNA V4-V5 amplicon of a defined bacterial community after 48 h under a factorial temperature x pH x salinity regime.	V4-V5 16S rRNA gene amplified with 515F (GTGCCAGCMGCCGCGGTAA) and 907R (CCGTCAATTCCTTTGAGTTT); Phusion High-Fidelity Master Mix, 30 cycles (98 °C 10 s, 50 °C 30 s, 72 °C 30 s); NEBNext Ultra II FS DNA PCR-free Library Prep Kit with indexes; Novogene.				
M4.20.C14	PRJEB_TO_FILL	INSTRUMENT_TO_FILL	lib_M4.20.C14	METAGENOMIC	PCR	AMPLICON	PAIRED	392	Endpoint 16S rRNA V4-V5 amplicon of a defined bacterial community after 48 h under a factorial temperature x pH x salinity regime.	V4-V5 16S rRNA gene amplified with 515F (GTGCCAGCMGCCGCGGTAA) and 907R (CCGTCAATTCCTTTGAGTTT); Phusion High-Fidelity Master Mix, 30 cycles (98 °C 10 s, 50 °C 30 s, 72 °C 30 s); NEBNext Ultra II FS DNA PCR-free Library Prep Kit with indexes; Novogene.				
M4.20.C15	PRJEB_TO_FILL	INSTRUMENT_TO_FILL	lib_M4.20.C15	METAGENOMIC	PCR	AMPLICON	PAIRED	392	Endpoint 16S rRNA V4-V5 amplicon of a defined bacterial community after 48 h under a factorial temperature x pH x salinity regime.	V4-V5 16S rRNA gene amplified with 515F (GTGCCAGCMGCCGCGGTAA) and 907R (CCGTCAATTCCTTTGAGTTT); Phusion High-Fidelity Master Mix, 30 cycles (98 °C 10 s, 50 °C 30 s, 72 °C 30 s); NEBNext Ultra II FS DNA PCR-free Library Prep Kit with indexes; Novogene.				
M4.20.C16	PRJEB_TO_FILL	INSTRUMENT_TO_FILL	lib_M4.20.C16	METAGENOMIC	PCR	AMPLICON	PAIRED	392	Endpoint 16S rRNA V4-V5 amplicon of a defined bacterial community after 48 h under a factorial temperature x pH x salinity regime.	V4-V5 16S rRNA gene amplified with 515F (GTGCCAGCMGCCGCGGTAA) and 907R (CCGTCAATTCCTTTGAGTTT); Phusion High-Fidelity Master Mix, 30 cycles (98 °C 10 s, 50 °C 30 s, 72 °C 30 s); NEBNext Ultra II FS DNA PCR-free Library Prep Kit with indexes; Novogene.				
M4.20.C17	PRJEB_TO_FILL	INSTRUMENT_TO_FILL	lib_M4.20.C17	METAGENOMIC	PCR	AMPLICON	PAIRED	392	Endpoint 16S rRNA V4-V5 amplicon of a defined bacterial community after 48 h under a factorial temperature x pH x salinity regime.	V4-V5 16S rRNA gene amplified with 515F (GTGCCAGCMGCCGCGGTAA) and 907R (CCGTCAATTCCTTTGAGTTT); Phusion High-Fidelity Master Mix, 30 cycles (98 °C 10 s, 50 °C 30 s, 72 °C 30 s); NEBNext Ultra II FS DNA PCR-free Library Prep Kit with indexes; Novogene.				
M4.20.C18	PRJEB_TO_FILL	INSTRUMENT_TO_FILL	lib_M4.20.C18	METAGENOMIC	PCR	AMPLICON	PAIRED	392	Endpoint 16S rRNA V4-V5 amplicon of a defined bacterial community after 48 h under a factorial temperature x pH x salinity regime.	V4-V5 16S rRNA gene amplified with 515F (GTGCCAGCMGCCGCGGTAA) and 907R (CCGTCAATTCCTTTGAGTTT); Phusion High-Fidelity Master Mix, 30 cycles (98 °C 10 s, 50 °C 30 s, 72 °C 30 s); NEBNext Ultra II FS DNA PCR-free Library Prep Kit with indexes; Novogene.				
M4.20.C19	PRJEB_TO_FILL	INSTRUMENT_TO_FILL	lib_M4.20.C19	METAGENOMIC	PCR	AMPLICON	PAIRED	392	Endpoint 16S rRNA V4-V5 amplicon of a defined bacterial community after 48 h under a factorial temperature x pH x salinity regime.	V4-V5 16S rRNA gene amplified with 515F (GTGCCAGCMGCCGCGGTAA) and 907R (CCGTCAATTCCTTTGAGTTT); Phusion High-Fidelity Master Mix, 30 cycles (98 °C 10 s, 50 °C 30 s, 72 °C 30 s); NEBNext Ultra II FS DNA PCR-free Library Prep Kit with indexes; Novogene.				
M4.20.C2	PRJEB_TO_FILL	INSTRUMENT_TO_FILL	lib_M4.20.C2	METAGENOMIC	PCR	AMPLICON	PAIRED	392	Endpoint 16S rRNA V4-V5 amplicon of a defined bacterial community after 48 h under a factorial temperature x pH x salinity regime.	V4-V5 16S rRNA gene amplified with 515F (GTGCCAGCMGCCGCGGTAA) and 907R (CCGTCAATTCCTTTGAGTTT); Phusion High-Fidelity Master Mix, 30 cycles (98 °C 10 s, 50 °C 30 s, 72 °C 30 s); NEBNext Ultra II FS DNA PCR-free Library Prep Kit with indexes; Novogene.				
M4.20.C20	PRJEB_TO_FILL	INSTRUMENT_TO_FILL	lib_M4.20.C20	METAGENOMIC	PCR	AMPLICON	PAIRED	392	Endpoint 16S rRNA V4-V5 amplicon of a defined bacterial community after 48 h under a factorial temperature x pH x salinity regime.	V4-V5 16S rRNA gene amplified with 515F (GTGCCAGCMGCCGCGGTAA) and 907R (CCGTCAATTCCTTTGAGTTT); Phusion High-Fidelity Master Mix, 30 cycles (98 °C 10 s, 50 °C 30 s, 72 °C 30 s); NEBNext Ultra II FS DNA PCR-free Library Prep Kit with indexes; Novogene.				
M4.20.C21	PRJEB_TO_FILL	INSTRUMENT_TO_FILL	lib_M4.20.C21	METAGENOMIC	PCR	AMPLICON	PAIRED	392	Endpoint 16S rRNA V4-V5 amplicon of a defined bacterial community after 48 h under a factorial temperature x pH x salinity regime.	V4-V5 16S rRNA gene amplified with 515F (GTGCCAGCMGCCGCGGTAA) and 907R (CCGTCAATTCCTTTGAGTTT); Phusion High-Fidelity Master Mix, 30 cycles (98 °C 10 s, 50 °C 30 s, 72 °C 30 s); NEBNext Ultra II FS DNA PCR-free Library Prep Kit with indexes; Novogene.				
M4.20.C22	PRJEB_TO_FILL	INSTRUMENT_TO_FILL	lib_M4.20.C22	METAGENOMIC	PCR	AMPLICON	PAIRED	392	Endpoint 16S rRNA V4-V5 amplicon of a defined bacterial community after 48 h under a factorial temperature x pH x salinity regime.	V4-V5 16S rRNA gene amplified with 515F (GTGCCAGCMGCCGCGGTAA) and 907R (CCGTCAATTCCTTTGAGTTT); Phusion High-Fidelity Master Mix, 30 cycles (98 °C 10 s, 50 °C 30 s, 72 °C 30 s); NEBNext Ultra II FS DNA PCR-free Library Prep Kit with indexes; Novogene.				
M4.20.C3	PRJEB_TO_FILL	INSTRUMENT_TO_FILL	lib_M4.20.C3	METAGENOMIC	PCR	AMPLICON	PAIRED	392	Endpoint 16S rRNA V4-V5 amplicon of a defined bacterial community after 48 h under a factorial temperature x pH x salinity regime.	V4-V5 16S rRNA gene amplified with 515F (GTGCCAGCMGCCGCGGTAA) and 907R (CCGTCAATTCCTTTGAGTTT); Phusion High-Fidelity Master Mix, 30 cycles (98 °C 10 s, 50 °C 30 s, 72 °C 30 s); NEBNext Ultra II FS DNA PCR-free Library Prep Kit with indexes; Novogene.				
M4.20.C4	PRJEB_TO_FILL	INSTRUMENT_TO_FILL	lib_M4.20.C4	METAGENOMIC	PCR	AMPLICON	PAIRED	392	Endpoint 16S rRNA V4-V5 amplicon of a defined bacterial community after 48 h under a factorial temperature x pH x salinity regime.	V4-V5 16S rRNA gene amplified with 515F (GTGCCAGCMGCCGCGGTAA) and 907R (CCGTCAATTCCTTTGAGTTT); Phusion High-Fidelity Master Mix, 30 cycles (98 °C 10 s, 50 °C 30 s, 72 °C 30 s); NEBNext Ultra II FS DNA PCR-free Library Prep Kit with indexes; Novogene.				
M4.20.C5	PRJEB_TO_FILL	INSTRUMENT_TO_FILL	lib_M4.20.C5	METAGENOMIC	PCR	AMPLICON	PAIRED	392	Endpoint 16S rRNA V4-V5 amplicon of a defined bacterial community after 48 h under a factorial temperature x pH x salinity regime.	V4-V5 16S rRNA gene amplified with 515F (GTGCCAGCMGCCGCGGTAA) and 907R (CCGTCAATTCCTTTGAGTTT); Phusion High-Fidelity Master Mix, 30 cycles (98 °C 10 s, 50 °C 30 s, 72 °C 30 s); NEBNext Ultra II FS DNA PCR-free Library Prep Kit with indexes; Novogene.				
M4.20.C6	PRJEB_TO_FILL	INSTRUMENT_TO_FILL	lib_M4.20.C6	METAGENOMIC	PCR	AMPLICON	PAIRED	392	Endpoint 16S rRNA V4-V5 amplicon of a defined bacterial community after 48 h under a factorial temperature x pH x salinity regime.	V4-V5 16S rRNA gene amplified with 515F (GTGCCAGCMGCCGCGGTAA) and 907R (CCGTCAATTCCTTTGAGTTT); Phusion High-Fidelity Master Mix, 30 cycles (98 °C 10 s, 50 °C 30 s, 72 °C 30 s); NEBNext Ultra II FS DNA PCR-free Library Prep Kit with indexes; Novogene.				
M4.20.C7	PRJEB_TO_FILL	INSTRUMENT_TO_FILL	lib_M4.20.C7	METAGENOMIC	PCR	AMPLICON	PAIRED	392	Endpoint 16S rRNA V4-V5 amplicon of a defined bacterial community after 48 h under a factorial temperature x pH x salinity regime.	V4-V5 16S rRNA gene amplified with 515F (GTGCCAGCMGCCGCGGTAA) and 907R (CCGTCAATTCCTTTGAGTTT); Phusion High-Fidelity Master Mix, 30 cycles (98 °C 10 s, 50 °C 30 s, 72 °C 30 s); NEBNext Ultra II FS DNA PCR-free Library Prep Kit with indexes; Novogene.				
M4.20.C8	PRJEB_TO_FILL	INSTRUMENT_TO_FILL	lib_M4.20.C8	METAGENOMIC	PCR	AMPLICON	PAIRED	392	Endpoint 16S rRNA V4-V5 amplicon of a defined bacterial community after 48 h under a factorial temperature x pH x salinity regime.	V4-V5 16S rRNA gene amplified with 515F (GTGCCAGCMGCCGCGGTAA) and 907R (CCGTCAATTCCTTTGAGTTT); Phusion High-Fidelity Master Mix, 30 cycles (98 °C 10 s, 50 °C 30 s, 72 °C 30 s); NEBNext Ultra II FS DNA PCR-free Library Prep Kit with indexes; Novogene.				
M4.20.C9	PRJEB_TO_FILL	INSTRUMENT_TO_FILL	lib_M4.20.C9	METAGENOMIC	PCR	AMPLICON	PAIRED	392	Endpoint 16S rRNA V4-V5 amplicon of a defined bacterial community after 48 h under a factorial temperature x pH x salinity regime.	V4-V5 16S rRNA gene amplified with 515F (GTGCCAGCMGCCGCGGTAA) and 907R (CCGTCAATTCCTTTGAGTTT); Phusion High-Fidelity Master Mix, 30 cycles (98 °C 10 s, 50 °C 30 s, 72 °C 30 s); NEBNext Ultra II FS DNA PCR-free Library Prep Kit with indexes; Novogene.				
M4.38.C1	PRJEB_TO_FILL	INSTRUMENT_TO_FILL	lib_M4.38.C1	METAGENOMIC	PCR	AMPLICON	PAIRED	392	Endpoint 16S rRNA V4-V5 amplicon of a defined bacterial community after 48 h under a factorial temperature x pH x salinity regime.	V4-V5 16S rRNA gene amplified with 515F (GTGCCAGCMGCCGCGGTAA) and 907R (CCGTCAATTCCTTTGAGTTT); Phusion High-Fidelity Master Mix, 30 cycles (98 °C 10 s, 50 °C 30 s, 72 °C 30 s); NEBNext Ultra II FS DNA PCR-free Library Prep Kit with indexes; Novogene.				
M4.38.C11	PRJEB_TO_FILL	INSTRUMENT_TO_FILL	lib_M4.38.C11	METAGENOMIC	PCR	AMPLICON	PAIRED	392	Endpoint 16S rRNA V4-V5 amplicon of a defined bacterial community after 48 h under a factorial temperature x pH x salinity regime.	V4-V5 16S rRNA gene amplified with 515F (GTGCCAGCMGCCGCGGTAA) and 907R (CCGTCAATTCCTTTGAGTTT); Phusion High-Fidelity Master Mix, 30 cycles (98 °C 10 s, 50 °C 30 s, 72 °C 30 s); NEBNext Ultra II FS DNA PCR-free Library Prep Kit with indexes; Novogene.				
M4.38.C13	PRJEB_TO_FILL	INSTRUMENT_TO_FILL	lib_M4.38.C13	METAGENOMIC	PCR	AMPLICON	PAIRED	392	Endpoint 16S rRNA V4-V5 amplicon of a defined bacterial community after 48 h under a factorial temperature x pH x salinity regime.	V4-V5 16S rRNA gene amplified with 515F (GTGCCAGCMGCCGCGGTAA) and 907R (CCGTCAATTCCTTTGAGTTT); Phusion High-Fidelity Master Mix, 30 cycles (98 °C 10 s, 50 °C 30 s, 72 °C 30 s); NEBNext Ultra II FS DNA PCR-free Library Prep Kit with indexes; Novogene.				
M4.38.C14	PRJEB_TO_FILL	INSTRUMENT_TO_FILL	lib_M4.38.C14	METAGENOMIC	PCR	AMPLICON	PAIRED	392	Endpoint 16S rRNA V4-V5 amplicon of a defined bacterial community after 48 h under a factorial temperature x pH x salinity regime.	V4-V5 16S rRNA gene amplified with 515F (GTGCCAGCMGCCGCGGTAA) and 907R (CCGTCAATTCCTTTGAGTTT); Phusion High-Fidelity Master Mix, 30 cycles (98 °C 10 s, 50 °C 30 s, 72 °C 30 s); NEBNext Ultra II FS DNA PCR-free Library Prep Kit with indexes; Novogene.				
M4.38.C15	PRJEB_TO_FILL	INSTRUMENT_TO_FILL	lib_M4.38.C15	METAGENOMIC	PCR	AMPLICON	PAIRED	392	Endpoint 16S rRNA V4-V5 amplicon of a defined bacterial community after 48 h under a factorial temperature x pH x salinity regime.	V4-V5 16S rRNA gene amplified with 515F (GTGCCAGCMGCCGCGGTAA) and 907R (CCGTCAATTCCTTTGAGTTT); Phusion High-Fidelity Master Mix, 30 cycles (98 °C 10 s, 50 °C 30 s, 72 °C 30 s); NEBNext Ultra II FS DNA PCR-free Library Prep Kit with indexes; Novogene.				
M4.38.C16	PRJEB_TO_FILL	INSTRUMENT_TO_FILL	lib_M4.38.C16	METAGENOMIC	PCR	AMPLICON	PAIRED	392	Endpoint 16S rRNA V4-V5 amplicon of a defined bacterial community after 48 h under a factorial temperature x pH x salinity regime.	V4-V5 16S rRNA gene amplified with 515F (GTGCCAGCMGCCGCGGTAA) and 907R (CCGTCAATTCCTTTGAGTTT); Phusion High-Fidelity Master Mix, 30 cycles (98 °C 10 s, 50 °C 30 s, 72 °C 30 s); NEBNext Ultra II FS DNA PCR-free Library Prep Kit with indexes; Novogene.				
M4.38.C17	PRJEB_TO_FILL	INSTRUMENT_TO_FILL	lib_M4.38.C17	METAGENOMIC	PCR	AMPLICON	PAIRED	392	Endpoint 16S rRNA V4-V5 amplicon of a defined bacterial community after 48 h under a factorial temperature x pH x salinity regime.	V4-V5 16S rRNA gene amplified with 515F (GTGCCAGCMGCCGCGGTAA) and 907R (CCGTCAATTCCTTTGAGTTT); Phusion High-Fidelity Master Mix, 30 cycles (98 °C 10 s, 50 °C 30 s, 72 °C 30 s); NEBNext Ultra II FS DNA PCR-free Library Prep Kit with indexes; Novogene.				
M4.38.C18	PRJEB_TO_FILL	INSTRUMENT_TO_FILL	lib_M4.38.C18	METAGENOMIC	PCR	AMPLICON	PAIRED	392	Endpoint 16S rRNA V4-V5 amplicon of a defined bacterial community after 48 h under a factorial temperature x pH x salinity regime.	V4-V5 16S rRNA gene amplified with 515F (GTGCCAGCMGCCGCGGTAA) and 907R (CCGTCAATTCCTTTGAGTTT); Phusion High-Fidelity Master Mix, 30 cycles (98 °C 10 s, 50 °C 30 s, 72 °C 30 s); NEBNext Ultra II FS DNA PCR-free Library Prep Kit with indexes; Novogene.				
M4.38.C19	PRJEB_TO_FILL	INSTRUMENT_TO_FILL	lib_M4.38.C19	METAGENOMIC	PCR	AMPLICON	PAIRED	392	Endpoint 16S rRNA V4-V5 amplicon of a defined bacterial community after 48 h under a factorial temperature x pH x salinity regime.	V4-V5 16S rRNA gene amplified with 515F (GTGCCAGCMGCCGCGGTAA) and 907R (CCGTCAATTCCTTTGAGTTT); Phusion High-Fidelity Master Mix, 30 cycles (98 °C 10 s, 50 °C 30 s, 72 °C 30 s); NEBNext Ultra II FS DNA PCR-free Library Prep Kit with indexes; Novogene.				
M4.38.C2	PRJEB_TO_FILL	INSTRUMENT_TO_FILL	lib_M4.38.C2	METAGENOMIC	PCR	AMPLICON	PAIRED	392	Endpoint 16S rRNA V4-V5 amplicon of a defined bacterial community after 48 h under a factorial temperature x pH x salinity regime.	V4-V5 16S rRNA gene amplified with 515F (GTGCCAGCMGCCGCGGTAA) and 907R (CCGTCAATTCCTTTGAGTTT); Phusion High-Fidelity Master Mix, 30 cycles (98 °C 10 s, 50 °C 30 s, 72 °C 30 s); NEBNext Ultra II FS DNA PCR-free Library Prep Kit with indexes; Novogene.				
M4.38.C20	PRJEB_TO_FILL	INSTRUMENT_TO_FILL	lib_M4.38.C20	METAGENOMIC	PCR	AMPLICON	PAIRED	392	Endpoint 16S rRNA V4-V5 amplicon of a defined bacterial community after 48 h under a factorial temperature x pH x salinity regime.	V4-V5 16S rRNA gene amplified with 515F (GTGCCAGCMGCCGCGGTAA) and 907R (CCGTCAATTCCTTTGAGTTT); Phusion High-Fidelity Master Mix, 30 cycles (98 °C 10 s, 50 °C 30 s, 72 °C 30 s); NEBNext Ultra II FS DNA PCR-free Library Prep Kit with indexes; Novogene.				
M4.38.C21	PRJEB_TO_FILL	INSTRUMENT_TO_FILL	lib_M4.38.C21	METAGENOMIC	PCR	AMPLICON	PAIRED	392	Endpoint 16S rRNA V4-V5 amplicon of a defined bacterial community after 48 h under a factorial temperature x pH x salinity regime.	V4-V5 16S rRNA gene amplified with 515F (GTGCCAGCMGCCGCGGTAA) and 907R (CCGTCAATTCCTTTGAGTTT); Phusion High-Fidelity Master Mix, 30 cycles (98 °C 10 s, 50 °C 30 s, 72 °C 30 s); NEBNext Ultra II FS DNA PCR-free Library Prep Kit with indexes; Novogene.				
M4.38.C22	PRJEB_TO_FILL	INSTRUMENT_TO_FILL	lib_M4.38.C22	METAGENOMIC	PCR	AMPLICON	PAIRED	392	Endpoint 16S rRNA V4-V5 amplicon of a defined bacterial community after 48 h under a factorial temperature x pH x salinity regime.	V4-V5 16S rRNA gene amplified with 515F (GTGCCAGCMGCCGCGGTAA) and 907R (CCGTCAATTCCTTTGAGTTT); Phusion High-Fidelity Master Mix, 30 cycles (98 °C 10 s, 50 °C 30 s, 72 °C 30 s); NEBNext Ultra II FS DNA PCR-free Library Prep Kit with indexes; Novogene.				
M4.38.C4	PRJEB_TO_FILL	INSTRUMENT_TO_FILL	lib_M4.38.C4	METAGENOMIC	PCR	AMPLICON	PAIRED	392	Endpoint 16S rRNA V4-V5 amplicon of a defined bacterial community after 48 h under a factorial temperature x pH x salinity regime.	V4-V5 16S rRNA gene amplified with 515F (GTGCCAGCMGCCGCGGTAA) and 907R (CCGTCAATTCCTTTGAGTTT); Phusion High-Fidelity Master Mix, 30 cycles (98 °C 10 s, 50 °C 30 s, 72 °C 30 s); NEBNext Ultra II FS DNA PCR-free Library Prep Kit with indexes; Novogene.				
M4.38.C5	PRJEB_TO_FILL	INSTRUMENT_TO_FILL	lib_M4.38.C5	METAGENOMIC	PCR	AMPLICON	PAIRED	392	Endpoint 16S rRNA V4-V5 amplicon of a defined bacterial community after 48 h under a factorial temperature x pH x salinity regime.	V4-V5 16S rRNA gene amplified with 515F (GTGCCAGCMGCCGCGGTAA) and 907R (CCGTCAATTCCTTTGAGTTT); Phusion High-Fidelity Master Mix, 30 cycles (98 °C 10 s, 50 °C 30 s, 72 °C 30 s); NEBNext Ultra II FS DNA PCR-free Library Prep Kit with indexes; Novogene.				
M4.38.C6	PRJEB_TO_FILL	INSTRUMENT_TO_FILL	lib_M4.38.C6	METAGENOMIC	PCR	AMPLICON	PAIRED	392	Endpoint 16S rRNA V4-V5 amplicon of a defined bacterial community after 48 h under a factorial temperature x pH x salinity regime.	V4-V5 16S rRNA gene amplified with 515F (GTGCCAGCMGCCGCGGTAA) and 907R (CCGTCAATTCCTTTGAGTTT); Phusion High-Fidelity Master Mix, 30 cycles (98 °C 10 s, 50 °C 30 s, 72 °C 30 s); NEBNext Ultra II FS DNA PCR-free Library Prep Kit with indexes; Novogene.				
M4.38.C7	PRJEB_TO_FILL	INSTRUMENT_TO_FILL	lib_M4.38.C7	METAGENOMIC	PCR	AMPLICON	PAIRED	392	Endpoint 16S rRNA V4-V5 amplicon of a defined bacterial community after 48 h under a factorial temperature x pH x salinity regime.	V4-V5 16S rRNA gene amplified with 515F (GTGCCAGCMGCCGCGGTAA) and 907R (CCGTCAATTCCTTTGAGTTT); Phusion High-Fidelity Master Mix, 30 cycles (98 °C 10 s, 50 °C 30 s, 72 °C 30 s); NEBNext Ultra II FS DNA PCR-free Library Prep Kit with indexes; Novogene.				
M4.38.C8	PRJEB_TO_FILL	INSTRUMENT_TO_FILL	lib_M4.38.C8	METAGENOMIC	PCR	AMPLICON	PAIRED	392	Endpoint 16S rRNA V4-V5 amplicon of a defined bacterial community after 48 h under a factorial temperature x pH x salinity regime.	V4-V5 16S rRNA gene amplified with 515F (GTGCCAGCMGCCGCGGTAA) and 907R (CCGTCAATTCCTTTGAGTTT); Phusion High-Fidelity Master Mix, 30 cycles (98 °C 10 s, 50 °C 30 s, 72 °C 30 s); NEBNext Ultra II FS DNA PCR-free Library Prep Kit with indexes; Novogene.				
M4.38.C9	PRJEB_TO_FILL	INSTRUMENT_TO_FILL	lib_M4.38.C9	METAGENOMIC	PCR	AMPLICON	PAIRED	392	Endpoint 16S rRNA V4-V5 amplicon of a defined bacterial community after 48 h under a factorial temperature x pH x salinity regime.	V4-V5 16S rRNA gene amplified with 515F (GTGCCAGCMGCCGCGGTAA) and 907R (CCGTCAATTCCTTTGAGTTT); Phusion High-Fidelity Master Mix, 30 cycles (98 °C 10 s, 50 °C 30 s, 72 °C 30 s); NEBNext Ultra II FS DNA PCR-free Library Prep Kit with indexes; Novogene.				
M1.Blank	PRJEB_TO_FILL	INSTRUMENT_TO_FILL	lib_M1.Blank	METAGENOMIC	PCR	AMPLICON	PAIRED	392	Endpoint 16S rRNA V4-V5 amplicon of a defined bacterial community after 48 h under a factorial temperature x pH x salinity regime.	V4-V5 16S rRNA gene amplified with 515F (GTGCCAGCMGCCGCGGTAA) and 907R (CCGTCAATTCCTTTGAGTTT); Phusion High-Fidelity Master Mix, 30 cycles (98 °C 10 s, 50 °C 30 s, 72 °C 30 s); NEBNext Ultra II FS DNA PCR-free Library Prep Kit with indexes; Novogene.				
M2.Blank	PRJEB_TO_FILL	INSTRUMENT_TO_FILL	lib_M2.Blank	METAGENOMIC	PCR	AMPLICON	PAIRED	392	Endpoint 16S rRNA V4-V5 amplicon of a defined bacterial community after 48 h under a factorial temperature x pH x salinity regime.	V4-V5 16S rRNA gene amplified with 515F (GTGCCAGCMGCCGCGGTAA) and 907R (CCGTCAATTCCTTTGAGTTT); Phusion High-Fidelity Master Mix, 30 cycles (98 °C 10 s, 50 °C 30 s, 72 °C 30 s); NEBNext Ultra II FS DNA PCR-free Library Prep Kit with indexes; Novogene.				
M2.38.Blank	PRJEB_TO_FILL	INSTRUMENT_TO_FILL	lib_M2.38.Blank	METAGENOMIC	PCR	AMPLICON	PAIRED	392	Endpoint 16S rRNA V4-V5 amplicon of a defined bacterial community after 48 h under a factorial temperature x pH x salinity regime.	V4-V5 16S rRNA gene amplified with 515F (GTGCCAGCMGCCGCGGTAA) and 907R (CCGTCAATTCCTTTGAGTTT); Phusion High-Fidelity Master Mix, 30 cycles (98 °C 10 s, 50 °C 30 s, 72 °C 30 s); NEBNext Ultra II FS DNA PCR-free Library Prep Kit with indexes; Novogene.				
