#checklist_accession	ERC000011
#unique_name_prefix	
sample_alias	tax_id	scientific_name	sample_title	sample_description	collection date	geographic location (country and/or sea)	geographic location (region and locality)	environment (biome)	environment (feature)	environment (material)	sample_type	sequencing_provider_label	community_id	richness	stress_regime	temperature_C	pH	NaCl_g_per_L	dna_conc_ng_per_uL
#units																°C		g/L	ng/µL
M1.20.C1	2545826	synthetic metagenome	Synthetic bacterial community Com1, 2 taxa, control regime, 48 h	Defined community Com1 of 2 bacterial taxa assembled from a pool of 12 isolates, grown 48 h in R2A medium under the control regime (temperature 20 °C, pH 7.2, 0 g NaCl/L). Endpoint 16S rRNA V4-V5 amplicon.	not provided	United Kingdom	Exeter, Devon	laboratory culture	batch culture, 48-well plate	R2A medium	synthetic community	1	Com1	2	Control	20	7.2	0	40
M1.20.C10	2545826	synthetic metagenome	Synthetic bacterial community Com10, 4 taxa, control regime, 48 h	Defined community Com10 of 4 bacterial taxa assembled from a pool of 12 isolates, grown 48 h in R2A medium under the control regime (temperature 20 °C, pH 7.2, 0 g NaCl/L). Endpoint 16S rRNA V4-V5 amplicon.	not provided	United Kingdom	Exeter, Devon	laboratory culture	batch culture, 48-well plate	R2A medium	synthetic community	40	Com10	4	Control	20	7.2	0	39.8
M1.20.C11	2545826	synthetic metagenome	Synthetic bacterial community Com11, 4 taxa, control regime, 48 h	Defined community Com11 of 4 bacterial taxa assembled from a pool of 12 isolates, grown 48 h in R2A medium under the control regime (temperature 20 °C, pH 7.2, 0 g NaCl/L). Endpoint 16S rRNA V4-V5 amplicon.	not provided	United Kingdom	Exeter, Devon	laboratory culture	batch culture, 48-well plate	R2A medium	synthetic community	44	Com11	4	Control	20	7.2	0	28.6
M1.20.C12	2545826	synthetic metagenome	Synthetic bacterial community Com12, 4 taxa, control regime, 48 h	Defined community Com12 of 4 bacterial taxa assembled from a pool of 12 isolates, grown 48 h in R2A medium under the control regime (temperature 20 °C, pH 7.2, 0 g NaCl/L). Endpoint 16S rRNA V4-V5 amplicon.	not provided	United Kingdom	Exeter, Devon	laboratory culture	batch culture, 48-well plate	R2A medium	synthetic community	48	Com12	4	Control	20	7.2	0	35.6
M1.20.C13	2545826	synthetic metagenome	Synthetic bacterial community Com13, 8 taxa, control regime, 48 h	Defined community Com13 of 8 bacterial taxa assembled from a pool of 12 isolates, grown 48 h in R2A medium under the control regime (temperature 20 °C, pH 7.2, 0 g NaCl/L). Endpoint 16S rRNA V4-V5 amplicon.	not provided	United Kingdom	Exeter, Devon	laboratory culture	batch culture, 48-well plate	R2A medium	synthetic community	105	Com13	8	Control	20	7.2	0	15.9
M1.20.C14	2545826	synthetic metagenome	Synthetic bacterial community Com14, 8 taxa, control regime, 48 h	Defined community Com14 of 8 bacterial taxa assembled from a pool of 12 isolates, grown 48 h in R2A medium under the control regime (temperature 20 °C, pH 7.2, 0 g NaCl/L). Endpoint 16S rRNA V4-V5 amplicon.	not provided	United Kingdom	Exeter, Devon	laboratory culture	batch culture, 48-well plate	R2A medium	synthetic community	108	Com14	8	Control	20	7.2	0	25.4
M1.20.C15	2545826	synthetic metagenome	Synthetic bacterial community Com15, 8 taxa, control regime, 48 h	Defined community Com15 of 8 bacterial taxa assembled from a pool of 12 isolates, grown 48 h in R2A medium under the control regime (temperature 20 °C, pH 7.2, 0 g NaCl/L). Endpoint 16S rRNA V4-V5 amplicon.	not provided	United Kingdom	Exeter, Devon	laboratory culture	batch culture, 48-well plate	R2A medium	synthetic community	111	Com15	8	Control	20	7.2	0	22.6
M1.20.C16	2545826	synthetic metagenome	Synthetic bacterial community Com16, 8 taxa, control regime, 48 h	Defined community Com16 of 8 bacterial taxa assembled from a pool of 12 isolates, grown 48 h in R2A medium under the control regime (temperature 20 °C, pH 7.2, 0 g NaCl/L). Endpoint 16S rRNA V4-V5 amplicon.	not provided	United Kingdom	Exeter, Devon	laboratory culture	batch culture, 48-well plate	R2A medium	synthetic community	115	Com16	8	Control	20	7.2	0	39.6
M1.20.C17	2545826	synthetic metagenome	Synthetic bacterial community Com17, 8 taxa, control regime, 48 h	Defined community Com17 of 8 bacterial taxa assembled from a pool of 12 isolates, grown 48 h in R2A medium under the control regime (temperature 20 °C, pH 7.2, 0 g NaCl/L). Endpoint 16S rRNA V4-V5 amplicon.	not provided	United Kingdom	Exeter, Devon	laboratory culture	batch culture, 48-well plate	R2A medium	synthetic community	118	Com17	8	Control	20	7.2	0	31.8
M1.20.C18	2545826	synthetic metagenome	Synthetic bacterial community Com18, 8 taxa, control regime, 48 h	Defined community Com18 of 8 bacterial taxa assembled from a pool of 12 isolates, grown 48 h in R2A medium under the control regime (temperature 20 °C, pH 7.2, 0 g NaCl/L). Endpoint 16S rRNA V4-V5 amplicon.	not provided	United Kingdom	Exeter, Devon	laboratory culture	batch culture, 48-well plate	R2A medium	synthetic community	121	Com18	8	Control	20	7.2	0	19
M1.20.C19	2545826	synthetic metagenome	Synthetic bacterial community Com19, 8 taxa, control regime, 48 h	Defined community Com19 of 8 bacterial taxa assembled from a pool of 12 isolates, grown 48 h in R2A medium under the control regime (temperature 20 °C, pH 7.2, 0 g NaCl/L). Endpoint 16S rRNA V4-V5 amplicon.	not provided	United Kingdom	Exeter, Devon	laboratory culture	batch culture, 48-well plate	R2A medium	synthetic community	125	Com19	8	Control	20	7.2	0	35.6
M1.20.C2	2545826	synthetic metagenome	Synthetic bacterial community Com2, 2 taxa, control regime, 48 h	Defined community Com2 of 2 bacterial taxa assembled from a pool of 12 isolates, grown 48 h in R2A medium under the control regime (temperature 20 °C, pH 7.2, 0 g NaCl/L). Endpoint 16S rRNA V4-V5 amplicon.	not provided	United Kingdom	Exeter, Devon	laboratory culture	batch culture, 48-well plate	R2A medium	synthetic community	5	Com2	2	Control	20	7.2	0	33.6
M1.20.C20	2545826	synthetic metagenome	Synthetic bacterial community Com20, 8 taxa, control regime, 48 h	Defined community Com20 of 8 bacterial taxa assembled from a pool of 12 isolates, grown 48 h in R2A medium under the control regime (temperature 20 °C, pH 7.2, 0 g NaCl/L). Endpoint 16S rRNA V4-V5 amplicon.	not provided	United Kingdom	Exeter, Devon	laboratory culture	batch culture, 48-well plate	R2A medium	synthetic community	128	Com20	8	Control	20	7.2	0	35.2
M1.20.C21	2545826	synthetic metagenome	Synthetic bacterial community Com21, 8 taxa, control regime, 48 h	Defined community Com21 of 8 bacterial taxa assembled from a pool of 12 isolates, grown 48 h in R2A medium under the control regime (temperature 20 °C, pH 7.2, 0 g NaCl/L). Endpoint 16S rRNA V4-V5 amplicon.	not provided	United Kingdom	Exeter, Devon	laboratory culture	batch culture, 48-well plate	R2A medium	synthetic community	131	Com21	8	Control	20	7.2	0	37.8
M1.20.C22	2545826	synthetic metagenome	Synthetic bacterial community Com22, 8 taxa, control regime, 48 h	Defined community Com22 of 8 bacterial taxa assembled from a pool of 12 isolates, grown 48 h in R2A medium under the control regime (temperature 20 °C, pH 7.2, 0 g NaCl/L). Endpoint 16S rRNA V4-V5 amplicon.	not provided	United Kingdom	Exeter, Devon	laboratory culture	batch culture, 48-well plate	R2A medium	synthetic community	135	Com22	8	Control	20	7.2	0	38.8
M1.20.C3	2545826	synthetic metagenome	Synthetic bacterial community Com3, 2 taxa, control regime, 48 h	Defined community Com3 of 2 bacterial taxa assembled from a pool of 12 isolates, grown 48 h in R2A medium under the control regime (temperature 20 °C, pH 7.2, 0 g NaCl/L). Endpoint 16S rRNA V4-V5 amplicon.	not provided	United Kingdom	Exeter, Devon	laboratory culture	batch culture, 48-well plate	R2A medium	synthetic community	9	Com3	2	Control	20	7.2	0	8.56
M1.20.C4	2545826	synthetic metagenome	Synthetic bacterial community Com4, 2 taxa, control regime, 48 h	Defined community Com4 of 2 bacterial taxa assembled from a pool of 12 isolates, grown 48 h in R2A medium under the control regime (temperature 20 °C, pH 7.2, 0 g NaCl/L). Endpoint 16S rRNA V4-V5 amplicon.	not provided	United Kingdom	Exeter, Devon	laboratory culture	batch culture, 48-well plate	R2A medium	synthetic community	14	Com4	2	Control	20	7.2	0	57
M1.20.C5	2545826	synthetic metagenome	Synthetic bacterial community Com5, 2 taxa, control regime, 48 h	Defined community Com5 of 2 bacterial taxa assembled from a pool of 12 isolates, grown 48 h in R2A medium under the control regime (temperature 20 °C, pH 7.2, 0 g NaCl/L). Endpoint 16S rRNA V4-V5 amplicon.	not provided	United Kingdom	Exeter, Devon	laboratory culture	batch culture, 48-well plate	R2A medium	synthetic community	18	Com5	2	Control	20	7.2	0	44
M1.20.C6	2545826	synthetic metagenome	Synthetic bacterial community Com6, 2 taxa, control regime, 48 h	Defined community Com6 of 2 bacterial taxa assembled from a pool of 12 isolates, grown 48 h in R2A medium under the control regime (temperature 20 °C, pH 7.2, 0 g NaCl/L). Endpoint 16S rRNA V4-V5 amplicon.	not provided	United Kingdom	Exeter, Devon	laboratory culture	batch culture, 48-well plate	R2A medium	synthetic community	22	Com6	2	Control	20	7.2	0	40.4
M1.20.C7	2545826	synthetic metagenome	Synthetic bacterial community Com7, 4 taxa, control regime, 48 h	Defined community Com7 of 4 bacterial taxa assembled from a pool of 12 isolates, grown 48 h in R2A medium under the control regime (temperature 20 °C, pH 7.2, 0 g NaCl/L). Endpoint 16S rRNA V4-V5 amplicon.	not provided	United Kingdom	Exeter, Devon	laboratory culture	batch culture, 48-well plate	R2A medium	synthetic community	27	Com7	4	Control	20	7.2	0	22.4
M1.20.C8	2545826	synthetic metagenome	Synthetic bacterial community Com8, 4 taxa, control regime, 48 h	Defined community Com8 of 4 bacterial taxa assembled from a pool of 12 isolates, grown 48 h in R2A medium under the control regime (temperature 20 °C, pH 7.2, 0 g NaCl/L). Endpoint 16S rRNA V4-V5 amplicon.	not provided	United Kingdom	Exeter, Devon	laboratory culture	batch culture, 48-well plate	R2A medium	synthetic community	31	Com8	4	Control	20	7.2	0	23.8
M1.20.C9	2545826	synthetic metagenome	Synthetic bacterial community Com9, 4 taxa, control regime, 48 h	Defined community Com9 of 4 bacterial taxa assembled from a pool of 12 isolates, grown 48 h in R2A medium under the control regime (temperature 20 °C, pH 7.2, 0 g NaCl/L). Endpoint 16S rRNA V4-V5 amplicon.	not provided	United Kingdom	Exeter, Devon	laboratory culture	batch culture, 48-well plate	R2A medium	synthetic community	35	Com9	4	Control	20	7.2	0	27
M1.38.C1	2545826	synthetic metagenome	Synthetic bacterial community Com1, 2 taxa, 38 °C regime, 48 h	Defined community Com1 of 2 bacterial taxa assembled from a pool of 12 isolates, grown 48 h in R2A medium under the 38 °C regime (temperature 38 °C, pH 7.2, 0 g NaCl/L). Endpoint 16S rRNA V4-V5 amplicon.	not provided	United Kingdom	Exeter, Devon	laboratory culture	batch culture, 48-well plate	R2A medium	synthetic community	53	Com1	2	Temp	38	7.2	0	2.12
M1.38.C10	2545826	synthetic metagenome	Synthetic bacterial community Com10, 4 taxa, 38 °C regime, 48 h	Defined community Com10 of 4 bacterial taxa assembled from a pool of 12 isolates, grown 48 h in R2A medium under the 38 °C regime (temperature 38 °C, pH 7.2, 0 g NaCl/L). Endpoint 16S rRNA V4-V5 amplicon.	not provided	United Kingdom	Exeter, Devon	laboratory culture	batch culture, 48-well plate	R2A medium	synthetic community	92	Com10	4	Temp	38	7.2	0	0.826
M1.38.C11	2545826	synthetic metagenome	Synthetic bacterial community Com11, 4 taxa, 38 °C regime, 48 h	Defined community Com11 of 4 bacterial taxa assembled from a pool of 12 isolates, grown 48 h in R2A medium under the 38 °C regime (temperature 38 °C, pH 7.2, 0 g NaCl/L). Endpoint 16S rRNA V4-V5 amplicon.	not provided	United Kingdom	Exeter, Devon	laboratory culture	batch culture, 48-well plate	R2A medium	synthetic community	96	Com11	4	Temp	38	7.2	0	30.4
M1.38.C12	2545826	synthetic metagenome	Synthetic bacterial community Com12, 4 taxa, 38 °C regime, 48 h	Defined community Com12 of 4 bacterial taxa assembled from a pool of 12 isolates, grown 48 h in R2A medium under the 38 °C regime (temperature 38 °C, pH 7.2, 0 g NaCl/L). Endpoint 16S rRNA V4-V5 amplicon.	not provided	United Kingdom	Exeter, Devon	laboratory culture	batch culture, 48-well plate	R2A medium	synthetic community	100	Com12	4	Temp	38	7.2	0	0.12
M1.38.C13	2545826	synthetic metagenome	Synthetic bacterial community Com13, 8 taxa, 38 °C regime, 48 h	Defined community Com13 of 8 bacterial taxa assembled from a pool of 12 isolates, grown 48 h in R2A medium under the 38 °C regime (temperature 38 °C, pH 7.2, 0 g NaCl/L). Endpoint 16S rRNA V4-V5 amplicon.	not provided	United Kingdom	Exeter, Devon	laboratory culture	batch culture, 48-well plate	R2A medium	synthetic community	172	Com13	8	Temp	38	7.2	0	26.8
M1.38.C14	2545826	synthetic metagenome	Synthetic bacterial community Com14, 8 taxa, 38 °C regime, 48 h	Defined community Com14 of 8 bacterial taxa assembled from a pool of 12 isolates, grown 48 h in R2A medium under the 38 °C regime (temperature 38 °C, pH 7.2, 0 g NaCl/L). Endpoint 16S rRNA V4-V5 amplicon.	not provided	United Kingdom	Exeter, Devon	laboratory culture	batch culture, 48-well plate	R2A medium	synthetic community	175	Com14	8	Temp	38	7.2	0	20.6
M1.38.C15	2545826	synthetic metagenome	Synthetic bacterial community Com15, 8 taxa, 38 °C regime, 48 h	Defined community Com15 of 8 bacterial taxa assembled from a pool of 12 isolates, grown 48 h in R2A medium under the 38 °C regime (temperature 38 °C, pH 7.2, 0 g NaCl/L). Endpoint 16S rRNA V4-V5 amplicon.	not provided	United Kingdom	Exeter, Devon	laboratory culture	batch culture, 48-well plate	R2A medium	synthetic community	178	Com15	8	Temp	38	7.2	0	17.3
M1.38.C16	2545826	synthetic metagenome	Synthetic bacterial community Com16, 8 taxa, 38 °C regime, 48 h	Defined community Com16 of 8 bacterial taxa assembled from a pool of 12 isolates, grown 48 h in R2A medium under the 38 °C regime (temperature 38 °C, pH 7.2, 0 g NaCl/L). Endpoint 16S rRNA V4-V5 amplicon.	not provided	United Kingdom	Exeter, Devon	laboratory culture	batch culture, 48-well plate	R2A medium	synthetic community	181	Com16	8	Temp	38	7.2	0	15.6
M1.38.C17	2545826	synthetic metagenome	Synthetic bacterial community Com17, 8 taxa, 38 °C regime, 48 h	Defined community Com17 of 8 bacterial taxa assembled from a pool of 12 isolates, grown 48 h in R2A medium under the 38 °C regime (temperature 38 °C, pH 7.2, 0 g NaCl/L). Endpoint 16S rRNA V4-V5 amplicon.	not provided	United Kingdom	Exeter, Devon	laboratory culture	batch culture, 48-well plate	R2A medium	synthetic community	184	Com17	8	Temp	38	7.2	0	29
M1.38.C18	2545826	synthetic metagenome	Synthetic bacterial community Com18, 8 taxa, 38 °C regime, 48 h	Defined community Com18 of 8 bacterial taxa assembled from a pool of 12 isolates, grown 48 h in R2A medium under the 38 °C regime (temperature 38 °C, pH 7.2, 0 g NaCl/L). Endpoint 16S rRNA V4-V5 amplicon.	not provided	United Kingdom	Exeter, Devon	laboratory culture	batch culture, 48-well plate	R2A medium	synthetic community	187	Com18	8	Temp	38	7.2	0	22.6
M1.38.C19	2545826	synthetic metagenome	Synthetic bacterial community Com19, 8 taxa, 38 °C regime, 48 h	Defined community Com19 of 8 bacterial taxa assembled from a pool of 12 isolates, grown 48 h in R2A medium under the 38 °C regime (temperature 38 °C, pH 7.2, 0 g NaCl/L). Endpoint 16S rRNA V4-V5 amplicon.	not provided	United Kingdom	Exeter, Devon	laboratory culture	batch culture, 48-well plate	R2A medium	synthetic community	190	Com19	8	Temp	38	7.2	0	21.8
M1.38.C2	2545826	synthetic metagenome	Synthetic bacterial community Com2, 2 taxa, 38 °C regime, 48 h	Defined community Com2 of 2 bacterial taxa assembled from a pool of 12 isolates, grown 48 h in R2A medium under the 38 °C regime (temperature 38 °C, pH 7.2, 0 g NaCl/L). Endpoint 16S rRNA V4-V5 amplicon.	not provided	United Kingdom	Exeter, Devon	laboratory culture	batch culture, 48-well plate	R2A medium	synthetic community	57	Com2	2	Temp	38	7.2	0	22.2
M1.38.C20	2545826	synthetic metagenome	Synthetic bacterial community Com20, 8 taxa, 38 °C regime, 48 h	Defined community Com20 of 8 bacterial taxa assembled from a pool of 12 isolates, grown 48 h in R2A medium under the 38 °C regime (temperature 38 °C, pH 7.2, 0 g NaCl/L). Endpoint 16S rRNA V4-V5 amplicon.	not provided	United Kingdom	Exeter, Devon	laboratory culture	batch culture, 48-well plate	R2A medium	synthetic community	193	Com20	8	Temp	38	7.2	0	26.2
M1.38.C21	2545826	synthetic metagenome	Synthetic bacterial community Com21, 8 taxa, 38 °C regime, 48 h	Defined community Com21 of 8 bacterial taxa assembled from a pool of 12 isolates, grown 48 h in R2A medium under the 38 °C regime (temperature 38 °C, pH 7.2, 0 g NaCl/L). Endpoint 16S rRNA V4-V5 amplicon.	not provided	United Kingdom	Exeter, Devon	laboratory culture	batch culture, 48-well plate	R2A medium	synthetic community	205	Com21	8	Temp	38	7.2	0	2.7
M1.38.C22	2545826	synthetic metagenome	Synthetic bacterial community Com22, 8 taxa, 38 °C regime, 48 h	Defined community Com22 of 8 bacterial taxa assembled from a pool of 12 isolates, grown 48 h in R2A medium under the 38 °C regime (temperature 38 °C, pH 7.2, 0 g NaCl/L). Endpoint 16S rRNA V4-V5 amplicon.	not provided	United Kingdom	Exeter, Devon	laboratory culture	batch culture, 48-well plate	R2A medium	synthetic community	208	Com22	8	Temp	38	7.2	0	3.46
M1.38.C3	2545826	synthetic metagenome	Synthetic bacterial community Com3, 2 taxa, 38 °C regime, 48 h	Defined community Com3 of 2 bacterial taxa assembled from a pool of 12 isolates, grown 48 h in R2A medium under the 38 °C regime (temperature 38 °C, pH 7.2, 0 g NaCl/L). Endpoint 16S rRNA V4-V5 amplicon.	not provided	United Kingdom	Exeter, Devon	laboratory culture	batch culture, 48-well plate	R2A medium	synthetic community	61	Com3	2	Temp	38	7.2	0	<0.5
M1.38.C4	2545826	synthetic metagenome	Synthetic bacterial community Com4, 2 taxa, 38 °C regime, 48 h	Defined community Com4 of 2 bacterial taxa assembled from a pool of 12 isolates, grown 48 h in R2A medium under the 38 °C regime (temperature 38 °C, pH 7.2, 0 g NaCl/L). Endpoint 16S rRNA V4-V5 amplicon.	not provided	United Kingdom	Exeter, Devon	laboratory culture	batch culture, 48-well plate	R2A medium	synthetic community	66	Com4	2	Temp	38	7.2	0	0.962
M1.38.C5	2545826	synthetic metagenome	Synthetic bacterial community Com5, 2 taxa, 38 °C regime, 48 h	Defined community Com5 of 2 bacterial taxa assembled from a pool of 12 isolates, grown 48 h in R2A medium under the 38 °C regime (temperature 38 °C, pH 7.2, 0 g NaCl/L). Endpoint 16S rRNA V4-V5 amplicon.	not provided	United Kingdom	Exeter, Devon	laboratory culture	batch culture, 48-well plate	R2A medium	synthetic community	70	Com5	2	Temp	38	7.2	0	9.78
M1.38.C6	2545826	synthetic metagenome	Synthetic bacterial community Com6, 2 taxa, 38 °C regime, 48 h	Defined community Com6 of 2 bacterial taxa assembled from a pool of 12 isolates, grown 48 h in R2A medium under the 38 °C regime (temperature 38 °C, pH 7.2, 0 g NaCl/L). Endpoint 16S rRNA V4-V5 amplicon.	not provided	United Kingdom	Exeter, Devon	laboratory culture	batch culture, 48-well plate	R2A medium	synthetic community	74	Com6	2	Temp	38	7.2	0	0.496
M1.38.C7	2545826	synthetic metagenome	Synthetic bacterial community Com7, 4 taxa, 38 °C regime, 48 h	Defined community Com7 of 4 bacterial taxa assembled from a pool of 12 isolates, grown 48 h in R2A medium under the 38 °C regime (temperature 38 °C, pH 7.2, 0 g NaCl/L). Endpoint 16S rRNA V4-V5 amplicon.	not provided	United Kingdom	Exeter, Devon	laboratory culture	batch culture, 48-well plate	R2A medium	synthetic community	79	Com7	4	Temp	38	7.2	0	18.1
M1.38.C8	2545826	synthetic metagenome	Synthetic bacterial community Com8, 4 taxa, 38 °C regime, 48 h	Defined community Com8 of 4 bacterial taxa assembled from a pool of 12 isolates, grown 48 h in R2A medium under the 38 °C regime (temperature 38 °C, pH 7.2, 0 g NaCl/L). Endpoint 16S rRNA V4-V5 amplicon.	not provided	United Kingdom	Exeter, Devon	laboratory culture	batch culture, 48-well plate	R2A medium	synthetic community	83	Com8	4	Temp	38	7.2	0	12.4
M1.38.C9	2545826	synthetic metagenome	Synthetic bacterial community Com9, 4 taxa, 38 °C regime, 48 h	Defined community Com9 of 4 bacterial taxa assembled from a pool of 12 isolates, grown 48 h in R2A medium under the 38 °C regime (temperature 38 °C, pH 7.2, 0 g NaCl/L). Endpoint 16S rRNA V4-V5 amplicon.	not provided	United Kingdom	Exeter, Devon	laboratory culture	batch culture, 48-well plate	R2A medium	synthetic community	87	Com9	4	Temp	38	7.2	0	11.6
M2.20.C1	2545826	synthetic metagenome	Synthetic bacterial community Com1, 2 taxa, pH 5.5 regime, 48 h	Defined community Com1 of 2 bacterial taxa assembled from a pool of 12 isolates, grown 48 h in R2A medium under the pH 5.5 regime (temperature 20 °C, pH 5.5, 0 g NaCl/L). Endpoint 16S rRNA V4-V5 amplicon.	not provided	United Kingdom	Exeter, Devon	laboratory culture	batch culture, 48-well plate	R2A medium	synthetic community	2	Com1	2	pH	20	5.5	0	31
M2.20.C10	2545826	synthetic metagenome	Synthetic bacterial community Com10, 4 taxa, pH 5.5 regime, 48 h	Defined community Com10 of 4 bacterial taxa assembled from a pool of 12 isolates, grown 48 h in R2A medium under the pH 5.5 regime (temperature 20 °C, pH 5.5, 0 g NaCl/L). Endpoint 16S rRNA V4-V5 amplicon.	not provided	United Kingdom	Exeter, Devon	laboratory culture	batch culture, 48-well plate	R2A medium	synthetic community	41	Com10	4	pH	20	5.5	0	46.2
M2.20.C11	2545826	synthetic metagenome	Synthetic bacterial community Com11, 4 taxa, pH 5.5 regime, 48 h	Defined community Com11 of 4 bacterial taxa assembled from a pool of 12 isolates, grown 48 h in R2A medium under the pH 5.5 regime (temperature 20 °C, pH 5.5, 0 g NaCl/L). Endpoint 16S rRNA V4-V5 amplicon.	not provided	United Kingdom	Exeter, Devon	laboratory culture	batch culture, 48-well plate	R2A medium	synthetic community	45	Com11	4	pH	20	5.5	0	28.4
M2.20.C12	2545826	synthetic metagenome	Synthetic bacterial community Com12, 4 taxa, pH 5.5 regime, 48 h	Defined community Com12 of 4 bacterial taxa assembled from a pool of 12 isolates, grown 48 h in R2A medium under the pH 5.5 regime (temperature 20 °C, pH 5.5, 0 g NaCl/L). Endpoint 16S rRNA V4-V5 amplicon.	not provided	United Kingdom	Exeter, Devon	laboratory culture	batch culture, 48-well plate	R2A medium	synthetic community	49	Com12	4	pH	20	5.5	0	36
M2.20.C13	2545826	synthetic metagenome	Synthetic bacterial community Com13, 8 taxa, pH 5.5 regime, 48 h	Defined community Com13 of 8 bacterial taxa assembled from a pool of 12 isolates, grown 48 h in R2A medium under the pH 5.5 regime (temperature 20 °C, pH 5.5, 0 g NaCl/L). Endpoint 16S rRNA V4-V5 amplicon.	not provided	United Kingdom	Exeter, Devon	laboratory culture	batch culture, 48-well plate	R2A medium	synthetic community	287	Com13	8	pH	20	5.5	0	24.4
M2.20.C14	2545826	synthetic metagenome	Synthetic bacterial community Com14, 8 taxa, pH 5.5 regime, 48 h	Defined community Com14 of 8 bacterial taxa assembled from a pool of 12 isolates, grown 48 h in R2A medium under the pH 5.5 regime (temperature 20 °C, pH 5.5, 0 g NaCl/L). Endpoint 16S rRNA V4-V5 amplicon.	not provided	United Kingdom	Exeter, Devon	laboratory culture	batch culture, 48-well plate	R2A medium	synthetic community	289	Com14	8	pH	20	5.5	0	28.8
M2.20.C15	2545826	synthetic metagenome	Synthetic bacterial community Com15, 8 taxa, pH 5.5 regime, 48 h	Defined community Com15 of 8 bacterial taxa assembled from a pool of 12 isolates, grown 48 h in R2A medium under the pH 5.5 regime (temperature 20 °C, pH 5.5, 0 g NaCl/L). Endpoint 16S rRNA V4-V5 amplicon.	not provided	United Kingdom	Exeter, Devon	laboratory culture	batch culture, 48-well plate	R2A medium	synthetic community	291	Com15	8	pH	20	5.5	0	30.2
M2.20.C16	2545826	synthetic metagenome	Synthetic bacterial community Com16, 8 taxa, pH 5.5 regime, 48 h	Defined community Com16 of 8 bacterial taxa assembled from a pool of 12 isolates, grown 48 h in R2A medium under the pH 5.5 regime (temperature 20 °C, pH 5.5, 0 g NaCl/L). Endpoint 16S rRNA V4-V5 amplicon.	not provided	United Kingdom	Exeter, Devon	laboratory culture	batch culture, 48-well plate	R2A medium	synthetic community	293	Com16	8	pH	20	5.5	0	24.2
M2.20.C17	2545826	synthetic metagenome	Synthetic bacterial community Com17, 8 taxa, pH 5.5 regime, 48 h	Defined community Com17 of 8 bacterial taxa assembled from a pool of 12 isolates, grown 48 h in R2A medium under the pH 5.5 regime (temperature 20 °C, pH 5.5, 0 g NaCl/L). Endpoint 16S rRNA V4-V5 amplicon.	not provided	United Kingdom	Exeter, Devon	laboratory culture	batch culture, 48-well plate	R2A medium	synthetic community	296	Com17	8	pH	20	5.5	0	26.6
M2.20.C18	2545826	synthetic metagenome	Synthetic bacterial community Com18, 8 taxa, pH 5.5 regime, 48 h	Defined community Com18 of 8 bacterial taxa assembled from a pool of 12 isolates, grown 48 h in R2A medium under the pH 5.5 regime (temperature 20 °C, pH 5.5, 0 g NaCl/L). Endpoint 16S rRNA V4-V5 amplicon.	not provided	United Kingdom	Exeter, Devon	laboratory culture	batch culture, 48-well plate	R2A medium	synthetic community	298	Com18	8	pH	20	5.5	0	19.8
M2.20.C19	2545826	synthetic metagenome	Synthetic bacterial community Com19, 8 taxa, pH 5.5 regime, 48 h	Defined community Com19 of 8 bacterial taxa assembled from a pool of 12 isolates, grown 48 h in R2A medium under the pH 5.5 regime (temperature 20 °C, pH 5.5, 0 g NaCl/L). Endpoint 16S rRNA V4-V5 amplicon.	not provided	United Kingdom	Exeter, Devon	laboratory culture	batch culture, 48-well plate	R2A medium	synthetic community	300	Com19	8	pH	20	5.5	0	22.4
M2.20.C2	2545826	synthetic metagenome	Synthetic bacterial community Com2, 2 taxa, pH 5.5 regime, 48 h	Defined community Com2 of 2 bacterial taxa assembled from a pool of 12 isolates, grown 48 h in R2A medium under the pH 5.5 regime (temperature 20 °C, pH 5.5, 0 g NaCl/L). Endpoint 16S rRNA V4-V5 amplicon.	not provided	United Kingdom	Exeter, Devon	laboratory culture	batch culture, 48-well plate	R2A medium	synthetic community	6	Com2	2	pH	20	5.5	0	26.4
M2.20.C20	2545826	synthetic metagenome	Synthetic bacterial community Com20, 8 taxa, pH 5.5 regime, 48 h	Defined community Com20 of 8 bacterial taxa assembled from a pool of 12 isolates, grown 48 h in R2A medium under the pH 5.5 regime (temperature 20 °C, pH 5.5, 0 g NaCl/L). Endpoint 16S rRNA V4-V5 amplicon.	not provided	United Kingdom	Exeter, Devon	laboratory culture	batch culture, 48-well plate	R2A medium	synthetic community	302	Com20	8	pH	20	5.5	0	21.6
M2.20.C21	2545826	synthetic metagenome	Synthetic bacterial community Com21, 8 taxa, pH 5.5 regime, 48 h	Defined community Com21 of 8 bacterial taxa assembled from a pool of 12 isolates, grown 48 h in R2A medium under the pH 5.5 regime (temperature 20 °C, pH 5.5, 0 g NaCl/L). Endpoint 16S rRNA V4-V5 amplicon.	not provided	United Kingdom	Exeter, Devon	laboratory culture	batch culture, 48-well plate	R2A medium	synthetic community	304	Com21	8	pH	20	5.5	0	35.6
M2.20.C22	2545826	synthetic metagenome	Synthetic bacterial community Com22, 8 taxa, pH 5.5 regime, 48 h	Defined community Com22 of 8 bacterial taxa assembled from a pool of 12 isolates, grown 48 h in R2A medium under the pH 5.5 regime (temperature 20 °C, pH 5.5, 0 g NaCl/L). Endpoint 16S rRNA V4-V5 amplicon.	not provided	United Kingdom	Exeter, Devon	laboratory culture	batch culture, 48-well plate	R2A medium	synthetic community	306	Com22	8	pH	20	5.5	0	25.6
M2.20.C3	2545826	synthetic metagenome	Synthetic bacterial community Com3, 2 taxa, pH 5.5 regime, 48 h	Defined community Com3 of 2 bacterial taxa assembled from a pool of 12 isolates, grown 48 h in R2A medium under the pH 5.5 regime (temperature 20 °C, pH 5.5, 0 g NaCl/L). Endpoint 16S rRNA V4-V5 amplicon.	not provided	United Kingdom	Exeter, Devon	laboratory culture	batch culture, 48-well plate	R2A medium	synthetic community	10	Com3	2	pH	20	5.5	0	18.5
M2.20.C4	2545826	synthetic metagenome	Synthetic bacterial community Com4, 2 taxa, pH 5.5 regime, 48 h	Defined community Com4 of 2 bacterial taxa assembled from a pool of 12 isolates, grown 48 h in R2A medium under the pH 5.5 regime (temperature 20 °C, pH 5.5, 0 g NaCl/L). Endpoint 16S rRNA V4-V5 amplicon.	not provided	United Kingdom	Exeter, Devon	laboratory culture	batch culture, 48-well plate	R2A medium	synthetic community	15	Com4	2	pH	20	5.5	0	25.8
M2.20.C5	2545826	synthetic metagenome	Synthetic bacterial community Com5, 2 taxa, pH 5.5 regime, 48 h	Defined community Com5 of 2 bacterial taxa assembled from a pool of 12 isolates, grown 48 h in R2A medium under the pH 5.5 regime (temperature 20 °C, pH 5.5, 0 g NaCl/L). Endpoint 16S rRNA V4-V5 amplicon.	not provided	United Kingdom	Exeter, Devon	laboratory culture	batch culture, 48-well plate	R2A medium	synthetic community	19	Com5	2	pH	20	5.5	0	39.4
M2.20.C6	2545826	synthetic metagenome	Synthetic bacterial community Com6, 2 taxa, pH 5.5 regime, 48 h	Defined community Com6 of 2 bacterial taxa assembled from a pool of 12 isolates, grown 48 h in R2A medium under the pH 5.5 regime (temperature 20 °C, pH 5.5, 0 g NaCl/L). Endpoint 16S rRNA V4-V5 amplicon.	not provided	United Kingdom	Exeter, Devon	laboratory culture	batch culture, 48-well plate	R2A medium	synthetic community	23	Com6	2	pH	20	5.5	0	21.6
M2.20.C7	2545826	synthetic metagenome	Synthetic bacterial community Com7, 4 taxa, pH 5.5 regime, 48 h	Defined community Com7 of 4 bacterial taxa assembled from a pool of 12 isolates, grown 48 h in R2A medium under the pH 5.5 regime (temperature 20 °C, pH 5.5, 0 g NaCl/L). Endpoint 16S rRNA V4-V5 amplicon.	not provided	United Kingdom	Exeter, Devon	laboratory culture	batch culture, 48-well plate	R2A medium	synthetic community	28	Com7	4	pH	20	5.5	0	19.2
M2.20.C8	2545826	synthetic metagenome	Synthetic bacterial community Com8, 4 taxa, pH 5.5 regime, 48 h	Defined community Com8 of 4 bacterial taxa assembled from a pool of 12 isolates, grown 48 h in R2A medium under the pH 5.5 regime (temperature 20 °C, pH 5.5, 0 g NaCl/L). Endpoint 16S rRNA V4-V5 amplicon.	not provided	United Kingdom	Exeter, Devon	laboratory culture	batch culture, 48-well plate	R2A medium	synthetic community	32	Com8	4	pH	20	5.5	0	21.4
M2.20.C9	2545826	synthetic metagenome	Synthetic bacterial community Com9, 4 taxa, pH 5.5 regime, 48 h	Defined community Com9 of 4 bacterial taxa assembled from a pool of 12 isolates, grown 48 h in R2A medium under the pH 5.5 regime (temperature 20 °C, pH 5.5, 0 g NaCl/L). Endpoint 16S rRNA V4-V5 amplicon.	not provided	United Kingdom	Exeter, Devon	laboratory culture	batch culture, 48-well plate	R2A medium	synthetic community	36	Com9	4	pH	20	5.5	0	8.84
M2.38.C1	2545826	synthetic metagenome	Synthetic bacterial community Com1, 2 taxa, pH 5.5 + 38 °C regime, 48 h	Defined community Com1 of 2 bacterial taxa assembled from a pool of 12 isolates, grown 48 h in R2A medium under the pH 5.5 + 38 °C regime (temperature 38 °C, pH 5.5, 0 g NaCl/L). Endpoint 16S rRNA V4-V5 amplicon.	not provided	United Kingdom	Exeter, Devon	laboratory culture	batch culture, 48-well plate	R2A medium	synthetic community	54	Com1	2	pHTemp	38	5.5	0	0.134
M2.38.C10	2545826	synthetic metagenome	Synthetic bacterial community Com10, 4 taxa, pH 5.5 + 38 °C regime, 48 h	Defined community Com10 of 4 bacterial taxa assembled from a pool of 12 isolates, grown 48 h in R2A medium under the pH 5.5 + 38 °C regime (temperature 38 °C, pH 5.5, 0 g NaCl/L). Endpoint 16S rRNA V4-V5 amplicon.	not provided	United Kingdom	Exeter, Devon	laboratory culture	batch culture, 48-well plate	R2A medium	synthetic community	93	Com10	4	pHTemp	38	5.5	0	<0.5
M2.38.C11	2545826	synthetic metagenome	Synthetic bacterial community Com11, 4 taxa, pH 5.5 + 38 °C regime, 48 h	Defined community Com11 of 4 bacterial taxa assembled from a pool of 12 isolates, grown 48 h in R2A medium under the pH 5.5 + 38 °C regime (temperature 38 °C, pH 5.5, 0 g NaCl/L). Endpoint 16S rRNA V4-V5 amplicon.	not provided	United Kingdom	Exeter, Devon	laboratory culture	batch culture, 48-well plate	R2A medium	synthetic community	97	Com11	4	pHTemp	38	5.5	0	22.2
M2.38.C12	2545826	synthetic metagenome	Synthetic bacterial community Com12, 4 taxa, pH 5.5 + 38 °C regime, 48 h	Defined community Com12 of 4 bacterial taxa assembled from a pool of 12 isolates, grown 48 h in R2A medium under the pH 5.5 + 38 °C regime (temperature 38 °C, pH 5.5, 0 g NaCl/L). Endpoint 16S rRNA V4-V5 amplicon.	not provided	United Kingdom	Exeter, Devon	laboratory culture	batch culture, 48-well plate	R2A medium	synthetic community	101	Com12	4	pHTemp	38	5.5	0	<0.5
M2.38.C13	2545826	synthetic metagenome	Synthetic bacterial community Com13, 8 taxa, pH 5.5 + 38 °C regime, 48 h	Defined community Com13 of 8 bacterial taxa assembled from a pool of 12 isolates, grown 48 h in R2A medium under the pH 5.5 + 38 °C regime (temperature 38 °C, pH 5.5, 0 g NaCl/L). Endpoint 16S rRNA V4-V5 amplicon.	not provided	United Kingdom	Exeter, Devon	laboratory culture	batch culture, 48-well plate	R2A medium	synthetic community	309	Com13	8	pHTemp	38	5.5	0	22
M2.38.C14	2545826	synthetic metagenome	Synthetic bacterial community Com14, 8 taxa, pH 5.5 + 38 °C regime, 48 h	Defined community Com14 of 8 bacterial taxa assembled from a pool of 12 isolates, grown 48 h in R2A medium under the pH 5.5 + 38 °C regime (temperature 38 °C, pH 5.5, 0 g NaCl/L). Endpoint 16S rRNA V4-V5 amplicon.	not provided	United Kingdom	Exeter, Devon	laboratory culture	batch culture, 48-well plate	R2A medium	synthetic community	311	Com14	8	pHTemp	38	5.5	0	20
M2.38.C15	2545826	synthetic metagenome	Synthetic bacterial community Com15, 8 taxa, pH 5.5 + 38 °C regime, 48 h	Defined community Com15 of 8 bacterial taxa assembled from a pool of 12 isolates, grown 48 h in R2A medium under the pH 5.5 + 38 °C regime (temperature 38 °C, pH 5.5, 0 g NaCl/L). Endpoint 16S rRNA V4-V5 amplicon.	not provided	United Kingdom	Exeter, Devon	laboratory culture	batch culture, 48-well plate	R2A medium	synthetic community	313	Com15	8	pHTemp	38	5.5	0	26.2
M2.38.C16	2545826	synthetic metagenome	Synthetic bacterial community Com16, 8 taxa, pH 5.5 + 38 °C regime, 48 h	Defined community Com16 of 8 bacterial taxa assembled from a pool of 12 isolates, grown 48 h in R2A medium under the pH 5.5 + 38 °C regime (temperature 38 °C, pH 5.5, 0 g NaCl/L). Endpoint 16S rRNA V4-V5 amplicon.	not provided	United Kingdom	Exeter, Devon	laboratory culture	batch culture, 48-well plate	R2A medium	synthetic community	315	Com16	8	pHTemp	38	5.5	0	9.18
M2.38.C17	2545826	synthetic metagenome	Synthetic bacterial community Com17, 8 taxa, pH 5.5 + 38 °C regime, 48 h	Defined community Com17 of 8 bacterial taxa assembled from a pool of 12 isolates, grown 48 h in R2A medium under the pH 5.5 + 38 °C regime (temperature 38 °C, pH 5.5, 0 g NaCl/L). Endpoint 16S rRNA V4-V5 amplicon.	not provided	United Kingdom	Exeter, Devon	laboratory culture	batch culture, 48-well plate	R2A medium	synthetic community	318	Com17	8	pHTemp	38	5.5	0	18
M2.38.C18	2545826	synthetic metagenome	Synthetic bacterial community Com18, 8 taxa, pH 5.5 + 38 °C regime, 48 h	Defined community Com18 of 8 bacterial taxa assembled from a pool of 12 isolates, grown 48 h in R2A medium under the pH 5.5 + 38 °C regime (temperature 38 °C, pH 5.5, 0 g NaCl/L). Endpoint 16S rRNA V4-V5 amplicon.	not provided	United Kingdom	Exeter, Devon	laboratory culture	batch culture, 48-well plate	R2A medium	synthetic community	320	Com18	8	pHTemp	38	5.5	0	22.2
M2.38.C19	2545826	synthetic metagenome	Synthetic bacterial community Com19, 8 taxa, pH 5.5 + 38 °C regime, 48 h	Defined community Com19 of 8 bacterial taxa assembled from a pool of 12 isolates, grown 48 h in R2A medium under the pH 5.5 + 38 °C regime (temperature 38 °C, pH 5.5, 0 g NaCl/L). Endpoint 16S rRNA V4-V5 amplicon.	not provided	United Kingdom	Exeter, Devon	laboratory culture	batch culture, 48-well plate	R2A medium	synthetic community	322	Com19	8	pHTemp	38	5.5	0	27.6
M2.38.C2	2545826	synthetic metagenome	Synthetic bacterial community Com2, 2 taxa, pH 5.5 + 38 °C regime, 48 h	Defined community Com2 of 2 bacterial taxa assembled from a pool of 12 isolates, grown 48 h in R2A medium under the pH 5.5 + 38 °C regime (temperature 38 °C, pH 5.5, 0 g NaCl/L). Endpoint 16S rRNA V4-V5 amplicon.	not provided	United Kingdom	Exeter, Devon	laboratory culture	batch culture, 48-well plate	R2A medium	synthetic community	58	Com2	2	pHTemp	38	5.5	0	28.2
M2.38.C20	2545826	synthetic metagenome	Synthetic bacterial community Com20, 8 taxa, pH 5.5 + 38 °C regime, 48 h	Defined community Com20 of 8 bacterial taxa assembled from a pool of 12 isolates, grown 48 h in R2A medium under the pH 5.5 + 38 °C regime (temperature 38 °C, pH 5.5, 0 g NaCl/L). Endpoint 16S rRNA V4-V5 amplicon.	not provided	United Kingdom	Exeter, Devon	laboratory culture	batch culture, 48-well plate	R2A medium	synthetic community	324	Com20	8	pHTemp	38	5.5	0	24
M2.38.C21	2545826	synthetic metagenome	Synthetic bacterial community Com21, 8 taxa, pH 5.5 + 38 °C regime, 48 h	Defined community Com21 of 8 bacterial taxa assembled from a pool of 12 isolates, grown 48 h in R2A medium under the pH 5.5 + 38 °C regime (temperature 38 °C, pH 5.5, 0 g NaCl/L). Endpoint 16S rRNA V4-V5 amplicon.	not provided	United Kingdom	Exeter, Devon	laboratory culture	batch culture, 48-well plate	R2A medium	synthetic community	326	Com21	8	pHTemp	38	5.5	0	12.4
M2.38.C22	2545826	synthetic metagenome	Synthetic bacterial community Com22, 8 taxa, pH 5.5 + 38 °C regime, 48 h	Defined community Com22 of 8 bacterial taxa assembled from a pool of 12 isolates, grown 48 h in R2A medium under the pH 5.5 + 38 °C regime (temperature 38 °C, pH 5.5, 0 g NaCl/L). Endpoint 16S rRNA V4-V5 amplicon.	not provided	United Kingdom	Exeter, Devon	laboratory culture	batch culture, 48-well plate	R2A medium	synthetic community	328	Com22	8	pHTemp	38	5.5	0	17.9
M2.38.C3	2545826	synthetic metagenome	Synthetic bacterial community Com3, 2 taxa, pH 5.5 + 38 °C regime, 48 h	Defined community Com3 of 2 bacterial taxa assembled from a pool of 12 isolates, grown 48 h in R2A medium under the pH 5.5 + 38 °C regime (temperature 38 °C, pH 5.5, 0 g NaCl/L). Endpoint 16S rRNA V4-V5 amplicon.	not provided	United Kingdom	Exeter, Devon	laboratory culture	batch culture, 48-well plate	R2A medium	synthetic community	62	Com3	2	pHTemp	38	5.5	0	<0.5
M2.38.C4	2545826	synthetic metagenome	Synthetic bacterial community Com4, 2 taxa, pH 5.5 + 38 °C regime, 48 h	Defined community Com4 of 2 bacterial taxa assembled from a pool of 12 isolates, grown 48 h in R2A medium under the pH 5.5 + 38 °C regime (temperature 38 °C, pH 5.5, 0 g NaCl/L). Endpoint 16S rRNA V4-V5 amplicon.	not provided	United Kingdom	Exeter, Devon	laboratory culture	batch culture, 48-well plate	R2A medium	synthetic community	67	Com4	2	pHTemp	38	5.5	0	<0.5
M2.38.C5	2545826	synthetic metagenome	Synthetic bacterial community Com5, 2 taxa, pH 5.5 + 38 °C regime, 48 h	Defined community Com5 of 2 bacterial taxa assembled from a pool of 12 isolates, grown 48 h in R2A medium under the pH 5.5 + 38 °C regime (temperature 38 °C, pH 5.5, 0 g NaCl/L). Endpoint 16S rRNA V4-V5 amplicon.	not provided	United Kingdom	Exeter, Devon	laboratory culture	batch culture, 48-well plate	R2A medium	synthetic community	71	Com5	2	pHTemp	38	5.5	0	11.1
M2.38.C6	2545826	synthetic metagenome	Synthetic bacterial community Com6, 2 taxa, pH 5.5 + 38 °C regime, 48 h	Defined community Com6 of 2 bacterial taxa assembled from a pool of 12 isolates, grown 48 h in R2A medium under the pH 5.5 + 38 °C regime (temperature 38 °C, pH 5.5, 0 g NaCl/L). Endpoint 16S rRNA V4-V5 amplicon.	not provided	United Kingdom	Exeter, Devon	laboratory culture	batch culture, 48-well plate	R2A medium	synthetic community	75	Com6	2	pHTemp	38	5.5	0	<0.5
M2.38.C7	2545826	synthetic metagenome	Synthetic bacterial community Com7, 4 taxa, pH 5.5 + 38 °C regime, 48 h	Defined community Com7 of 4 bacterial taxa assembled from a pool of 12 isolates, grown 48 h in R2A medium under the pH 5.5 + 38 °C regime (temperature 38 °C, pH 5.5, 0 g NaCl/L). Endpoint 16S rRNA V4-V5 amplicon.	not provided	United Kingdom	Exeter, Devon	laboratory culture	batch culture, 48-well plate	R2A medium	synthetic community	80	Com7	4	pHTemp	38	5.5	0	16.7
M2.38.C8	2545826	synthetic metagenome	Synthetic bacterial community Com8, 4 taxa, pH 5.5 + 38 °C regime, 48 h	Defined community Com8 of 4 bacterial taxa assembled from a pool of 12 isolates, grown 48 h in R2A medium under the pH 5.5 + 38 °C regime (temperature 38 °C, pH 5.5, 0 g NaCl/L). Endpoint 16S rRNA V4-V5 amplicon.	not provided	United Kingdom	Exeter, Devon	laboratory culture	batch culture, 48-well plate	R2A medium	synthetic community	84	Com8	4	pHTemp	38	5.5	0	19.9
M2.38.C9	2545826	synthetic metagenome	Synthetic bacterial community Com9, 4 taxa, pH 5.5 + 38 °C regime, 48 h	Defined community Com9 of 4 bacterial taxa assembled from a pool of 12 isolates, grown 48 h in R2A medium under the pH 5.5 + 38 °C regime (temperature 38 °C, pH 5.5, 0 g NaCl/L). Endpoint 16S rRNA V4-V5 amplicon.	not provided	United Kingdom	Exeter, Devon	laboratory culture	batch culture, 48-well plate	R2A medium	synthetic community	88	Com9	4	pHTemp	38	5.5	0	0.498
M3.20.C1	2545826	synthetic metagenome	Synthetic bacterial community Com1, 2 taxa, salinity 20 g/L regime, 48 h	Defined community Com1 of 2 bacterial taxa assembled from a pool of 12 isolates, grown 48 h in R2A medium under the salinity 20 g/L regime (temperature 20 °C, pH 7.2, 20 g NaCl/L). Endpoint 16S rRNA V4-V5 amplicon.	not provided	United Kingdom	Exeter, Devon	laboratory culture	batch culture, 48-well plate	R2A medium	synthetic community	3	Com1	2	Sal	20	7.2	20	48.4
M3.20.C10	2545826	synthetic metagenome	Synthetic bacterial community Com10, 4 taxa, salinity 20 g/L regime, 48 h	Defined community Com10 of 4 bacterial taxa assembled from a pool of 12 isolates, grown 48 h in R2A medium under the salinity 20 g/L regime (temperature 20 °C, pH 7.2, 20 g NaCl/L). Endpoint 16S rRNA V4-V5 amplicon.	not provided	United Kingdom	Exeter, Devon	laboratory culture	batch culture, 48-well plate	R2A medium	synthetic community	42	Com10	4	Sal	20	7.2	20	30.2
M3.20.C11	2545826	synthetic metagenome	Synthetic bacterial community Com11, 4 taxa, salinity 20 g/L regime, 48 h	Defined community Com11 of 4 bacterial taxa assembled from a pool of 12 isolates, grown 48 h in R2A medium under the salinity 20 g/L regime (temperature 20 °C, pH 7.2, 20 g NaCl/L). Endpoint 16S rRNA V4-V5 amplicon.	not provided	United Kingdom	Exeter, Devon	laboratory culture	batch culture, 48-well plate	R2A medium	synthetic community	46	Com11	4	Sal	20	7.2	20	21.2
M3.20.C12	2545826	synthetic metagenome	Synthetic bacterial community Com12, 4 taxa, salinity 20 g/L regime, 48 h	Defined community Com12 of 4 bacterial taxa assembled from a pool of 12 isolates, grown 48 h in R2A medium under the salinity 20 g/L regime (temperature 20 °C, pH 7.2, 20 g NaCl/L). Endpoint 16S rRNA V4-V5 amplicon.	not provided	United Kingdom	Exeter, Devon	laboratory culture	batch culture, 48-well plate	R2A medium	synthetic community	50	Com12	4	Sal	20	7.2	20	14.9
M3.20.C13	2545826	synthetic metagenome	Synthetic bacterial community Com13, 8 taxa, salinity 20 g/L regime, 48 h	Defined community Com13 of 8 bacterial taxa assembled from a pool of 12 isolates, grown 48 h in R2A medium under the salinity 20 g/L regime (temperature 20 °C, pH 7.2, 20 g NaCl/L). Endpoint 16S rRNA V4-V5 amplicon.	not provided	United Kingdom	Exeter, Devon	laboratory culture	batch culture, 48-well plate	R2A medium	synthetic community	106	Com13	8	Sal	20	7.2	20	21.4
M3.20.C14	2545826	synthetic metagenome	Synthetic bacterial community Com14, 8 taxa, salinity 20 g/L regime, 48 h	Defined community Com14 of 8 bacterial taxa assembled from a pool of 12 isolates, grown 48 h in R2A medium under the salinity 20 g/L regime (temperature 20 °C, pH 7.2, 20 g NaCl/L). Endpoint 16S rRNA V4-V5 amplicon.	not provided	United Kingdom	Exeter, Devon	laboratory culture	batch culture, 48-well plate	R2A medium	synthetic community	109	Com14	8	Sal	20	7.2	20	27.4
M3.20.C15	2545826	synthetic metagenome	Synthetic bacterial community Com15, 8 taxa, salinity 20 g/L regime, 48 h	Defined community Com15 of 8 bacterial taxa assembled from a pool of 12 isolates, grown 48 h in R2A medium under the salinity 20 g/L regime (temperature 20 °C, pH 7.2, 20 g NaCl/L). Endpoint 16S rRNA V4-V5 amplicon.	not provided	United Kingdom	Exeter, Devon	laboratory culture	batch culture, 48-well plate	R2A medium	synthetic community	112	Com15	8	Sal	20	7.2	20	31.2
M3.20.C16	2545826	synthetic metagenome	Synthetic bacterial community Com16, 8 taxa, salinity 20 g/L regime, 48 h	Defined community Com16 of 8 bacterial taxa assembled from a pool of 12 isolates, grown 48 h in R2A medium under the salinity 20 g/L regime (temperature 20 °C, pH 7.2, 20 g NaCl/L). Endpoint 16S rRNA V4-V5 amplicon.	not provided	United Kingdom	Exeter, Devon	laboratory culture	batch culture, 48-well plate	R2A medium	synthetic community	116	Com16	8	Sal	20	7.2	20	28
M3.20.C17	2545826	synthetic metagenome	Synthetic bacterial community Com17, 8 taxa, salinity 20 g/L regime, 48 h	Defined community Com17 of 8 bacterial taxa assembled from a pool of 12 isolates, grown 48 h in R2A medium under the salinity 20 g/L regime (temperature 20 °C, pH 7.2, 20 g NaCl/L). Endpoint 16S rRNA V4-V5 amplicon.	not provided	United Kingdom	Exeter, Devon	laboratory culture	batch culture, 48-well plate	R2A medium	synthetic community	119	Com17	8	Sal	20	7.2	20	32.8
M3.20.C18	2545826	synthetic metagenome	Synthetic bacterial community Com18, 8 taxa, salinity 20 g/L regime, 48 h	Defined community Com18 of 8 bacterial taxa assembled from a pool of 12 isolates, grown 48 h in R2A medium under the salinity 20 g/L regime (temperature 20 °C, pH 7.2, 20 g NaCl/L). Endpoint 16S rRNA V4-V5 amplicon.	not provided	United Kingdom	Exeter, Devon	laboratory culture	batch culture, 48-well plate	R2A medium	synthetic community	122	Com18	8	Sal	20	7.2	20	26.4
M3.20.C19	2545826	synthetic metagenome	Synthetic bacterial community Com19, 8 taxa, salinity 20 g/L regime, 48 h	Defined community Com19 of 8 bacterial taxa assembled from a pool of 12 isolates, grown 48 h in R2A medium under the salinity 20 g/L regime (temperature 20 °C, pH 7.2, 20 g NaCl/L). Endpoint 16S rRNA V4-V5 amplicon.	not provided	United Kingdom	Exeter, Devon	laboratory culture	batch culture, 48-well plate	R2A medium	synthetic community	126	Com19	8	Sal	20	7.2	20	25.8
M3.20.C2	2545826	synthetic metagenome	Synthetic bacterial community Com2, 2 taxa, salinity 20 g/L regime, 48 h	Defined community Com2 of 2 bacterial taxa assembled from a pool of 12 isolates, grown 48 h in R2A medium under the salinity 20 g/L regime (temperature 20 °C, pH 7.2, 20 g NaCl/L). Endpoint 16S rRNA V4-V5 amplicon.	not provided	United Kingdom	Exeter, Devon	laboratory culture	batch culture, 48-well plate	R2A medium	synthetic community	7	Com2	2	Sal	20	7.2	20	24.6
M3.20.C20	2545826	synthetic metagenome	Synthetic bacterial community Com20, 8 taxa, salinity 20 g/L regime, 48 h	Defined community Com20 of 8 bacterial taxa assembled from a pool of 12 isolates, grown 48 h in R2A medium under the salinity 20 g/L regime (temperature 20 °C, pH 7.2, 20 g NaCl/L). Endpoint 16S rRNA V4-V5 amplicon.	not provided	United Kingdom	Exeter, Devon	laboratory culture	batch culture, 48-well plate	R2A medium	synthetic community	129	Com20	8	Sal	20	7.2	20	27.8
M3.20.C21	2545826	synthetic metagenome	Synthetic bacterial community Com21, 8 taxa, salinity 20 g/L regime, 48 h	Defined community Com21 of 8 bacterial taxa assembled from a pool of 12 isolates, grown 48 h in R2A medium under the salinity 20 g/L regime (temperature 20 °C, pH 7.2, 20 g NaCl/L). Endpoint 16S rRNA V4-V5 amplicon.	not provided	United Kingdom	Exeter, Devon	laboratory culture	batch culture, 48-well plate	R2A medium	synthetic community	132	Com21	8	Sal	20	7.2	20	29.8
M3.20.C22	2545826	synthetic metagenome	Synthetic bacterial community Com22, 8 taxa, salinity 20 g/L regime, 48 h	Defined community Com22 of 8 bacterial taxa assembled from a pool of 12 isolates, grown 48 h in R2A medium under the salinity 20 g/L regime (temperature 20 °C, pH 7.2, 20 g NaCl/L). Endpoint 16S rRNA V4-V5 amplicon.	not provided	United Kingdom	Exeter, Devon	laboratory culture	batch culture, 48-well plate	R2A medium	synthetic community	136	Com22	8	Sal	20	7.2	20	40.8
M3.20.C3	2545826	synthetic metagenome	Synthetic bacterial community Com3, 2 taxa, salinity 20 g/L regime, 48 h	Defined community Com3 of 2 bacterial taxa assembled from a pool of 12 isolates, grown 48 h in R2A medium under the salinity 20 g/L regime (temperature 20 °C, pH 7.2, 20 g NaCl/L). Endpoint 16S rRNA V4-V5 amplicon.	not provided	United Kingdom	Exeter, Devon	laboratory culture	batch culture, 48-well plate	R2A medium	synthetic community	11	Com3	2	Sal	20	7.2	20	32.4
M3.20.C4	2545826	synthetic metagenome	Synthetic bacterial community Com4, 2 taxa, salinity 20 g/L regime, 48 h	Defined community Com4 of 2 bacterial taxa assembled from a pool of 12 isolates, grown 48 h in R2A medium under the salinity 20 g/L regime (temperature 20 °C, pH 7.2, 20 g NaCl/L). Endpoint 16S rRNA V4-V5 amplicon.	not provided	United Kingdom	Exeter, Devon	laboratory culture	batch culture, 48-well plate	R2A medium	synthetic community	16	Com4	2	Sal	20	7.2	20	23.4
M3.20.C5	2545826	synthetic metagenome	Synthetic bacterial community Com5, 2 taxa, salinity 20 g/L regime, 48 h	Defined community Com5 of 2 bacterial taxa assembled from a pool of 12 isolates, grown 48 h in R2A medium under the salinity 20 g/L regime (temperature 20 °C, pH 7.2, 20 g NaCl/L). Endpoint 16S rRNA V4-V5 amplicon.	not provided	United Kingdom	Exeter, Devon	laboratory culture	batch culture, 48-well plate	R2A medium	synthetic community	20	Com5	2	Sal	20	7.2	20	18.5
M3.20.C6	2545826	synthetic metagenome	Synthetic bacterial community Com6, 2 taxa, salinity 20 g/L regime, 48 h	Defined community Com6 of 2 bacterial taxa assembled from a pool of 12 isolates, grown 48 h in R2A medium under the salinity 20 g/L regime (temperature 20 °C, pH 7.2, 20 g NaCl/L). Endpoint 16S rRNA V4-V5 amplicon.	not provided	United Kingdom	Exeter, Devon	laboratory culture	batch culture, 48-well plate	R2A medium	synthetic community	24	Com6	2	Sal	20	7.2	20	31.8
M3.20.C7	2545826	synthetic metagenome	Synthetic bacterial community Com7, 4 taxa, salinity 20 g/L regime, 48 h	Defined community Com7 of 4 bacterial taxa assembled from a pool of 12 isolates, grown 48 h in R2A medium under the salinity 20 g/L regime (temperature 20 °C, pH 7.2, 20 g NaCl/L). Endpoint 16S rRNA V4-V5 amplicon.	not provided	United Kingdom	Exeter, Devon	laboratory culture	batch culture, 48-well plate	R2A medium	synthetic community	29	Com7	4	Sal	20	7.2	20	34
M3.20.C8	2545826	synthetic metagenome	Synthetic bacterial community Com8, 4 taxa, salinity 20 g/L regime, 48 h	Defined community Com8 of 4 bacterial taxa assembled from a pool of 12 isolates, grown 48 h in R2A medium under the salinity 20 g/L regime (temperature 20 °C, pH 7.2, 20 g NaCl/L). Endpoint 16S rRNA V4-V5 amplicon.	not provided	United Kingdom	Exeter, Devon	laboratory culture	batch culture, 48-well plate	R2A medium	synthetic community	33	Com8	4	Sal	20	7.2	20	46.8
M3.20.C9	2545826	synthetic metagenome	Synthetic bacterial community Com9, 4 taxa, salinity 20 g/L regime, 48 h	Defined community Com9 of 4 bacterial taxa assembled from a pool of 12 isolates, grown 48 h in R2A medium under the salinity 20 g/L regime (temperature 20 °C, pH 7.2, 20 g NaCl/L). Endpoint 16S rRNA V4-V5 amplicon.	not provided	United Kingdom	Exeter, Devon	laboratory culture	batch culture, 48-well plate	R2A medium	synthetic community	37	Com9	4	Sal	20	7.2	20	15.4
M3.38.C1	2545826	synthetic metagenome	Synthetic bacterial community Com1, 2 taxa, salinity 20 g/L + 38 °C regime, 48 h	Defined community Com1 of 2 bacterial taxa assembled from a pool of 12 isolates, grown 48 h in R2A medium under the salinity 20 g/L + 38 °C regime (temperature 38 °C, pH 7.2, 20 g NaCl/L). Endpoint 16S rRNA V4-V5 amplicon.	not provided	United Kingdom	Exeter, Devon	laboratory culture	batch culture, 48-well plate	R2A medium	synthetic community	55	Com1	2	SalTemp	38	7.2	20	5.5
M3.38.C10	2545826	synthetic metagenome	Synthetic bacterial community Com10, 4 taxa, salinity 20 g/L + 38 °C regime, 48 h	Defined community Com10 of 4 bacterial taxa assembled from a pool of 12 isolates, grown 48 h in R2A medium under the salinity 20 g/L + 38 °C regime (temperature 38 °C, pH 7.2, 20 g NaCl/L). Endpoint 16S rRNA V4-V5 amplicon.	not provided	United Kingdom	Exeter, Devon	laboratory culture	batch culture, 48-well plate	R2A medium	synthetic community	94	Com10	4	SalTemp	38	7.2	20	3.42
M3.38.C11	2545826	synthetic metagenome	Synthetic bacterial community Com11, 4 taxa, salinity 20 g/L + 38 °C regime, 48 h	Defined community Com11 of 4 bacterial taxa assembled from a pool of 12 isolates, grown 48 h in R2A medium under the salinity 20 g/L + 38 °C regime (temperature 38 °C, pH 7.2, 20 g NaCl/L). Endpoint 16S rRNA V4-V5 amplicon.	not provided	United Kingdom	Exeter, Devon	laboratory culture	batch culture, 48-well plate	R2A medium	synthetic community	98	Com11	4	SalTemp	38	7.2	20	18.7
M3.38.C12	2545826	synthetic metagenome	Synthetic bacterial community Com12, 4 taxa, salinity 20 g/L + 38 °C regime, 48 h	Defined community Com12 of 4 bacterial taxa assembled from a pool of 12 isolates, grown 48 h in R2A medium under the salinity 20 g/L + 38 °C regime (temperature 38 °C, pH 7.2, 20 g NaCl/L). Endpoint 16S rRNA V4-V5 amplicon.	not provided	United Kingdom	Exeter, Devon	laboratory culture	batch culture, 48-well plate	R2A medium	synthetic community	102	Com12	4	SalTemp	38	7.2	20	3.96
M3.38.C13	2545826	synthetic metagenome	Synthetic bacterial community Com13, 8 taxa, salinity 20 g/L + 38 °C regime, 48 h	Defined community Com13 of 8 bacterial taxa assembled from a pool of 12 isolates, grown 48 h in R2A medium under the salinity 20 g/L + 38 °C regime (temperature 38 °C, pH 7.2, 20 g NaCl/L). Endpoint 16S rRNA V4-V5 amplicon.	not provided	United Kingdom	Exeter, Devon	laboratory culture	batch culture, 48-well plate	R2A medium	synthetic community	173	Com13	8	SalTemp	38	7.2	20	30
M3.38.C14	2545826	synthetic metagenome	Synthetic bacterial community Com14, 8 taxa, salinity 20 g/L + 38 °C regime, 48 h	Defined community Com14 of 8 bacterial taxa assembled from a pool of 12 isolates, grown 48 h in R2A medium under the salinity 20 g/L + 38 °C regime (temperature 38 °C, pH 7.2, 20 g NaCl/L). Endpoint 16S rRNA V4-V5 amplicon.	not provided	United Kingdom	Exeter, Devon	laboratory culture	batch culture, 48-well plate	R2A medium	synthetic community	176	Com14	8	SalTemp	38	7.2	20	19.9
M3.38.C15	2545826	synthetic metagenome	Synthetic bacterial community Com15, 8 taxa, salinity 20 g/L + 38 °C regime, 48 h	Defined community Com15 of 8 bacterial taxa assembled from a pool of 12 isolates, grown 48 h in R2A medium under the salinity 20 g/L + 38 °C regime (temperature 38 °C, pH 7.2, 20 g NaCl/L). Endpoint 16S rRNA V4-V5 amplicon.	not provided	United Kingdom	Exeter, Devon	laboratory culture	batch culture, 48-well plate	R2A medium	synthetic community	179	Com15	8	SalTemp	38	7.2	20	13.8
M3.38.C16	2545826	synthetic metagenome	Synthetic bacterial community Com16, 8 taxa, salinity 20 g/L + 38 °C regime, 48 h	Defined community Com16 of 8 bacterial taxa assembled from a pool of 12 isolates, grown 48 h in R2A medium under the salinity 20 g/L + 38 °C regime (temperature 38 °C, pH 7.2, 20 g NaCl/L). Endpoint 16S rRNA V4-V5 amplicon.	not provided	United Kingdom	Exeter, Devon	laboratory culture	batch culture, 48-well plate	R2A medium	synthetic community	182	Com16	8	SalTemp	38	7.2	20	4.9
M3.38.C17	2545826	synthetic metagenome	Synthetic bacterial community Com17, 8 taxa, salinity 20 g/L + 38 °C regime, 48 h	Defined community Com17 of 8 bacterial taxa assembled from a pool of 12 isolates, grown 48 h in R2A medium under the salinity 20 g/L + 38 °C regime (temperature 38 °C, pH 7.2, 20 g NaCl/L). Endpoint 16S rRNA V4-V5 amplicon.	not provided	United Kingdom	Exeter, Devon	laboratory culture	batch culture, 48-well plate	R2A medium	synthetic community	185	Com17	8	SalTemp	38	7.2	20	36.4
M3.38.C18	2545826	synthetic metagenome	Synthetic bacterial community Com18, 8 taxa, salinity 20 g/L + 38 °C regime, 48 h	Defined community Com18 of 8 bacterial taxa assembled from a pool of 12 isolates, grown 48 h in R2A medium under the salinity 20 g/L + 38 °C regime (temperature 38 °C, pH 7.2, 20 g NaCl/L). Endpoint 16S rRNA V4-V5 amplicon.	not provided	United Kingdom	Exeter, Devon	laboratory culture	batch culture, 48-well plate	R2A medium	synthetic community	188	Com18	8	SalTemp	38	7.2	20	19.7
M3.38.C19	2545826	synthetic metagenome	Synthetic bacterial community Com19, 8 taxa, salinity 20 g/L + 38 °C regime, 48 h	Defined community Com19 of 8 bacterial taxa assembled from a pool of 12 isolates, grown 48 h in R2A medium under the salinity 20 g/L + 38 °C regime (temperature 38 °C, pH 7.2, 20 g NaCl/L). Endpoint 16S rRNA V4-V5 amplicon.	not provided	United Kingdom	Exeter, Devon	laboratory culture	batch culture, 48-well plate	R2A medium	synthetic community	191	Com19	8	SalTemp	38	7.2	20	13
M3.38.C2	2545826	synthetic metagenome	Synthetic bacterial community Com2, 2 taxa, salinity 20 g/L + 38 °C regime, 48 h	Defined community Com2 of 2 bacterial taxa assembled from a pool of 12 isolates, grown 48 h in R2A medium under the salinity 20 g/L + 38 °C regime (temperature 38 °C, pH 7.2, 20 g NaCl/L). Endpoint 16S rRNA V4-V5 amplicon.	not provided	United Kingdom	Exeter, Devon	laboratory culture	batch culture, 48-well plate	R2A medium	synthetic community	59	Com2	2	SalTemp	38	7.2	20	27.8
M3.38.C20	2545826	synthetic metagenome	Synthetic bacterial community Com20, 8 taxa, salinity 20 g/L + 38 °C regime, 48 h	Defined community Com20 of 8 bacterial taxa assembled from a pool of 12 isolates, grown 48 h in R2A medium under the salinity 20 g/L + 38 °C regime (temperature 38 °C, pH 7.2, 20 g NaCl/L). Endpoint 16S rRNA V4-V5 amplicon.	not provided	United Kingdom	Exeter, Devon	laboratory culture	batch culture, 48-well plate	R2A medium	synthetic community	194	Com20	8	SalTemp	38	7.2	20	25.6
M3.38.C21	2545826	synthetic metagenome	Synthetic bacterial community Com21, 8 taxa, salinity 20 g/L + 38 °C regime, 48 h	Defined community Com21 of 8 bacterial taxa assembled from a pool of 12 isolates, grown 48 h in R2A medium under the salinity 20 g/L + 38 °C regime (temperature 38 °C, pH 7.2, 20 g NaCl/L). Endpoint 16S rRNA V4-V5 amplicon.	not provided	United Kingdom	Exeter, Devon	laboratory culture	batch culture, 48-well plate	R2A medium	synthetic community	206	Com21	8	SalTemp	38	7.2	20	4.34
M3.38.C22	2545826	synthetic metagenome	Synthetic bacterial community Com22, 8 taxa, salinity 20 g/L + 38 °C regime, 48 h	Defined community Com22 of 8 bacterial taxa assembled from a pool of 12 isolates, grown 48 h in R2A medium under the salinity 20 g/L + 38 °C regime (temperature 38 °C, pH 7.2, 20 g NaCl/L). Endpoint 16S rRNA V4-V5 amplicon.	not provided	United Kingdom	Exeter, Devon	laboratory culture	batch culture, 48-well plate	R2A medium	synthetic community	209	Com22	8	SalTemp	38	7.2	20	4.76
M3.38.C3	2545826	synthetic metagenome	Synthetic bacterial community Com3, 2 taxa, salinity 20 g/L + 38 °C regime, 48 h	Defined community Com3 of 2 bacterial taxa assembled from a pool of 12 isolates, grown 48 h in R2A medium under the salinity 20 g/L + 38 °C regime (temperature 38 °C, pH 7.2, 20 g NaCl/L). Endpoint 16S rRNA V4-V5 amplicon.	not provided	United Kingdom	Exeter, Devon	laboratory culture	batch culture, 48-well plate	R2A medium	synthetic community	63	Com3	2	SalTemp	38	7.2	20	6.8
M3.38.C4	2545826	synthetic metagenome	Synthetic bacterial community Com4, 2 taxa, salinity 20 g/L + 38 °C regime, 48 h	Defined community Com4 of 2 bacterial taxa assembled from a pool of 12 isolates, grown 48 h in R2A medium under the salinity 20 g/L + 38 °C regime (temperature 38 °C, pH 7.2, 20 g NaCl/L). Endpoint 16S rRNA V4-V5 amplicon.	not provided	United Kingdom	Exeter, Devon	laboratory culture	batch culture, 48-well plate	R2A medium	synthetic community	68	Com4	2	SalTemp	38	7.2	20	1.25
M3.38.C5	2545826	synthetic metagenome	Synthetic bacterial community Com5, 2 taxa, salinity 20 g/L + 38 °C regime, 48 h	Defined community Com5 of 2 bacterial taxa assembled from a pool of 12 isolates, grown 48 h in R2A medium under the salinity 20 g/L + 38 °C regime (temperature 38 °C, pH 7.2, 20 g NaCl/L). Endpoint 16S rRNA V4-V5 amplicon.	not provided	United Kingdom	Exeter, Devon	laboratory culture	batch culture, 48-well plate	R2A medium	synthetic community	72	Com5	2	SalTemp	38	7.2	20	10.4
M3.38.C6	2545826	synthetic metagenome	Synthetic bacterial community Com6, 2 taxa, salinity 20 g/L + 38 °C regime, 48 h	Defined community Com6 of 2 bacterial taxa assembled from a pool of 12 isolates, grown 48 h in R2A medium under the salinity 20 g/L + 38 °C regime (temperature 38 °C, pH 7.2, 20 g NaCl/L). Endpoint 16S rRNA V4-V5 amplicon.	not provided	United Kingdom	Exeter, Devon	laboratory culture	batch culture, 48-well plate	R2A medium	synthetic community	76	Com6	2	SalTemp	38	7.2	20	<0.5
M3.38.C7	2545826	synthetic metagenome	Synthetic bacterial community Com7, 4 taxa, salinity 20 g/L + 38 °C regime, 48 h	Defined community Com7 of 4 bacterial taxa assembled from a pool of 12 isolates, grown 48 h in R2A medium under the salinity 20 g/L + 38 °C regime (temperature 38 °C, pH 7.2, 20 g NaCl/L). Endpoint 16S rRNA V4-V5 amplicon.	not provided	United Kingdom	Exeter, Devon	laboratory culture	batch culture, 48-well plate	R2A medium	synthetic community	81	Com7	4	SalTemp	38	7.2	20	11.8
M3.38.C8	2545826	synthetic metagenome	Synthetic bacterial community Com8, 4 taxa, salinity 20 g/L + 38 °C regime, 48 h	Defined community Com8 of 4 bacterial taxa assembled from a pool of 12 isolates, grown 48 h in R2A medium under the salinity 20 g/L + 38 °C regime (temperature 38 °C, pH 7.2, 20 g NaCl/L). Endpoint 16S rRNA V4-V5 amplicon.	not provided	United Kingdom	Exeter, Devon	laboratory culture	batch culture, 48-well plate	R2A medium	synthetic community	85	Com8	4	SalTemp	38	7.2	20	18.6
M3.38.C9	2545826	synthetic metagenome	Synthetic bacterial community Com9, 4 taxa, salinity 20 g/L + 38 °C regime, 48 h	Defined community Com9 of 4 bacterial taxa assembled from a pool of 12 isolates, grown 48 h in R2A medium under the salinity 20 g/L + 38 °C regime (temperature 38 °C, pH 7.2, 20 g NaCl/L). Endpoint 16S rRNA V4-V5 amplicon.	not provided	United Kingdom	Exeter, Devon	laboratory culture	batch culture, 48-well plate	R2A medium	synthetic community	89	Com9	4	SalTemp	38	7.2	20	2.56
M4.20.C1	2545826	synthetic metagenome	Synthetic bacterial community Com1, 2 taxa, pH 5.5 + salinity 20 g/L regime, 48 h	Defined community Com1 of 2 bacterial taxa assembled from a pool of 12 isolates, grown 48 h in R2A medium under the pH 5.5 + salinity 20 g/L regime (temperature 20 °C, pH 5.5, 20 g NaCl/L). Endpoint 16S rRNA V4-V5 amplicon.	not provided	United Kingdom	Exeter, Devon	laboratory culture	batch culture, 48-well plate	R2A medium	synthetic community	4	Com1	2	pHSal	20	5.5	20	39.6
M4.20.C10	2545826	synthetic metagenome	Synthetic bacterial community Com10, 4 taxa, pH 5.5 + salinity 20 g/L regime, 48 h	Defined community Com10 of 4 bacterial taxa assembled from a pool of 12 isolates, grown 48 h in R2A medium under the pH 5.5 + salinity 20 g/L regime (temperature 20 °C, pH 5.5, 20 g NaCl/L). Endpoint 16S rRNA V4-V5 amplicon.	not provided	United Kingdom	Exeter, Devon	laboratory culture	batch culture, 48-well plate	R2A medium	synthetic community	43	Com10	4	pHSal	20	5.5	20	24.4
M4.20.C11	2545826	synthetic metagenome	Synthetic bacterial community Com11, 4 taxa, pH 5.5 + salinity 20 g/L regime, 48 h	Defined community Com11 of 4 bacterial taxa assembled from a pool of 12 isolates, grown 48 h in R2A medium under the pH 5.5 + salinity 20 g/L regime (temperature 20 °C, pH 5.5, 20 g NaCl/L). Endpoint 16S rRNA V4-V5 amplicon.	not provided	United Kingdom	Exeter, Devon	laboratory culture	batch culture, 48-well plate	R2A medium	synthetic community	47	Com11	4	pHSal	20	5.5	20	18.7
M4.20.C13	2545826	synthetic metagenome	Synthetic bacterial community Com13, 8 taxa, pH 5.5 + salinity 20 g/L regime, 48 h	Defined community Com13 of 8 bacterial taxa assembled from a pool of 12 isolates, grown 48 h in R2A medium under the pH 5.5 + salinity 20 g/L regime (temperature 20 °C, pH 5.5, 20 g NaCl/L). Endpoint 16S rRNA V4-V5 amplicon.	not provided	United Kingdom	Exeter, Devon	laboratory culture	batch culture, 48-well plate	R2A medium	synthetic community	107	Com13	8	pHSal	20	5.5	20	18.5
M4.20.C14	2545826	synthetic metagenome	Synthetic bacterial community Com14, 8 taxa, pH 5.5 + salinity 20 g/L regime, 48 h	Defined community Com14 of 8 bacterial taxa assembled from a pool of 12 isolates, grown 48 h in R2A medium under the pH 5.5 + salinity 20 g/L regime (temperature 20 °C, pH 5.5, 20 g NaCl/L). Endpoint 16S rRNA V4-V5 amplicon.	not provided	United Kingdom	Exeter, Devon	laboratory culture	batch culture, 48-well plate	R2A medium	synthetic community	110	Com14	8	pHSal	20	5.5	20	17.2
M4.20.C15	2545826	synthetic metagenome	Synthetic bacterial community Com15, 8 taxa, pH 5.5 + salinity 20 g/L regime, 48 h	Defined community Com15 of 8 bacterial taxa assembled from a pool of 12 isolates, grown 48 h in R2A medium under the pH 5.5 + salinity 20 g/L regime (temperature 20 °C, pH 5.5, 20 g NaCl/L). Endpoint 16S rRNA V4-V5 amplicon.	not provided	United Kingdom	Exeter, Devon	laboratory culture	batch culture, 48-well plate	R2A medium	synthetic community	113	Com15	8	pHSal	20	5.5	20	26.6
M4.20.C16	2545826	synthetic metagenome	Synthetic bacterial community Com16, 8 taxa, pH 5.5 + salinity 20 g/L regime, 48 h	Defined community Com16 of 8 bacterial taxa assembled from a pool of 12 isolates, grown 48 h in R2A medium under the pH 5.5 + salinity 20 g/L regime (temperature 20 °C, pH 5.5, 20 g NaCl/L). Endpoint 16S rRNA V4-V5 amplicon.	not provided	United Kingdom	Exeter, Devon	laboratory culture	batch culture, 48-well plate	R2A medium	synthetic community	117	Com16	8	pHSal	20	5.5	20	21.8
M4.20.C17	2545826	synthetic metagenome	Synthetic bacterial community Com17, 8 taxa, pH 5.5 + salinity 20 g/L regime, 48 h	Defined community Com17 of 8 bacterial taxa assembled from a pool of 12 isolates, grown 48 h in R2A medium under the pH 5.5 + salinity 20 g/L regime (temperature 20 °C, pH 5.5, 20 g NaCl/L). Endpoint 16S rRNA V4-V5 amplicon.	not provided	United Kingdom	Exeter, Devon	laboratory culture	batch culture, 48-well plate	R2A medium	synthetic community	120	Com17	8	pHSal	20	5.5	20	19.2
M4.20.C18	2545826	synthetic metagenome	Synthetic bacterial community Com18, 8 taxa, pH 5.5 + salinity 20 g/L regime, 48 h	Defined community Com18 of 8 bacterial taxa assembled from a pool of 12 isolates, grown 48 h in R2A medium under the pH 5.5 + salinity 20 g/L regime (temperature 20 °C, pH 5.5, 20 g NaCl/L). Endpoint 16S rRNA V4-V5 amplicon.	not provided	United Kingdom	Exeter, Devon	laboratory culture	batch culture, 48-well plate	R2A medium	synthetic community	123	Com18	8	pHSal	20	5.5	20	21.4
M4.20.C19	2545826	synthetic metagenome	Synthetic bacterial community Com19, 8 taxa, pH 5.5 + salinity 20 g/L regime, 48 h	Defined community Com19 of 8 bacterial taxa assembled from a pool of 12 isolates, grown 48 h in R2A medium under the pH 5.5 + salinity 20 g/L regime (temperature 20 °C, pH 5.5, 20 g NaCl/L). Endpoint 16S rRNA V4-V5 amplicon.	not provided	United Kingdom	Exeter, Devon	laboratory culture	batch culture, 48-well plate	R2A medium	synthetic community	127	Com19	8	pHSal	20	5.5	20	30
M4.20.C2	2545826	synthetic metagenome	Synthetic bacterial community Com2, 2 taxa, pH 5.5 + salinity 20 g/L regime, 48 h	Defined community Com2 of 2 bacterial taxa assembled from a pool of 12 isolates, grown 48 h in R2A medium under the pH 5.5 + salinity 20 g/L regime (temperature 20 °C, pH 5.5, 20 g NaCl/L). Endpoint 16S rRNA V4-V5 amplicon.	not provided	United Kingdom	Exeter, Devon	laboratory culture	batch culture, 48-well plate	R2A medium	synthetic community	8	Com2	2	pHSal	20	5.5	20	20.4
M4.20.C20	2545826	synthetic metagenome	Synthetic bacterial community Com20, 8 taxa, pH 5.5 + salinity 20 g/L regime, 48 h	Defined community Com20 of 8 bacterial taxa assembled from a pool of 12 isolates, grown 48 h in R2A medium under the pH 5.5 + salinity 20 g/L regime (temperature 20 °C, pH 5.5, 20 g NaCl/L). Endpoint 16S rRNA V4-V5 amplicon.	not provided	United Kingdom	Exeter, Devon	laboratory culture	batch culture, 48-well plate	R2A medium	synthetic community	130	Com20	8	pHSal	20	5.5	20	25.8
M4.20.C21	2545826	synthetic metagenome	Synthetic bacterial community Com21, 8 taxa, pH 5.5 + salinity 20 g/L regime, 48 h	Defined community Com21 of 8 bacterial taxa assembled from a pool of 12 isolates, grown 48 h in R2A medium under the pH 5.5 + salinity 20 g/L regime (temperature 20 °C, pH 5.5, 20 g NaCl/L). Endpoint 16S rRNA V4-V5 amplicon.	not provided	United Kingdom	Exeter, Devon	laboratory culture	batch culture, 48-well plate	R2A medium	synthetic community	133	Com21	8	pHSal	20	5.5	20	26.8
M4.20.C22	2545826	synthetic metagenome	Synthetic bacterial community Com22, 8 taxa, pH 5.5 + salinity 20 g/L regime, 48 h	Defined community Com22 of 8 bacterial taxa assembled from a pool of 12 isolates, grown 48 h in R2A medium under the pH 5.5 + salinity 20 g/L regime (temperature 20 °C, pH 5.5, 20 g NaCl/L). Endpoint 16S rRNA V4-V5 amplicon.	not provided	United Kingdom	Exeter, Devon	laboratory culture	batch culture, 48-well plate	R2A medium	synthetic community	137	Com22	8	pHSal	20	5.5	20	28.6
M4.20.C3	2545826	synthetic metagenome	Synthetic bacterial community Com3, 2 taxa, pH 5.5 + salinity 20 g/L regime, 48 h	Defined community Com3 of 2 bacterial taxa assembled from a pool of 12 isolates, grown 48 h in R2A medium under the pH 5.5 + salinity 20 g/L regime (temperature 20 °C, pH 5.5, 20 g NaCl/L). Endpoint 16S rRNA V4-V5 amplicon.	not provided	United Kingdom	Exeter, Devon	laboratory culture	batch culture, 48-well plate	R2A medium	synthetic community	12	Com3	2	pHSal	20	5.5	20	25.4
M4.20.C4	2545826	synthetic metagenome	Synthetic bacterial community Com4, 2 taxa, pH 5.5 + salinity 20 g/L regime, 48 h	Defined community Com4 of 2 bacterial taxa assembled from a pool of 12 isolates, grown 48 h in R2A medium under the pH 5.5 + salinity 20 g/L regime (temperature 20 °C, pH 5.5, 20 g NaCl/L). Endpoint 16S rRNA V4-V5 amplicon.	not provided	United Kingdom	Exeter, Devon	laboratory culture	batch culture, 48-well plate	R2A medium	synthetic community	17	Com4	2	pHSal	20	5.5	20	14.4
M4.20.C5	2545826	synthetic metagenome	Synthetic bacterial community Com5, 2 taxa, pH 5.5 + salinity 20 g/L regime, 48 h	Defined community Com5 of 2 bacterial taxa assembled from a pool of 12 isolates, grown 48 h in R2A medium under the pH 5.5 + salinity 20 g/L regime (temperature 20 °C, pH 5.5, 20 g NaCl/L). Endpoint 16S rRNA V4-V5 amplicon.	not provided	United Kingdom	Exeter, Devon	laboratory culture	batch culture, 48-well plate	R2A medium	synthetic community	21	Com5	2	pHSal	20	5.5	20	11.7
M4.20.C6	2545826	synthetic metagenome	Synthetic bacterial community Com6, 2 taxa, pH 5.5 + salinity 20 g/L regime, 48 h	Defined community Com6 of 2 bacterial taxa assembled from a pool of 12 isolates, grown 48 h in R2A medium under the pH 5.5 + salinity 20 g/L regime (temperature 20 °C, pH 5.5, 20 g NaCl/L). Endpoint 16S rRNA V4-V5 amplicon.	not provided	United Kingdom	Exeter, Devon	laboratory culture	batch culture, 48-well plate	R2A medium	synthetic community	25	Com6	2	pHSal	20	5.5	20	16.4
M4.20.C7	2545826	synthetic metagenome	Synthetic bacterial community Com7, 4 taxa, pH 5.5 + salinity 20 g/L regime, 48 h	Defined community Com7 of 4 bacterial taxa assembled from a pool of 12 isolates, grown 48 h in R2A medium under the pH 5.5 + salinity 20 g/L regime (temperature 20 °C, pH 5.5, 20 g NaCl/L). Endpoint 16S rRNA V4-V5 amplicon.	not provided	United Kingdom	Exeter, Devon	laboratory culture	batch culture, 48-well plate	R2A medium	synthetic community	30	Com7	4	pHSal	20	5.5	20	24.8
M4.20.C8	2545826	synthetic metagenome	Synthetic bacterial community Com8, 4 taxa, pH 5.5 + salinity 20 g/L regime, 48 h	Defined community Com8 of 4 bacterial taxa assembled from a pool of 12 isolates, grown 48 h in R2A medium under the pH 5.5 + salinity 20 g/L regime (temperature 20 °C, pH 5.5, 20 g NaCl/L). Endpoint 16S rRNA V4-V5 amplicon.	not provided	United Kingdom	Exeter, Devon	laboratory culture	batch culture, 48-well plate	R2A medium	synthetic community	34	Com8	4	pHSal	20	5.5	20	24.8
M4.20.C9	2545826	synthetic metagenome	Synthetic bacterial community Com9, 4 taxa, pH 5.5 + salinity 20 g/L regime, 48 h	Defined community Com9 of 4 bacterial taxa assembled from a pool of 12 isolates, grown 48 h in R2A medium under the pH 5.5 + salinity 20 g/L regime (temperature 20 °C, pH 5.5, 20 g NaCl/L). Endpoint 16S rRNA V4-V5 amplicon.	not provided	United Kingdom	Exeter, Devon	laboratory culture	batch culture, 48-well plate	R2A medium	synthetic community	38	Com9	4	pHSal	20	5.5	20	17.8
M4.38.C1	2545826	synthetic metagenome	Synthetic bacterial community Com1, 2 taxa, pH 5.5 + salinity 20 g/L + 38 °C regime, 48 h	Defined community Com1 of 2 bacterial taxa assembled from a pool of 12 isolates, grown 48 h in R2A medium under the pH 5.5 + salinity 20 g/L + 38 °C regime (temperature 38 °C, pH 5.5, 20 g NaCl/L). Endpoint 16S rRNA V4-V5 amplicon.	not provided	United Kingdom	Exeter, Devon	laboratory culture	batch culture, 48-well plate	R2A medium	synthetic community	56	Com1	2	pHSalTemp	38	5.5	20	3.12
M4.38.C11	2545826	synthetic metagenome	Synthetic bacterial community Com11, 4 taxa, pH 5.5 + salinity 20 g/L + 38 °C regime, 48 h	Defined community Com11 of 4 bacterial taxa assembled from a pool of 12 isolates, grown 48 h in R2A medium under the pH 5.5 + salinity 20 g/L + 38 °C regime (temperature 38 °C, pH 5.5, 20 g NaCl/L). Endpoint 16S rRNA V4-V5 amplicon.	not provided	United Kingdom	Exeter, Devon	laboratory culture	batch culture, 48-well plate	R2A medium	synthetic community	99	Com11	4	pHSalTemp	38	5.5	20	22.2
M4.38.C13	2545826	synthetic metagenome	Synthetic bacterial community Com13, 8 taxa, pH 5.5 + salinity 20 g/L + 38 °C regime, 48 h	Defined community Com13 of 8 bacterial taxa assembled from a pool of 12 isolates, grown 48 h in R2A medium under the pH 5.5 + salinity 20 g/L + 38 °C regime (temperature 38 °C, pH 5.5, 20 g NaCl/L). Endpoint 16S rRNA V4-V5 amplicon.	not provided	United Kingdom	Exeter, Devon	laboratory culture	batch culture, 48-well plate	R2A medium	synthetic community	174	Com13	8	pHSalTemp	38	5.5	20	32.2
M4.38.C14	2545826	synthetic metagenome	Synthetic bacterial community Com14, 8 taxa, pH 5.5 + salinity 20 g/L + 38 °C regime, 48 h	Defined community Com14 of 8 bacterial taxa assembled from a pool of 12 isolates, grown 48 h in R2A medium under the pH 5.5 + salinity 20 g/L + 38 °C regime (temperature 38 °C, pH 5.5, 20 g NaCl/L). Endpoint 16S rRNA V4-V5 amplicon.	not provided	United Kingdom	Exeter, Devon	laboratory culture	batch culture, 48-well plate	R2A medium	synthetic community	177	Com14	8	pHSalTemp	38	5.5	20	14.1
M4.38.C15	2545826	synthetic metagenome	Synthetic bacterial community Com15, 8 taxa, pH 5.5 + salinity 20 g/L + 38 °C regime, 48 h	Defined community Com15 of 8 bacterial taxa assembled from a pool of 12 isolates, grown 48 h in R2A medium under the pH 5.5 + salinity 20 g/L + 38 °C regime (temperature 38 °C, pH 5.5, 20 g NaCl/L). Endpoint 16S rRNA V4-V5 amplicon.	not provided	United Kingdom	Exeter, Devon	laboratory culture	batch culture, 48-well plate	R2A medium	synthetic community	180	Com15	8	pHSalTemp	38	5.5	20	33.4
M4.38.C16	2545826	synthetic metagenome	Synthetic bacterial community Com16, 8 taxa, pH 5.5 + salinity 20 g/L + 38 °C regime, 48 h	Defined community Com16 of 8 bacterial taxa assembled from a pool of 12 isolates, grown 48 h in R2A medium under the pH 5.5 + salinity 20 g/L + 38 °C regime (temperature 38 °C, pH 5.5, 20 g NaCl/L). Endpoint 16S rRNA V4-V5 amplicon.	not provided	United Kingdom	Exeter, Devon	laboratory culture	batch culture, 48-well plate	R2A medium	synthetic community	183	Com16	8	pHSalTemp	38	5.5	20	4.6
M4.38.C17	2545826	synthetic metagenome	Synthetic bacterial community Com17, 8 taxa, pH 5.5 + salinity 20 g/L + 38 °C regime, 48 h	Defined community Com17 of 8 bacterial taxa assembled from a pool of 12 isolates, grown 48 h in R2A medium under the pH 5.5 + salinity 20 g/L + 38 °C regime (temperature 38 °C, pH 5.5, 20 g NaCl/L). Endpoint 16S rRNA V4-V5 amplicon.	not provided	United Kingdom	Exeter, Devon	laboratory culture	batch culture, 48-well plate	R2A medium	synthetic community	186	Com17	8	pHSalTemp	38	5.5	20	29.6
M4.38.C18	2545826	synthetic metagenome	Synthetic bacterial community Com18, 8 taxa, pH 5.5 + salinity 20 g/L + 38 °C regime, 48 h	Defined community Com18 of 8 bacterial taxa assembled from a pool of 12 isolates, grown 48 h in R2A medium under the pH 5.5 + salinity 20 g/L + 38 °C regime (temperature 38 °C, pH 5.5, 20 g NaCl/L). Endpoint 16S rRNA V4-V5 amplicon.	not provided	United Kingdom	Exeter, Devon	laboratory culture	batch culture, 48-well plate	R2A medium	synthetic community	189	Com18	8	pHSalTemp	38	5.5	20	25.6
M4.38.C19	2545826	synthetic metagenome	Synthetic bacterial community Com19, 8 taxa, pH 5.5 + salinity 20 g/L + 38 °C regime, 48 h	Defined community Com19 of 8 bacterial taxa assembled from a pool of 12 isolates, grown 48 h in R2A medium under the pH 5.5 + salinity 20 g/L + 38 °C regime (temperature 38 °C, pH 5.5, 20 g NaCl/L). Endpoint 16S rRNA V4-V5 amplicon.	not provided	United Kingdom	Exeter, Devon	laboratory culture	batch culture, 48-well plate	R2A medium	synthetic community	192	Com19	8	pHSalTemp	38	5.5	20	21.2
M4.38.C2	2545826	synthetic metagenome	Synthetic bacterial community Com2, 2 taxa, pH 5.5 + salinity 20 g/L + 38 °C regime, 48 h	Defined community Com2 of 2 bacterial taxa assembled from a pool of 12 isolates, grown 48 h in R2A medium under the pH 5.5 + salinity 20 g/L + 38 °C regime (temperature 38 °C, pH 5.5, 20 g NaCl/L). Endpoint 16S rRNA V4-V5 amplicon.	not provided	United Kingdom	Exeter, Devon	laboratory culture	batch culture, 48-well plate	R2A medium	synthetic community	60	Com2	2	pHSalTemp	38	5.5	20	32.4
M4.38.C20	2545826	synthetic metagenome	Synthetic bacterial community Com20, 8 taxa, pH 5.5 + salinity 20 g/L + 38 °C regime, 48 h	Defined community Com20 of 8 bacterial taxa assembled from a pool of 12 isolates, grown 48 h in R2A medium under the pH 5.5 + salinity 20 g/L + 38 °C regime (temperature 38 °C, pH 5.5, 20 g NaCl/L). Endpoint 16S rRNA V4-V5 amplicon.	not provided	United Kingdom	Exeter, Devon	laboratory culture	batch culture, 48-well plate	R2A medium	synthetic community	195	Com20	8	pHSalTemp	38	5.5	20	22.4
M4.38.C21	2545826	synthetic metagenome	Synthetic bacterial community Com21, 8 taxa, pH 5.5 + salinity 20 g/L + 38 °C regime, 48 h	Defined community Com21 of 8 bacterial taxa assembled from a pool of 12 isolates, grown 48 h in R2A medium under the pH 5.5 + salinity 20 g/L + 38 °C regime (temperature 38 °C, pH 5.5, 20 g NaCl/L). Endpoint 16S rRNA V4-V5 amplicon.	not provided	United Kingdom	Exeter, Devon	laboratory culture	batch culture, 48-well plate	R2A medium	synthetic community	207	Com21	8	pHSalTemp	38	5.5	20	2.4
M4.38.C22	2545826	synthetic metagenome	Synthetic bacterial community Com22, 8 taxa, pH 5.5 + salinity 20 g/L + 38 °C regime, 48 h	Defined community Com22 of 8 bacterial taxa assembled from a pool of 12 isolates, grown 48 h in R2A medium under the pH 5.5 + salinity 20 g/L + 38 °C regime (temperature 38 °C, pH 5.5, 20 g NaCl/L). Endpoint 16S rRNA V4-V5 amplicon.	not provided	United Kingdom	Exeter, Devon	laboratory culture	batch culture, 48-well plate	R2A medium	synthetic community	210	Com22	8	pHSalTemp	38	5.5	20	2.66
M4.38.C4	2545826	synthetic metagenome	Synthetic bacterial community Com4, 2 taxa, pH 5.5 + salinity 20 g/L + 38 °C regime, 48 h	Defined community Com4 of 2 bacterial taxa assembled from a pool of 12 isolates, grown 48 h in R2A medium under the pH 5.5 + salinity 20 g/L + 38 °C regime (temperature 38 °C, pH 5.5, 20 g NaCl/L). Endpoint 16S rRNA V4-V5 amplicon.	not provided	United Kingdom	Exeter, Devon	laboratory culture	batch culture, 48-well plate	R2A medium	synthetic community	69	Com4	2	pHSalTemp	38	5.5	20	<0.5
M4.38.C5	2545826	synthetic metagenome	Synthetic bacterial community Com5, 2 taxa, pH 5.5 + salinity 20 g/L + 38 °C regime, 48 h	Defined community Com5 of 2 bacterial taxa assembled from a pool of 12 isolates, grown 48 h in R2A medium under the pH 5.5 + salinity 20 g/L + 38 °C regime (temperature 38 °C, pH 5.5, 20 g NaCl/L). Endpoint 16S rRNA V4-V5 amplicon.	not provided	United Kingdom	Exeter, Devon	laboratory culture	batch culture, 48-well plate	R2A medium	synthetic community	73	Com5	2	pHSalTemp	38	5.5	20	5.96
M4.38.C6	2545826	synthetic metagenome	Synthetic bacterial community Com6, 2 taxa, pH 5.5 + salinity 20 g/L + 38 °C regime, 48 h	Defined community Com6 of 2 bacterial taxa assembled from a pool of 12 isolates, grown 48 h in R2A medium under the pH 5.5 + salinity 20 g/L + 38 °C regime (temperature 38 °C, pH 5.5, 20 g NaCl/L). Endpoint 16S rRNA V4-V5 amplicon.	not provided	United Kingdom	Exeter, Devon	laboratory culture	batch culture, 48-well plate	R2A medium	synthetic community	77	Com6	2	pHSalTemp	38	5.5	20	0.246
M4.38.C7	2545826	synthetic metagenome	Synthetic bacterial community Com7, 4 taxa, pH 5.5 + salinity 20 g/L + 38 °C regime, 48 h	Defined community Com7 of 4 bacterial taxa assembled from a pool of 12 isolates, grown 48 h in R2A medium under the pH 5.5 + salinity 20 g/L + 38 °C regime (temperature 38 °C, pH 5.5, 20 g NaCl/L). Endpoint 16S rRNA V4-V5 amplicon.	not provided	United Kingdom	Exeter, Devon	laboratory culture	batch culture, 48-well plate	R2A medium	synthetic community	82	Com7	4	pHSalTemp	38	5.5	20	3.54
M4.38.C8	2545826	synthetic metagenome	Synthetic bacterial community Com8, 4 taxa, pH 5.5 + salinity 20 g/L + 38 °C regime, 48 h	Defined community Com8 of 4 bacterial taxa assembled from a pool of 12 isolates, grown 48 h in R2A medium under the pH 5.5 + salinity 20 g/L + 38 °C regime (temperature 38 °C, pH 5.5, 20 g NaCl/L). Endpoint 16S rRNA V4-V5 amplicon.	not provided	United Kingdom	Exeter, Devon	laboratory culture	batch culture, 48-well plate	R2A medium	synthetic community	86	Com8	4	pHSalTemp	38	5.5	20	25.8
M4.38.C9	2545826	synthetic metagenome	Synthetic bacterial community Com9, 4 taxa, pH 5.5 + salinity 20 g/L + 38 °C regime, 48 h	Defined community Com9 of 4 bacterial taxa assembled from a pool of 12 isolates, grown 48 h in R2A medium under the pH 5.5 + salinity 20 g/L + 38 °C regime (temperature 38 °C, pH 5.5, 20 g NaCl/L). Endpoint 16S rRNA V4-V5 amplicon.	not provided	United Kingdom	Exeter, Devon	laboratory culture	batch culture, 48-well plate	R2A medium	synthetic community	90	Com9	4	pHSalTemp	38	5.5	20	0.818
M1.Blank	2545826	synthetic metagenome	Extraction blank M1.Blank (negative control)	Negative-control extraction blank processed alongside community samples (extraction batch medium M1, 20 °C batch). No bacterial inoculum.	not provided	United Kingdom	Exeter, Devon	laboratory culture	batch culture, 48-well plate	R2A medium	negative control	13			Control	20	7.2	0	<0.5
M2.Blank	2545826	synthetic metagenome	Extraction blank M2.Blank (negative control)	Negative-control extraction blank processed alongside community samples (extraction batch medium M2, 20 °C batch). No bacterial inoculum.	not provided	United Kingdom	Exeter, Devon	laboratory culture	batch culture, 48-well plate	R2A medium	negative control	171			pH	20	5.5	0	5.86
M2.38.Blank	2545826	synthetic metagenome	Extraction blank M2.38.Blank (negative control)	Negative-control extraction blank processed alongside community samples (extraction batch medium M2, 38 °C batch). No bacterial inoculum.	not provided	United Kingdom	Exeter, Devon	laboratory culture	batch culture, 48-well plate	R2A medium	negative control	317			pHTemp	38	5.5	0	14.8
