"Id","Rep","TempLevel","Stress","best_model_name","best_aicc","term","estimate","std.error","statistic","p.value"
"I11","1",15,"Control","fits_gompertz",-80.6613048526628,"log10_nmax",-2.04224333363587,0.327532056733886,-6.2352471816069,4.34967364883084e-05
"I11","1",15,"Control","fits_gompertz",-80.6613048526628,"log10_n0",-0.697773643170284,0.00782326669918188,-89.1921073383901,2.63533140806539e-18
"I11","1",15,"Control","fits_gompertz",-80.6613048526628,"mumax",0.00110544489332689,8.45160810549684e-05,13.0796989108844,1.84137767452065e-08
"I11","1",15,"Control","fits_gompertz",-80.6613048526628,"lag",1183.86224769902,71.1711774007964,16.6340124040968,1.18491783348271e-09
"I11","2",15,"Control","fits_gompertz",-80.1191934959792,"log10_nmax",-1.99693712318436,0.310661131986141,-6.42802371322539,3.26444427419857e-05
"I11","2",15,"Control","fits_gompertz",-80.1191934959792,"log10_n0",-0.709413048793481,0.00791321274731091,-89.6491818742716,2.47875406661393e-18
"I11","2",15,"Control","fits_gompertz",-80.1191934959792,"mumax",0.00107967867137829,7.87388008846526e-05,13.7121553700056,1.07991783676719e-08
"I11","2",15,"Control","fits_gompertz",-80.1191934959792,"lag",1194.48267094499,68.2226712456125,17.5085884081652,6.55328899025013e-10
"I11","3",15,"Control","fits_gompertz",-80.2039074622711,"log10_nmax",-2.02636066343563,0.311387592914211,-6.50751895562487,2.90432254634861e-05
"I11","3",15,"Control","fits_gompertz",-80.2039074622711,"log10_n0",-0.709274024405502,0.00767957964681158,-92.358443694243,1.73491690982478e-18
"I11","3",15,"Control","fits_gompertz",-80.2039074622711,"mumax",0.00113402825923518,8.15442270084201e-05,13.9069104072576,9.20310586467949e-09
"I11","3",15,"Control","fits_gompertz",-80.2039074622711,"lag",1162.0964463208,65.5598692153343,17.7257285627561,5.68126496912015e-10
"I11","1",15,"Sal","fits_baranyi_without_lag",-96.3609221392041,"log10_nmax",-0.639662605617793,0.00606449102502559,-105.476717333438,1.87561532959236e-20
"I11","1",15,"Sal","fits_baranyi_without_lag",-96.3609221392041,"log10_n0",-1.24534503467937,0.00650883593140581,-191.331452782587,8.18650010264954e-24
"I11","1",15,"Sal","fits_baranyi_without_lag",-96.3609221392041,"mumax",0.00184632724541002,5.02973958158961e-05,36.7082075614441,1.62195014883615e-14
"I11","2",15,"Sal","fits_gompertz",-101.47078421971,"log10_nmax",-3.56506857256043,0.841175986749101,-4.23819584572115,0.00115113800702486
"I11","2",15,"Sal","fits_gompertz",-101.47078421971,"log10_n0",-0.655138296487235,0.00505582526378251,-129.580881914636,2.9935031189149e-20
"I11","2",15,"Sal","fits_gompertz",-101.47078421971,"mumax",0.00150154142259072,0.000230442214304008,6.51591301153628,2.86883825492317e-05
"I11","2",15,"Sal","fits_gompertz",-101.47078421971,"lag",875.661077606966,167.555464876508,5.2260967927984,0.000212576573140808
"I11","3",15,"Sal","fits_gompertz",-81.512752219917,"log10_nmax",-2.07857943461739,0.353644183053338,-5.87760108669422,7.50900004720207e-05
"I11","3",15,"Sal","fits_gompertz",-81.512752219917,"log10_n0",-0.661426694599943,0.0080776366137942,-81.883690270298,7.34013352629716e-18
"I11","3",15,"Sal","fits_gompertz",-81.512752219917,"mumax",0.00108085098496307,8.8580040799433e-05,12.2019698253513,4.0143773102863e-08
"I11","3",15,"Sal","fits_gompertz",-81.512752219917,"lag",1222.10122724509,79.2638476911889,15.4181415972435,2.83680042005654e-09
"I11","1",20,"Control","fits_baranyi_without_lag",-82.6412835768686,"log10_nmax",-0.53503508476449,0.0104260143233273,-51.3173172577939,2.14215465165413e-16
"I11","1",20,"Control","fits_baranyi_without_lag",-82.6412835768686,"log10_n0",-1.26255715105378,0.00938615896741077,-134.512653731675,7.96972577158609e-22
"I11","1",20,"Control","fits_baranyi_without_lag",-82.6412835768686,"mumax",0.00176623883566792,6.12831805776948e-05,28.8209394326178,3.63189329188426e-13
"I11","2",20,"Control","fits_baranyi_without_lag",-83.4359181592137,"log10_nmax",-0.551856239298406,0.00991453671960228,-55.6613238626992,7.48218205290624e-17
"I11","2",20,"Control","fits_baranyi_without_lag",-83.4359181592137,"log10_n0",-1.26987085054818,0.00921542084204249,-137.798465454208,5.82473794344746e-22
"I11","2",20,"Control","fits_baranyi_without_lag",-83.4359181592137,"mumax",0.00179713625108671,6.12944083328167e-05,29.3197422076189,2.91492273803887e-13
"I11","3",20,"Control","fits_baranyi_without_lag",-84.2925028522652,"log10_nmax",-0.539622002157375,0.00968090274776114,-55.7408762609635,7.34507596439122e-17
"I11","3",20,"Control","fits_baranyi_without_lag",-84.2925028522652,"log10_n0",-1.27174338410183,0.00894317838595533,-142.202618489531,3.87047761718916e-22
"I11","3",20,"Control","fits_baranyi_without_lag",-84.2925028522652,"mumax",0.00180198590856103,5.84937953985926e-05,30.8064453038447,1.54549738739664e-13
"I11","1",20,"Sal","fits_baranyi_without_lag",-78.9099427898868,"log10_nmax",-0.488104616186856,0.0121070776898729,-40.3156425266136,4.8429489128478e-15
"I11","1",20,"Sal","fits_baranyi_without_lag",-78.9099427898868,"log10_n0",-1.19757338344978,0.0105223871597317,-113.811948303214,6.98508109625047e-21
"I11","1",20,"Sal","fits_baranyi_without_lag",-78.9099427898868,"mumax",0.00170931729138048,6.94850204765812e-05,24.5997954617654,2.74879272606239e-12
"I11","2",20,"Sal","fits_baranyi_without_lag",-75.8943239942532,"log10_nmax",-0.51782443264944,0.0123551194146732,-41.9117302933116,2.93404216455537e-15
"I11","2",20,"Sal","fits_baranyi_without_lag",-75.8943239942532,"log10_n0",-1.20440324192022,0.0117699518640228,-102.328646355957,2.77986400669225e-20
"I11","2",20,"Sal","fits_baranyi_without_lag",-75.8943239942532,"mumax",0.0018002152077003,8.16281443701551e-05,22.0538543610272,1.10268994178962e-11
"I11","3",20,"Sal","fits_baranyi_without_lag",-87.7626997223006,"log10_nmax",-0.488472628475455,0.00891270068227689,-54.8063539760505,9.14273610279051e-17
"I11","3",20,"Sal","fits_baranyi_without_lag",-87.7626997223006,"log10_n0",-1.18773132832322,0.00803656285585983,-147.790958600814,2.3456683685436e-22
"I11","3",20,"Sal","fits_baranyi_without_lag",-87.7626997223006,"mumax",0.00174357125974599,5.4151872120593e-05,32.19780206053,8.76355954768262e-14
"I11","1",23,"Control","fits_baranyi_without_lag",-56.7650107640993,"log10_nmax",-0.598156545111584,0.0144248103547249,-41.4672034087198,3.36705431210765e-15
"I11","1",23,"Control","fits_baranyi_without_lag",-56.7650107640993,"log10_n0",-1.18901915980647,0.024367123998027,-48.7960401031631,4.11065344176508e-16
"I11","1",23,"Control","fits_baranyi_without_lag",-56.7650107640993,"mumax",0.00288553415726949,0.000260332838697194,11.0840191030445,5.38366278929371e-08
"I11","2",23,"Control","fits_baranyi_without_lag",-61.2074873723951,"log10_nmax",-0.610338115538562,0.0124450410729694,-49.0426758706497,3.38428728188773e-15
"I11","2",23,"Control","fits_baranyi_without_lag",-61.2074873723951,"log10_n0",-1.19453328244991,0.0181073564338756,-65.969501777474,9.76378724979822e-17
"I11","2",23,"Control","fits_baranyi_without_lag",-61.2074873723951,"mumax",0.00276378904896555,0.000197404961629121,14.0006057910443,8.52761975306855e-09
"I11","3",23,"Control","fits_baranyi_without_lag",-59.563173888183,"log10_nmax",-0.583537510800316,0.014015659939158,-41.6346795893632,2.38915161400193e-14
"I11","3",23,"Control","fits_baranyi_without_lag",-59.563173888183,"log10_n0",-1.20302466924821,0.0186729967037671,-64.4259027264497,1.29624762920307e-16
"I11","3",23,"Control","fits_baranyi_without_lag",-59.563173888183,"mumax",0.0025998023112182,0.000184971104917863,14.0551807395682,8.15896811501657e-09
"I11","1",23,"Sal","fits_baranyi_without_lag",-58.1868620094737,"log10_nmax",-0.553272033628768,0.0173665094681122,-31.858562864614,1.00411291375258e-13
"I11","1",23,"Sal","fits_baranyi_without_lag",-58.1868620094737,"log10_n0",-1.21700908802769,0.0213146368505507,-57.0973409756333,5.37978066324286e-17
"I11","1",23,"Sal","fits_baranyi_without_lag",-58.1868620094737,"mumax",0.00219806117641395,0.000169670526664091,12.9548791981156,8.29846750380762e-09
"I11","2",23,"Sal","fits_baranyi_without_lag",-65.2145734245207,"log10_nmax",-0.546849087586087,0.0138260903197929,-39.5519684117235,6.19820794751662e-15
"I11","2",23,"Sal","fits_baranyi_without_lag",-65.2145734245207,"log10_n0",-1.21063598576823,0.0171503999019041,-70.5893735827008,3.44175791298935e-18
"I11","2",23,"Sal","fits_baranyi_without_lag",-65.2145734245207,"mumax",0.00221823466955365,0.000137219751322318,16.1655639816982,5.46561220103973e-10
"I11","3",23,"Sal","fits_baranyi_without_lag",-55.7240183337017,"log10_nmax",-0.549655927548161,0.0188954178285785,-29.0893767226904,3.22505730645294e-13
"I11","3",23,"Sal","fits_baranyi_without_lag",-55.7240183337017,"log10_n0",-1.1989677790075,0.0230388544484965,-52.0411195655496,1.78703657194544e-16
"I11","3",23,"Sal","fits_baranyi_without_lag",-55.7240183337017,"mumax",0.00217009704463186,0.000185938127695848,11.6710707562982,2.91449908401345e-08
"I11","1",27,"Control","fits_baranyi_without_lag",-75.6199873553863,"log10_nmax",-0.581568811006821,0.00708242018114227,-82.1144179718837,7.09682464402707e-18
"I11","1",27,"Control","fits_baranyi_without_lag",-75.6199873553863,"log10_n0",-1.21206088514941,0.0107214209752766,-113.050395833202,1.53767167608932e-19
"I11","1",27,"Control","fits_baranyi_without_lag",-75.6199873553863,"mumax",0.00303827604536127,0.000117519036165464,25.8534799509712,6.84089430431566e-12
"I11","2",27,"Control","fits_baranyi_without_lag",-77.9706160138683,"log10_nmax",-0.593716250178438,0.00670864299157474,-88.5002005508528,2.89310418461458e-18
"I11","2",27,"Control","fits_baranyi_without_lag",-77.9706160138683,"log10_n0",-1.21219796564345,0.00983780827759715,-123.218295319283,5.47501710914522e-20
"I11","2",27,"Control","fits_baranyi_without_lag",-77.9706160138683,"mumax",0.00291085318710244,0.000106205165379074,27.4078306522366,3.43204800973301e-12
"I11","3",27,"Control","fits_baranyi_without_lag",-69.9204862608478,"log10_nmax",-0.573422176162204,0.00907305453263995,-63.2005653773314,1.63113339456911e-16
"I11","3",27,"Control","fits_baranyi_without_lag",-69.9204862608478,"log10_n0",-1.2213571988145,0.0126320697858103,-96.6870211710246,1.00202221729294e-18
"I11","3",27,"Control","fits_baranyi_without_lag",-69.9204862608478,"mumax",0.00278845617619984,0.000125820939108212,22.1620995357667,4.19426888782186e-11
"I11","1",27,"Sal","fits_baranyi_without_lag",-82.3290118924549,"log10_nmax",-0.50139489706319,0.00717176481309397,-69.9123451661103,4.87326187735684e-17
"I11","1",27,"Sal","fits_baranyi_without_lag",-82.3290118924549,"log10_n0",-1.2278443244928,0.00776487913443056,-158.127937761242,2.74875017187254e-21
"I11","1",27,"Sal","fits_baranyi_without_lag",-82.3290118924549,"mumax",0.00223820665279646,5.92964224025446e-05,37.7460656496607,7.68501137821576e-14
"I11","2",27,"Sal","fits_baranyi_without_lag",-64.7622465510029,"log10_nmax",-0.508180837318695,0.0121186067345176,-41.9339325428587,2.19359238721642e-14
"I11","2",27,"Sal","fits_baranyi_without_lag",-64.7622465510029,"log10_n0",-1.23421676543331,0.0142017000598886,-86.9062689838974,3.59703651294383e-18
"I11","2",27,"Sal","fits_baranyi_without_lag",-64.7622465510029,"mumax",0.00241829536436047,0.000113980207334505,21.2168008895031,6.99159179419244e-11
"I11","3",27,"Sal","fits_baranyi_without_lag",-74.1618191688064,"log10_nmax",-0.484889596380166,0.00923420560012327,-52.5101581422113,1.49613855423972e-15
"I11","3",27,"Sal","fits_baranyi_without_lag",-74.1618191688064,"log10_n0",-1.21660697669196,0.0102417179787815,-118.789345616868,8.4920552394889e-20
"I11","3",27,"Sal","fits_baranyi_without_lag",-74.1618191688064,"mumax",0.00229669444431855,7.89011966376243e-05,29.1084868442079,1.68319282643302e-12
"I11","1",30,"Control","fits_baranyi_without_lag",-63.4735955098561,"log10_nmax",-0.574971369816979,0.0100306878595075,-57.3212303951817,5.24556753391937e-16
"I11","1",30,"Control","fits_baranyi_without_lag",-63.4735955098561,"log10_n0",-1.23648467966555,0.0163792852598853,-75.4907592148629,1.94349884527587e-17
"I11","1",30,"Control","fits_baranyi_without_lag",-63.4735955098561,"mumax",0.00337718189712711,0.000186928969080419,18.0666587621002,4.55502947420281e-10
"I11","2",30,"Control","fits_baranyi_without_lag",-69.7211365077323,"log10_nmax",-0.592964453851128,0.00826925707735344,-71.7071011705571,3.5976023383299e-17
"I11","2",30,"Control","fits_baranyi_without_lag",-69.7211365077323,"log10_n0",-1.24619707525582,0.013230879148867,-94.1885313314597,1.37136311902381e-18
"I11","2",30,"Control","fits_baranyi_without_lag",-69.7211365077323,"mumax",0.00328152135415806,0.000149215583112868,21.9918140297444,4.59152842794875e-11
"I11","3",30,"Control","fits_baranyi_without_lag",-66.2223072949724,"log10_nmax",-0.583490583754479,0.00961171924559488,-60.7061618057453,2.64082708657779e-16
"I11","3",30,"Control","fits_baranyi_without_lag",-66.2223072949724,"log10_n0",-1.2389323284495,0.0146499181253637,-84.5692322542411,4.98648354874634e-18
"I11","3",30,"Control","fits_baranyi_without_lag",-66.2223072949724,"mumax",0.00310273405184718,0.000157088842933562,19.7514603450191,1.61396160236207e-10
"I11","1",30,"Sal","fits_baranyi_without_lag",-67.6261994645462,"log10_nmax",-0.503834530751124,0.010867380032472,-46.3620973266469,6.62172859438199e-15
"I11","1",30,"Sal","fits_baranyi_without_lag",-67.6261994645462,"log10_n0",-1.22204731260688,0.0129822384060989,-94.1322501081765,1.38122228231885e-18
"I11","1",30,"Sal","fits_baranyi_without_lag",-67.6261994645462,"mumax",0.00245605336042081,0.000106414493962254,23.0800642748158,2.60403674649692e-11
"I11","2",30,"Sal","fits_baranyi_without_lag",-70.890479265099,"log10_nmax",-0.500868690267445,0.00975741583348526,-51.3321046079204,1.96216780246855e-15
"I11","2",30,"Sal","fits_baranyi_without_lag",-70.890479265099,"log10_n0",-1.22561375369929,0.0116265787694486,-105.414823913623,3.55604877538142e-19
"I11","2",30,"Sal","fits_baranyi_without_lag",-70.890479265099,"mumax",0.00245780518105897,9.45001862644994e-05,26.0084691704178,6.37486099615258e-12
"I11","3",30,"Sal","fits_baranyi_without_lag",-75.7740861543575,"log10_nmax",-0.499771313606624,0.00811605042403397,-61.5781430000308,2.22656342465855e-16
"I11","3",30,"Sal","fits_baranyi_without_lag",-75.7740861543575,"log10_n0",-1.21716071786954,0.00996273690924831,-122.171319884967,6.06490151305016e-20
"I11","3",30,"Sal","fits_baranyi_without_lag",-75.7740861543575,"mumax",0.00252463232637553,8.33220572799712e-05,30.2996878472706,1.0464485791609e-12
"I11","1",34,"Control","fits_baranyi_without_lag",-46.9028833605821,"log10_nmax",-0.604026150254898,0.0140338029028178,-43.0408032974167,1.10047578283562e-12
"I11","1",34,"Control","fits_baranyi_without_lag",-46.9028833605821,"log10_n0",-1.28796894081722,0.0233381607081474,-55.1872513401445,9.25098294410197e-14
"I11","1",34,"Control","fits_baranyi_without_lag",-46.9028833605821,"mumax",0.00398009975415547,0.00029791233965451,13.3599694419211,1.05803969319459e-07
"I11","2",34,"Control","fits_baranyi_without_lag",-56.492336046346,"log10_nmax",-0.623207473192679,0.00989728982799984,-62.9674874660738,2.48269201001081e-14
"I11","2",34,"Control","fits_baranyi_without_lag",-56.492336046346,"log10_n0",-1.29526859999174,0.0160676051175333,-80.613668964164,2.10840008219753e-15
"I11","2",34,"Control","fits_baranyi_without_lag",-56.492336046346,"mumax",0.00386400282715405,0.00020425741239851,18.9173199727768,3.69518696922517e-09
"I11","3",34,"Control","fits_baranyi_without_lag",-65.0057227065623,"log10_nmax",-0.620031157732773,0.00738581841827539,-83.9488764303458,1.40646594012941e-15
"I11","3",34,"Control","fits_baranyi_without_lag",-65.0057227065623,"log10_n0",-1.29638437378832,0.0114441960302046,-113.278763345785,7.04798523286861e-17
"I11","3",34,"Control","fits_baranyi_without_lag",-65.0057227065623,"mumax",0.00370353874321289,0.000140426391545476,26.3735235410755,1.41580361174328e-10
"I11","1",34,"Sal","fits_baranyi_without_lag",-79.4994985409145,"log10_nmax",-0.538940334232993,0.00536815621177271,-100.395799408941,2.35489353399742e-16
"I11","1",34,"Sal","fits_baranyi_without_lag",-79.4994985409145,"log10_n0",-1.25602761674887,0.00612991824680629,-204.90120197007,1.88443634691114e-19
"I11","1",34,"Sal","fits_baranyi_without_lag",-79.4994985409145,"mumax",0.00293861803469036,6.22645418745888e-05,47.1956902952764,4.39704137302271e-13
"I11","2",34,"Sal","fits_baranyi_without_lag",-59.3243534916117,"log10_nmax",-0.516045469224394,0.0125606983483517,-41.0841383904512,1.74823704785301e-12
"I11","2",34,"Sal","fits_baranyi_without_lag",-59.3243534916117,"log10_n0",-1.23799730140169,0.0131237164330407,-94.3328292498665,4.387694261428e-16
"I11","2",34,"Sal","fits_baranyi_without_lag",-59.3243534916117,"mumax",0.00276719921834669,0.000128990190282533,21.4527880940834,1.0801141369717e-09
"I11","3",34,"Sal","fits_baranyi_without_lag",-51.2917759261877,"log10_nmax",-0.500900740093127,0.0177218316821213,-28.2646144641167,7.14342790864973e-11
"I11","3",34,"Sal","fits_baranyi_without_lag",-51.2917759261877,"log10_n0",-1.23286813591111,0.0177346756024073,-69.5173773431616,9.2480914938637e-15
"I11","3",34,"Sal","fits_baranyi_without_lag",-51.2917759261877,"mumax",0.00270122770814681,0.000170457542153974,15.8469239554492,2.06018493907265e-08
"I11","1",38,"Control","fits_baranyi",-56.6992201389681,"log10_nmax",-0.815102190897719,0.0165471701765322,-49.2593103353542,3.19275123667789e-11
"I11","1",38,"Control","fits_baranyi",-56.6992201389681,"log10_n0",-1.39172719863788,0.00488343234471275,-284.989552511092,2.57295692447688e-17
"I11","1",38,"Control","fits_baranyi",-56.6992201389681,"mumax",0.00710179029901823,0.000591054660986991,12.0154543526636,2.12294098271916e-06
"I11","1",38,"Control","fits_baranyi",-56.6992201389681,"lag",1268.68246625266,11.6137159184967,109.240011995824,5.50955254272926e-14
"I11","1",38,"Sal","fits_baranyi_without_lag",-48.0793886601019,"log10_nmax",-0.577313158083688,0.0261136811573244,-22.1076896284982,8.0416743605031e-10
"I11","1",38,"Sal","fits_baranyi_without_lag",-48.0793886601019,"log10_n0",-1.35223301056757,0.0192122442818476,-70.383917189998,8.17244801051416e-15
"I11","1",38,"Sal","fits_baranyi_without_lag",-48.0793886601019,"mumax",0.00229132574174913,0.00016702551063113,13.7184178218706,8.22193148949371e-08
"I11","2",38,"Sal","fits_baranyi_without_lag",-47.766417500541,"log10_nmax",-0.59291112515663,0.0258249829760008,-22.9588195937099,5.54870407026371e-10
"I11","2",38,"Sal","fits_baranyi_without_lag",-47.766417500541,"log10_n0",-1.33578603182391,0.0196055999538986,-68.1328821849336,1.13044530909675e-14
"I11","2",38,"Sal","fits_baranyi_without_lag",-47.766417500541,"mumax",0.00229520896400262,0.000176981822266517,12.968614146973,1.40332166388408e-07
"I11","3",38,"Sal","fits_baranyi_without_lag",-44.4120224714219,"log10_nmax",-0.593573413634294,0.0257713002213531,-23.0323425103124,5.37702811131004e-10
"I11","3",38,"Sal","fits_baranyi_without_lag",-44.4120224714219,"log10_n0",-1.32485813587162,0.0227271083816662,-58.294179515612,5.35796166229193e-14
"I11","3",38,"Sal","fits_baranyi_without_lag",-44.4120224714219,"mumax",0.00249191733510517,0.000212594752116476,11.7214433107921,3.64235306198892e-07
"I11","1",47,"Sal","fits_gompertz",-277.319601614753,"log10_nmax",-1.34678749095792,1.3197282836184e-08,-102050362.008256,5.53213859456193e-32
"I11","1",47,"Sal","fits_gompertz",-277.319601614753,"log10_n0",-1.34678748342198,2.07015717162976e-09,-650572575.782596,3.34940945542633e-35
"I11","1",47,"Sal","fits_gompertz",-277.319601614753,"mumax",2.80940033643426e-12,1.97771839552097e-13,14.205259670926,0.00014260704284794
"I11","1",47,"Sal","fits_gompertz",-277.319601614753,"lag",3000,207.934011031873,14.4276541635132,0.000134148450048649
"I11","2",38,"Control","fits_buchanan",-39.2561646468957,"log10_nmax",-0.878960166337633,0.0187358384304656,-46.9133083955502,5.22892070332207e-10
"I11","2",38,"Control","fits_buchanan",-39.2561646468957,"log10_n0",-1.38530028868761,0.00837892167319492,-165.331571617304,7.81517447016691e-14
"I11","2",38,"Control","fits_buchanan",-39.2561646468957,"mumax",0.00153657460131909,7.45438479948514e-05,20.6130303526217,1.58745192776425e-07
"I11","2",38,"Control","fits_buchanan",-39.2561646468957,"lag",801.240117188978,25.1372645285966,31.8745946392645,7.73365277642573e-09
"I11","3",38,"Control","fits_baranyi",-39.2007316666748,"log10_nmax",-0.890893397615875,0.0133619282531824,-66.6740144637203,7.65643258583117e-10
"I11","3",38,"Control","fits_baranyi",-39.2007316666748,"log10_n0",-1.39205023385144,0.00787344343662518,-176.803230385321,2.20873594993505e-12
"I11","3",38,"Control","fits_baranyi",-39.2007316666748,"mumax",0.00640309898477696,0.000601847979246572,10.6390636931152,4.06407398732652e-05
"I11","3",38,"Control","fits_baranyi",-39.2007316666748,"lag",1114.39474817781,17.2734000157471,64.5150779326527,9.32597340310395e-10
"I11","2",42,"Control","fits_baranyi",38.4978273558091,"log10_nmax",-2.2665712253449,102.797442372943,-0.0220489067920768,0.983464994562644
"I11","2",42,"Control","fits_baranyi",38.4978273558091,"log10_n0",0,14.7508198341447,0,1
"I11","2",42,"Control","fits_baranyi",38.4978273558091,"mumax",0.000171023197271816,0.0955860063971938,0.00178920747626126,0.99865809528776
"I11","2",42,"Control","fits_baranyi",38.4978273558091,"lag",0,1908983.3869449,0,1
"I11","1",47,"Control","fits_baranyi",33.4610951771904,"log10_nmax",-1.56856307387664,0.840637285253148,-1.86592136869623,0.135468824353882
"I11","1",47,"Control","fits_baranyi",33.4610951771904,"log10_n0",0,26.8405734340232,0,1
"I11","1",47,"Control","fits_baranyi",33.4610951771904,"mumax",0.00133876209804543,0.0178485251554022,0.0750068751557453,0.943810682501358
"I11","1",47,"Control","fits_baranyi",33.4610951771904,"lag",0,13694.2624066751,0,1
"I11","1",15,"pH","fits_gompertz",-108.009321530006,"log10_nmax",-1.38495652804876,0.0026307730663014,-526.444696347703,1.48614668537722e-27
"I11","1",15,"pH","fits_gompertz",-108.009321530006,"log10_n0",-0.995846334113017,0.0230559745150403,-43.1925500899295,1.54162588187693e-14
"I11","1",15,"pH","fits_gompertz",-108.009321530006,"mumax",0.000747791984320199,2.68368183603694e-05,27.8644053210302,2.82285789088774e-12
"I11","1",15,"pH","fits_gompertz",-108.009321530006,"lag",3000,89.3654663672003,33.5700144804603,3.09992521248928e-13
"I11","2",15,"pH","fits_gompertz",-91.0326673229083,"log10_nmax",-1.36158994232274,0.00374706926674831,-363.374639056066,1.27035250980808e-25
"I11","2",15,"pH","fits_gompertz",-91.0326673229083,"log10_n0",-1.06880074543333,0.0498982130203404,-21.4196196765132,6.25429757879084e-11
"I11","2",15,"pH","fits_gompertz",-91.0326673229083,"mumax",0.000672414717558373,5.67731311073883e-05,11.843889960666,5.59480546701232e-08
"I11","2",15,"pH","fits_gompertz",-91.0326673229083,"lag",3000,216.562220560237,13.8528317277092,9.61907704209726e-09
"I11","3",15,"pH","fits_baranyi",-104.400342314498,"log10_nmax",-0.780425897688941,0.264946888855087,-2.94559374167929,0.012244056011421
"I11","3",15,"pH","fits_baranyi",-104.400342314498,"log10_n0",-1.36786286330763,0.00257185590344444,-531.858282369426,1.31445503975307e-27
"I11","3",15,"pH","fits_baranyi",-104.400342314498,"mumax",0.00237328857573995,0.000395457149464594,6.00137986872441,6.20359074431427e-05
"I11","3",15,"pH","fits_baranyi",-104.400342314498,"lag",2703.52659623771,194.400103646257,13.9070224013729,9.20226481423783e-09
"I11","1",15,"pH_Sal","fits_baranyi",-92.7876656514734,"log10_nmax",-0.688299134747324,0.00980724996816521,-70.1826849505799,4.65320318502866e-17
"I11","1",15,"pH_Sal","fits_baranyi",-92.7876656514734,"log10_n0",-1.29183325714766,0.00723053594679465,-178.663555046751,6.35416360368999e-22
"I11","1",15,"pH_Sal","fits_baranyi",-92.7876656514734,"mumax",0.00194333204489501,0.00013324422455888,14.5847375473768,5.35542408533773e-09
"I11","1",15,"pH_Sal","fits_baranyi",-92.7876656514734,"lag",518.919284661814,49.4960320282424,10.4840582850302,2.14394803409618e-07
"I11","2",15,"pH_Sal","fits_baranyi",-102.531822267223,"log10_nmax",-0.683857216234145,0.00746073221985869,-91.6608713570875,1.89993280601946e-18
"I11","2",15,"pH_Sal","fits_baranyi",-102.531822267223,"log10_n0",-1.2959229085559,0.00534109342856925,-242.632510718513,1.61628681394686e-23
"I11","2",15,"pH_Sal","fits_baranyi",-102.531822267223,"mumax",0.00190507761865576,9.68818171335923e-05,19.6639335947716,1.69978746737032e-10
"I11","2",15,"pH_Sal","fits_baranyi",-102.531822267223,"lag",509.23043254808,37.5295205163888,13.5687966577059,1.21641023704087e-08
"I11","3",15,"pH_Sal","fits_baranyi",-90.4026381757556,"log10_nmax",-0.66916903187398,0.0108271874682164,-61.8045114521523,2.13092324307552e-16
"I11","3",15,"pH_Sal","fits_baranyi",-90.4026381757556,"log10_n0",-1.28575506131647,0.0077703910596943,-165.468513931788,1.59497857658029e-21
"I11","3",15,"pH_Sal","fits_baranyi",-90.4026381757556,"mumax",0.00192260874402278,0.000139977807951243,13.7350968140068,1.05965271829889e-08
"I11","3",15,"pH_Sal","fits_baranyi",-90.4026381757556,"lag",519.997993680542,53.244045551879,9.76631261375275,4.62104653814219e-07
"I11","1",20,"pH","fits_baranyi",-82.8098930789972,"log10_nmax",-0.704929143312155,0.0234456400929034,-30.0665343543137,1.14680406098945e-12
"I11","1",20,"pH","fits_baranyi",-82.8098930789972,"log10_n0",-1.3528987615717,0.00624171563969626,-216.751104931389,6.25526491619035e-23
"I11","1",20,"pH","fits_baranyi",-82.8098930789972,"mumax",0.00245996122823612,0.000182772487612646,13.4591439902573,1.33335052750231e-08
"I11","1",20,"pH","fits_baranyi",-82.8098930789972,"lag",1529.9230986405,28.7292952967573,53.2530673947015,1.26487239388529e-15
"I11","2",20,"pH","fits_baranyi",-85.1361505198862,"log10_nmax",-0.721042661200392,0.0285968691892297,-25.2140420138004,9.19263534148586e-12
"I11","2",20,"pH","fits_baranyi",-85.1361505198862,"log10_n0",-1.34032273644634,0.0054708872787984,-244.991839192256,1.4391178909835e-23
"I11","2",20,"pH","fits_baranyi",-85.1361505198862,"mumax",0.0024386004750157,0.000194316166871502,12.5496530436827,2.93146763455095e-08
"I11","2",20,"pH","fits_baranyi",-85.1361505198862,"lag",1717.5812967282,29.8974604337341,57.4490699815494,5.10765604801883e-16
"I11","3",20,"pH","fits_baranyi",-89.8036909247391,"log10_nmax",-0.748703045610416,0.0203192023942519,-36.8470686537488,1.0239328084662e-13
"I11","3",20,"pH","fits_baranyi",-89.8036909247391,"log10_n0",-1.34223247190419,0.00445944906940589,-300.986164661594,1.21764479536209e-24
"I11","3",20,"pH","fits_baranyi",-89.8036909247391,"mumax",0.00271557857181298,0.00017864388981804,15.2010716659773,3.33717519160052e-09
"I11","3",20,"pH","fits_baranyi",-89.8036909247391,"lag",1737.66186667712,23.5163409253613,73.8916769489054,2.51154577192799e-17
"I11","1",20,"pH_Sal","fits_baranyi_without_lag",-86.8014524596863,"log10_nmax",-0.505283760948616,0.0150372662734886,-33.602102387417,5.06208649236269e-14
"I11","1",20,"pH_Sal","fits_baranyi_without_lag",-86.8014524596863,"log10_n0",-1.26725098600581,0.0076924120180749,-164.740393913917,5.72260121738146e-23
"I11","1",20,"pH_Sal","fits_baranyi_without_lag",-86.8014524596863,"mumax",0.00128844814235555,4.51523707797751e-05,28.5355590438383,4.1257195963754e-13
"I11","2",20,"pH_Sal","fits_baranyi_without_lag",-87.0648457057413,"log10_nmax",-0.506555473929958,0.014151557993915,-35.7950321899378,2.24368708901068e-14
"I11","2",20,"pH_Sal","fits_baranyi_without_lag",-87.0648457057413,"log10_n0",-1.26984619673178,0.0076634737896403,-165.701120873982,5.30613834652783e-23
"I11","2",20,"pH_Sal","fits_baranyi_without_lag",-87.0648457057413,"mumax",0.00132818161880701,4.4993562175146e-05,29.5193702076046,2.67205879756931e-13
"I11","3",20,"pH_Sal","fits_gompertz",-87.7978896478974,"log10_nmax",-2.58401689840814,0.477708913188769,-5.40918711597716,0.00015772140377228
"I11","3",20,"pH_Sal","fits_gompertz",-87.7978896478974,"log10_n0",-0.53980300317898,0.0135972817867031,-39.699331943452,4.21353931115442e-14
"I11","3",20,"pH_Sal","fits_gompertz",-87.7978896478974,"mumax",0.00099740719556532,7.8734517082488e-05,12.6679788296709,2.63856179758245e-08
"I11","3",20,"pH_Sal","fits_gompertz",-87.7978896478974,"lag",1654.51299585608,102.013281938761,16.218603738769,1.58590194176003e-09
"I11","1",23,"pH","fits_gompertz",-81.9481286960041,"log10_nmax",-0.705781330631951,0.0129772756008981,-54.385939879639,9.83474204387666e-16
"I11","1",23,"pH","fits_gompertz",-81.9481286960041,"log10_n0",-1.35054064176084,0.00495550689308926,-272.533298993943,4.00842466731342e-24
"I11","1",23,"pH","fits_gompertz",-81.9481286960041,"mumax",0.00140656953556683,6.62969747635403e-05,21.2161948653556,6.99393086768828e-11
"I11","1",23,"pH","fits_gompertz",-81.9481286960041,"lag",975.571000471093,25.5871295216986,38.1274108783395,6.81803661179988e-14
"I11","2",23,"pH","fits_gompertz",-67.0741069778134,"log10_nmax",-0.6207926490365,0.0331514281630649,-18.7259699939005,3.00357234928479e-10
"I11","2",23,"pH","fits_gompertz",-67.0741069778134,"log10_n0",-1.34842605725332,0.00797314616625955,-169.120950392147,1.22748337170444e-21
"I11","2",23,"pH","fits_gompertz",-67.0741069778134,"mumax",0.00121758799094116,8.37961919603498e-05,14.5303499175391,5.58849705763564e-09
"I11","2",23,"pH","fits_gompertz",-67.0741069778134,"lag",1031.19319310463,45.1709870739125,22.8286619333182,2.96172879234647e-11
"I11","3",23,"pH","fits_buchanan",-60.2930481049755,"log10_nmax",-0.602059991327962,0.0257516841962413,-23.3794413887632,2.23789045879548e-11
"I11","3",23,"pH","fits_buchanan",-60.2930481049755,"log10_n0",-1.347003318179,0.00910459529259384,-147.947632474639,6.10628535377172e-21
"I11","3",23,"pH","fits_buchanan",-60.2930481049755,"mumax",0.000974257480536527,4.82984052233705e-05,20.1716283597933,1.26232622729488e-10
"I11","3",23,"pH","fits_buchanan",-60.2930481049755,"lag",912.775672438531,45.4714180803597,20.0736135131177,1.33621939348294e-10
"I11","1",23,"pH_Sal","fits_gompertz",-65.2793253121097,"log10_nmax",-1.84756274340711,0.295736405065012,-6.24732941823973,6.2837659371374e-05
"I11","1",23,"pH_Sal","fits_gompertz",-65.2793253121097,"log10_n0",-0.611675066756864,0.0135440801011366,-45.1618022183383,7.6683668470146e-14
"I11","1",23,"pH_Sal","fits_gompertz",-65.2793253121097,"mumax",0.00109925149027284,6.01760584095625e-05,18.267256435961,1.40967075967678e-09
"I11","1",23,"pH_Sal","fits_gompertz",-65.2793253121097,"lag",1305.59192549159,59.4373251828121,21.9658593564897,1.95033092701105e-10
"I11","2",23,"pH_Sal","fits_gompertz",-62.7739229682293,"log10_nmax",-1.87920529219046,0.351775149476281,-5.3420638012327,0.000236663884466605
"I11","2",23,"pH_Sal","fits_gompertz",-62.7739229682293,"log10_n0",-0.626700499504795,0.0142700685956773,-43.9171329347806,1.04119758393956e-13
"I11","2",23,"pH_Sal","fits_gompertz",-62.7739229682293,"mumax",0.00111393086154876,7.59592804931334e-05,14.6648421933046,1.44536943596566e-08
"I11","2",23,"pH_Sal","fits_gompertz",-62.7739229682293,"lag",1260.14390463914,69.2472714971522,18.1977408985849,1.46822732986221e-09
"I11","3",23,"pH_Sal","fits_buchanan_without_lag",-59.4668111924267,"log10_nmax",-0.639638886676178,0.0111723561541758,-57.2519241106638,5.32201575397683e-16
"I11","3",23,"pH_Sal","fits_buchanan_without_lag",-59.4668111924267,"log10_n0",-1.22205980250725,0.014826459140245,-82.4242518694218,6.78373994931985e-18
"I11","3",23,"pH_Sal","fits_buchanan_without_lag",-59.4668111924267,"mumax",0.00102252355926063,5.20526889926814e-05,19.6440103104836,1.72000505997695e-10
"I11","1",27,"pH","fits_gompertz",-74.7713777218513,"log10_nmax",-0.613520871063869,0.0156940461743944,-39.0925873574182,5.06221412184258e-14
"I11","1",27,"pH","fits_gompertz",-74.7713777218513,"log10_n0",-1.33339380859353,0.00728477338763676,-183.03847458817,4.75361869697424e-22
"I11","1",27,"pH","fits_gompertz",-74.7713777218513,"mumax",0.00139908142528367,6.50419553760296e-05,21.5104453301735,5.95177736520974e-11
"I11","1",27,"pH","fits_gompertz",-74.7713777218513,"lag",732.344101292955,30.0109680598658,24.4025484226992,1.35175504257265e-11
"I11","2",27,"pH","fits_gompertz",-74.8575998931232,"log10_nmax",-0.610477019645062,0.0185797071371525,-32.857192803881,4.00024045962128e-13
"I11","2",27,"pH","fits_gompertz",-74.8575998931232,"log10_n0",-1.31807541171595,0.00672359122225014,-196.037410387783,2.08726023240361e-22
"I11","2",27,"pH","fits_gompertz",-74.8575998931232,"mumax",0.00131115989274916,6.61395084528228e-05,19.8241553864042,1.54623751592998e-10
"I11","2",27,"pH","fits_gompertz",-74.8575998931232,"lag",853.601021608713,32.5106673008033,26.2560289430793,5.70021888870778e-12
"I11","3",27,"pH","fits_gompertz",-72.1851611539356,"log10_nmax",-0.609985943141837,0.0205273648833546,-29.7157451337784,1.31794535520062e-12
"I11","3",27,"pH","fits_gompertz",-72.1851611539356,"log10_n0",-1.33092134537332,0.00738283119905205,-180.272487544373,5.70627619660621e-22
"I11","3",27,"pH","fits_gompertz",-72.1851611539356,"mumax",0.00131350569890761,7.03713562491556e-05,18.6653458014513,3.11900783509571e-10
"I11","3",27,"pH","fits_gompertz",-72.1851611539356,"lag",843.908699136168,35.1695698270204,23.995422841021,1.64794947923803e-11
"I11","1",27,"pH_Sal","fits_baranyi_without_lag",-90.5611228383029,"log10_nmax",-0.493810192216505,0.00609912405510421,-80.9641167739895,8.40355604355002e-18
"I11","1",27,"pH_Sal","fits_baranyi_without_lag",-90.5611228383029,"log10_n0",-1.19322011215171,0.00576827329059962,-206.859150397098,1.09552981876491e-22
"I11","1",27,"pH_Sal","fits_baranyi_without_lag",-90.5611228383029,"mumax",0.00195468417919672,4.24359445805528e-05,46.0619929288082,7.15549956375173e-15
"I11","2",27,"pH_Sal","fits_baranyi_without_lag",-86.3054406003401,"log10_nmax",-0.497045650724614,0.0067900642580719,-73.2019067615945,2.81007671487154e-17
"I11","2",27,"pH_Sal","fits_baranyi_without_lag",-86.3054406003401,"log10_n0",-1.19576146235856,0.00669996114759247,-178.472894994061,6.43607186102882e-22
"I11","2",27,"pH_Sal","fits_baranyi_without_lag",-86.3054406003401,"mumax",0.00202730058550752,5.02497097601714e-05,40.3445232854735,3.47704734656529e-14
"I11","3",27,"pH_Sal","fits_baranyi_without_lag",-84.4423950713497,"log10_nmax",-0.482775287810607,0.00735459840759433,-65.6426443777127,1.03618551111112e-16
"I11","3",27,"pH_Sal","fits_baranyi_without_lag",-84.4423950713497,"log10_n0",-1.18603911207517,0.00709457745410382,-167.175440644335,1.4102336369325e-21
"I11","3",27,"pH_Sal","fits_baranyi_without_lag",-84.4423950713497,"mumax",0.00199198867785246,5.240647453398e-05,38.0103545519144,7.07231911865074e-14
"I11","1",30,"pH","fits_gompertz",-72.8880043178733,"log10_nmax",-0.611157846091739,0.0175425073577821,-34.8386826140119,1.30759738270257e-12
"I11","1",30,"pH","fits_gompertz",-72.8880043178733,"log10_n0",-1.37846574770003,0.00615510252938362,-223.954961126873,1.7652066107333e-21
"I11","1",30,"pH","fits_gompertz",-72.8880043178733,"mumax",0.00167541431828213,6.8290874177848e-05,24.5335022937163,5.91229312480797e-11
"I11","1",30,"pH","fits_gompertz",-72.8880043178733,"lag",753.055311585688,22.4049486822623,33.6111152167857,1.93360723719112e-12
"I11","2",30,"pH","fits_gompertz",-68.2357528987073,"log10_nmax",-0.192777432672888,0.0133274068155048,-14.464736864535,5.8843422773904e-09
"I11","2",30,"pH","fits_gompertz",-68.2357528987073,"log10_n0",-1.36499870877795,0.00748693844156666,-182.317340984084,4.98414180845469e-22
"I11","2",30,"pH","fits_gompertz",-68.2357528987073,"mumax",0.00376011307862844,0.00014273743165236,26.342866304238,5.48221732782853e-12
"I11","2",30,"pH","fits_gompertz",-68.2357528987073,"lag",903.384798137777,15.0959910156051,59.8426957994296,3.13452120741159e-16
"I11","3",30,"pH","fits_gompertz",-87.4023726669172,"log10_nmax",-0.599296955391081,0.0120788206490879,-49.615518998234,2.94593025208811e-15
"I11","3",30,"pH","fits_gompertz",-87.4023726669172,"log10_n0",-1.36891814867246,0.00416413616149055,-328.740006470502,4.22571426073014e-25
"I11","3",30,"pH","fits_gompertz",-87.4023726669172,"mumax",0.00158414064983438,5.35870823885541e-05,29.5619873153001,1.40150620495851e-12
"I11","3",30,"pH","fits_gompertz",-87.4023726669172,"lag",965.212187828692,19.0580374364642,50.6459382843865,2.30446595324482e-15
"I11","1",30,"pH_Sal","fits_baranyi_without_lag",-99.6313550854011,"log10_nmax",-0.508840615032118,0.00422477111252364,-120.442173428933,7.19541294427918e-20
"I11","1",30,"pH_Sal","fits_baranyi_without_lag",-99.6313550854011,"log10_n0",-1.27425762101387,0.00427827456985686,-297.843815352997,1.38104928223655e-24
"I11","1",30,"pH_Sal","fits_baranyi_without_lag",-99.6313550854011,"mumax",0.00214418814052018,3.02963660872388e-05,70.7737731431539,4.20863620082252e-17
"I11","2",30,"pH_Sal","fits_baranyi_without_lag",-91.1785911304301,"log10_nmax",-0.510042441196836,0.0055290856158765,-92.2471592286931,1.76016644364283e-18
"I11","2",30,"pH_Sal","fits_baranyi_without_lag",-91.1785911304301,"log10_n0",-1.28173967777018,0.00568289831558235,-225.543306705962,3.88212451919145e-23
"I11","2",30,"pH_Sal","fits_baranyi_without_lag",-91.1785911304301,"mumax",0.00218017045806101,4.03040554969318e-05,54.093079001119,1.04904966985302e-15
"I11","3",30,"pH_Sal","fits_gompertz",-88.4655300021781,"log10_nmax",-2.98469011251578,0.427076750898076,-6.98865041526948,2.30347933641105e-05
"I11","3",30,"pH_Sal","fits_gompertz",-88.4655300021781,"log10_n0",-0.516704610756773,0.00525818725423206,-98.2666812295251,1.51379538100187e-17
"I11","3",30,"pH_Sal","fits_gompertz",-88.4655300021781,"mumax",0.00174165458359398,0.000128278345993955,13.5771518575399,3.23830657920915e-08
"I11","3",30,"pH_Sal","fits_gompertz",-88.4655300021781,"lag",1000.20600075771,68.0395484729325,14.7003621159481,1.40909417779904e-08
"I11","1",34,"pH","fits_baranyi",-82.3969902619154,"log10_nmax",-0.745125198562594,0.0262003407552686,-28.439523192566,3.99859948832986e-10
"I11","1",34,"pH","fits_baranyi",-82.3969902619154,"log10_n0",-1.38268527849414,0.0020480239557513,-675.131399030398,1.74719344251572e-22
"I11","1",34,"pH","fits_baranyi",-82.3969902619154,"mumax",0.00826878951464916,0.000634483146799709,13.0323233270362,3.80105638228378e-07
"I11","1",34,"pH","fits_baranyi",-82.3969902619154,"lag",1545.87909587878,7.50368802557912,206.015907192446,7.6100468861151e-18
"I11","2",34,"pH","fits_baranyi",-80.5209401201092,"log10_nmax",-0.962063757724218,0.0137364087514199,-70.037502169173,1.24634471965885e-13
"I11","2",34,"pH","fits_baranyi",-80.5209401201092,"log10_n0",-1.3793299377586,0.00209494043070713,-658.410099657593,2.18960405887447e-22
"I11","2",34,"pH","fits_baranyi",-80.5209401201092,"mumax",0.0147168549334916,0.00446748613036084,3.29421390555117,0.00931549600932018
"I11","2",34,"pH","fits_baranyi",-80.5209401201092,"lag",1562.05381791106,5.67493217091241,275.255064001922,5.61102158508545e-19
"I11","3",34,"pH","fits_baranyi",-75.3465564940652,"log10_nmax",-0.94732427250485,0.036455585924613,-25.9857096924415,8.92758626860047e-10
"I11","3",34,"pH","fits_baranyi",-75.3465564940652,"log10_n0",-1.37748921397644,0.00264949630592104,-519.906070787136,1.83437312592238e-21
"I11","3",34,"pH","fits_baranyi",-75.3465564940652,"mumax",0.00913928063174258,0.0017098179101913,5.34517773925998,0.000465292418740805
"I11","3",34,"pH","fits_baranyi",-75.3465564940652,"lag",1586.80559182115,18.8439654602408,84.2076257871083,2.37932874314804e-14
"I11","1",34,"pH_Sal","fits_baranyi_without_lag",-54.8757464068139,"log10_nmax",-0.530669136528356,0.0152677859991464,-34.7574387378775,9.20901623526642e-12
"I11","1",34,"pH_Sal","fits_baranyi_without_lag",-54.8757464068139,"log10_n0",-1.28691003484781,0.0154118042098679,-83.5015821200105,1.48354511718575e-15
"I11","1",34,"pH_Sal","fits_baranyi_without_lag",-54.8757464068139,"mumax",0.00274849431803679,0.000144746075090963,18.9883858081095,3.56251320031583e-09
"I11","2",34,"pH_Sal","fits_baranyi_without_lag",-57.3073082626735,"log10_nmax",-0.526551732890718,0.0132827485392554,-39.6417752948167,2.49426560733703e-12
"I11","2",34,"pH_Sal","fits_baranyi_without_lag",-57.3073082626735,"log10_n0",-1.2800085552952,0.0141555168905948,-90.4247132187493,6.69570414431883e-16
"I11","2",34,"pH_Sal","fits_baranyi_without_lag",-57.3073082626735,"mumax",0.00284746813106793,0.000135381203780439,21.0329650760526,1.3109785956774e-09
"I11","3",34,"pH_Sal","fits_baranyi_without_lag",-55.11617609479,"log10_nmax",-0.518955558788538,0.0142669110973396,-36.3747664261614,5.86287014814722e-12
"I11","3",34,"pH_Sal","fits_baranyi_without_lag",-55.11617609479,"log10_n0",-1.28172982489305,0.015410335527275,-83.1733885757706,1.54305463703818e-15
"I11","3",34,"pH_Sal","fits_baranyi_without_lag",-55.11617609479,"mumax",0.00288688502342802,0.000146602218337936,19.6919600273264,2.49759592020934e-09
"I11","2",42,"pH","fits_baranyi",35.9368112212167,"log10_nmax",-2.26385087908873,170.242951861899,-0.01329776565978,0.990027043152408
"I11","2",42,"pH","fits_baranyi",35.9368112212167,"log10_n0",0,28.4776725734461,0,1
"I11","2",42,"pH","fits_baranyi",35.9368112212167,"mumax",0.000170903068180344,0.15605839096388,0.00109512258280235,0.999178658268113
"I11","2",42,"pH","fits_baranyi",35.9368112212167,"lag",0,3088182.3157739,0,1
"I11","1",42,"pH_Sal","fits_baranyi",34.3373894869742,"log10_nmax",-1.61387149728091,1.11971898923065,-1.44131832433224,0.222939478204596
"I11","1",42,"pH_Sal","fits_baranyi",34.3373894869742,"log10_n0",0,22.5610788559482,0,1
"I11","1",42,"pH_Sal","fits_baranyi",34.3373894869742,"mumax",0.00119943556060747,0.0177193931300759,0.0676905553030263,0.949280487630977
"I11","1",42,"pH_Sal","fits_baranyi",34.3373894869742,"lag",0,14861.6807299946,0,1
"I11","1",47,"pH_Sal","fits_baranyi",38.7607737494816,"log10_nmax",-2.63146586453628,831.23079498061,-0.00316574636121086,0.997625695186415
"I11","1",47,"pH_Sal","fits_baranyi",38.7607737494816,"log10_n0",0,21.4604959860465,0,1
"I11","1",47,"pH_Sal","fits_baranyi",38.7607737494816,"mumax",0.000112858151560776,0.334119646534567,0.000337777657588596,0.99974666676283
"I11","1",47,"pH_Sal","fits_baranyi",38.7607737494816,"lag",3000,467071.220519618,0.00642300331984165,0.995182788912923
