"","Id","Stress","meanGrowth","sdGrowth","SampleID","Com_Id","Media","Temp","Evo_status","Diversity","Abundance"
"1","D11","Control",0.00196069633333333,0.000332760684048236,"M1.20.C12","Com12","M1",20,NA,"Four",0.159666971603877
"2","D11","Control",0.00196069633333333,0.000332760684048236,"M1.20.C14","Com14","M1",20,"Non_evo","Eight",0.00793340118479084
"3","D11","Control",0.00196069633333333,0.000332760684048236,"M1.20.C22","Com22","M1",20,"Non_evo","Eight",0.00719672319412012
"4","D11","Control",0.00196069633333333,0.000332760684048236,"M1.20.C11","Com11","M1",20,NA,"Four",0.0126396835602725
"5","D11","Control",0.00196069633333333,0.000332760684048236,"M1.20.C17","Com17","M1",20,"Non_evo","Eight",0.0024266510384235
"6","D11","Control",0.00196069633333333,0.000332760684048236,"M1.20.C18","Com18","M1",20,"Non_evo","Eight",0.00732135884420148
"7","D11","Control",0.00196069633333333,0.000332760684048236,"M1.20.C16","Com16","M1",20,"Non_evo","Eight",0.00856218022345202
"8","D11","Control",0.00196069633333333,0.000332760684048236,"M1.20.C6","Com6","M1",20,NA,"Two",0.309619971101788
"9","D11","Control",0.00196069633333333,0.000332760684048236,"M1.20.C15","Com15","M1",20,"Non_evo","Eight",0.0029889746313128
"10","D11","pH",0.00195990888888889,0.000144405333642359,"M2.20.C6","Com6","M2",20,NA,"Two",0.270481584384128
"11","D11","pH",0.00195990888888889,0.000144405333642359,"M2.20.C11","Com11","M2",20,NA,"Four",0.026507972607586
"12","D11","pH",0.00195990888888889,0.000144405333642359,"M2.20.C15","Com15","M2",20,"Non_evo","Eight",0.00156912240007504
"13","D11","pH",0.00195990888888889,0.000144405333642359,"M2.20.C16","Com16","M2",20,"Non_evo","Eight",0.0117915519993732
"14","D11","pH",0.00195990888888889,0.000144405333642359,"M2.20.C18","Com18","M2",20,"Non_evo","Eight",0.00826523727415848
"15","D11","pH",0.00195990888888889,0.000144405333642359,"M2.20.C22","Com22","M2",20,"Non_evo","Eight",0.00207560277198868
"16","D11","pH",0.00195990888888889,0.000144405333642359,"M2.20.C17","Com17","M2",20,"Non_evo","Eight",0.00196818274525801
"17","D11","pH",0.00195990888888889,0.000144405333642359,"M2.20.C14","Com14","M2",20,"Non_evo","Eight",0.00668521005179359
"18","D11","pH",0.00195990888888889,0.000144405333642359,"M2.20.C12","Com12","M2",20,NA,"Four",0.217102253370322
"19","D11","pHSal",0.000951804222222222,0.00015884556149589,"M4.20.C17","Com17","M4",20,"Non_evo","Eight",0.00323365563168342
"20","D11","pHSal",0.000951804222222222,0.00015884556149589,"M4.20.C22","Com22","M4",20,"Non_evo","Eight",0.00312067197870389
"21","D11","pHSal",0.000951804222222222,0.00015884556149589,"M4.20.C15","Com15","M4",20,"Non_evo","Eight",0.00233986109869147
"22","D11","pHSal",0.000951804222222222,0.00015884556149589,"M4.20.C14","Com14","M4",20,"Non_evo","Eight",0.00116965792299432
"23","D11","pHSal",0.000951804222222222,0.00015884556149589,"M4.20.C11","Com11","M4",20,NA,"Four",0.0167330328622063
"24","D11","pHSal",0.000951804222222222,0.00015884556149589,"M4.20.C16","Com16","M4",20,"Non_evo","Eight",0.00728232552940873
"25","D11","pHSal",0.000951804222222222,0.00015884556149589,"M4.20.C18","Com18","M4",20,"Non_evo","Eight",0.00260426355147141
"26","D11","pHSal",0.000951804222222222,0.00015884556149589,"M4.20.C6","Com6","M4",20,NA,"Two",0.146342777119466
"27","D11","pHSalTemp",0.000192025666666667,0.000387474815551282,"M4.38.C16","Com16","M4",38,"Non_evo","Eight",0.00103936384333652
"28","D11","pHSalTemp",0.000192025666666667,0.000387474815551282,"M4.38.C22","Com22","M4",38,"Non_evo","Eight",0.0076950224553488
"29","D11","pHSalTemp",0.000192025666666667,0.000387474815551282,"M4.38.C14","Com14","M4",38,"Non_evo","Eight",0.000750824769633309
"30","D11","pHSalTemp",0.000192025666666667,0.000387474815551282,"M4.38.C11","Com11","M4",38,NA,"Four",0.00665014685740977
"31","D11","pHSalTemp",0.000192025666666667,0.000387474815551282,"M4.38.C17","Com17","M4",38,"Non_evo","Eight",0.000148655902878143
"32","D11","pHSalTemp",0.000192025666666667,0.000387474815551282,"M4.38.C18","Com18","M4",38,"Non_evo","Eight",0.000736818917255995
"33","D11","pHSalTemp",0.000192025666666667,0.000387474815551282,"M4.38.C6","Com6","M4",38,NA,"Two",0.459840887876478
"34","D11","pHSalTemp",0.000192025666666667,0.000387474815551282,"M4.38.C15","Com15","M4",38,"Non_evo","Eight",0.000331875845246293
"35","D11","pHTemp",0.00244192466666667,0.00127820188600921,"M2.38.C14","Com14","M2",38,"Non_evo","Eight",0.0014137718954927
"36","D11","pHTemp",0.00244192466666667,0.00127820188600921,"M2.38.C16","Com16","M2",38,"Non_evo","Eight",0.000114685980962127
"37","D11","pHTemp",0.00244192466666667,0.00127820188600921,"M2.38.C18","Com18","M2",38,"Non_evo","Eight",0.000275714704209819
"38","D11","pHTemp",0.00244192466666667,0.00127820188600921,"M2.38.C6","Com6","M2",38,NA,"Two",0.571547834886368
"39","D11","pHTemp",0.00244192466666667,0.00127820188600921,"M2.38.C12","Com12","M2",38,NA,"Four",0.594087222489518
"40","D11","pHTemp",0.00244192466666667,0.00127820188600921,"M2.38.C17","Com17","M2",38,"Non_evo","Eight",0.000301386377335744
"41","D11","pHTemp",0.00244192466666667,0.00127820188600921,"M2.38.C15","Com15","M2",38,"Non_evo","Eight",0.000531994480557264
"42","D11","pHTemp",0.00244192466666667,0.00127820188600921,"M2.38.C11","Com11","M2",38,NA,"Four",0.00424371021521673
"43","D11","pHTemp",0.00244192466666667,0.00127820188600921,"M2.38.C22","Com22","M2",38,"Non_evo","Eight",0.00415064952279958
"44","D11","Sal",0.00158392544444444,0.000385897169349916,"M3.20.C15","Com15","M3",20,"Non_evo","Eight",0.00524961303918095
"45","D11","Sal",0.00158392544444444,0.000385897169349916,"M3.20.C11","Com11","M3",20,NA,"Four",0.0194629199831773
"46","D11","Sal",0.00158392544444444,0.000385897169349916,"M3.20.C12","Com12","M3",20,NA,"Four",0.0812881693561774
"47","D11","Sal",0.00158392544444444,0.000385897169349916,"M3.20.C14","Com14","M3",20,"Non_evo","Eight",0.00270174385285048
"48","D11","Sal",0.00158392544444444,0.000385897169349916,"M3.20.C18","Com18","M3",20,"Non_evo","Eight",0.00614983227730153
"49","D11","Sal",0.00158392544444444,0.000385897169349916,"M3.20.C22","Com22","M3",20,"Non_evo","Eight",0.00885828505010302
"50","D11","Sal",0.00158392544444444,0.000385897169349916,"M3.20.C17","Com17","M3",20,"Non_evo","Eight",0.00350398461967813
"51","D11","Sal",0.00158392544444444,0.000385897169349916,"M3.20.C16","Com16","M3",20,"Non_evo","Eight",0.00536896736860944
"52","D11","Sal",0.00158392544444444,0.000385897169349916,"M3.20.C6","Com6","M3",20,NA,"Two",0.137680800884007
"53","D11","SalTemp",0,0,"M3.38.C16","Com16","M3",38,"Non_evo","Eight",0.000520131652995447
"54","D11","SalTemp",0,0,"M3.38.C11","Com11","M3",38,NA,"Four",0.0114243250747195
"55","D11","SalTemp",0,0,"M3.38.C6","Com6","M3",38,NA,"Two",0.294607972915513
"56","D11","SalTemp",0,0,"M3.38.C12","Com12","M3",38,NA,"Four",0.0333170932803658
"57","D11","SalTemp",0,0,"M3.38.C18","Com18","M3",38,"Non_evo","Eight",0.000292525961679099
"58","D11","SalTemp",0,0,"M3.38.C15","Com15","M3",38,"Non_evo","Eight",9.40431501320523e-05
"59","D11","SalTemp",0,0,"M3.38.C14","Com14","M3",38,"Non_evo","Eight",0.000155072925083454
"60","D11","SalTemp",0,0,"M3.38.C22","Com22","M3",38,"Non_evo","Eight",0.000619027025193552
"61","D11","SalTemp",0,0,"M3.38.C17","Com17","M3",38,"Non_evo","Eight",0.000305570467027295
"62","D11","Temp",0.00167324575,0.000799078892950904,"M1.38.C17","Com17","M1",38,"Non_evo","Eight",0.000260406070716524
"63","D11","Temp",0.00167324575,0.000799078892950904,"M1.38.C12","Com12","M1",38,NA,"Four",0.760674157303371
"64","D11","Temp",0.00167324575,0.000799078892950904,"M1.38.C16","Com16","M1",38,"Non_evo","Eight",9.08400224622601e-05
"65","D11","Temp",0.00167324575,0.000799078892950904,"M1.38.C18","Com18","M1",38,"Non_evo","Eight",0.000455591984835295
"66","D11","Temp",0.00167324575,0.000799078892950904,"M1.38.C14","Com14","M1",38,"Non_evo","Eight",0.000287887148237891
"67","D11","Temp",0.00167324575,0.000799078892950904,"M1.38.C22","Com22","M1",38,"Non_evo","Eight",0.00047202057358638
"68","D11","Temp",0.00167324575,0.000799078892950904,"M1.38.C6","Com6","M1",38,NA,"Two",0.763790434286646
"69","D11","Temp",0.00167324575,0.000799078892950904,"M1.38.C11","Com11","M1",38,NA,"Four",0.00795237580604489
"70","D11","Temp",0.00167324575,0.000799078892950904,"M1.38.C15","Com15","M1",38,"Non_evo","Eight",0.000780938964260558
"71","D14","Control",0.00151918022222222,0.000125003240060786,"M1.20.C9","Com9","M1",20,NA,"Four",0.00340680113837014
"72","D14","Control",0.00151918022222222,0.000125003240060786,"M1.20.C20","Com20","M1",20,"Non_evo","Eight",0.000201436916672262
"73","D14","Control",0.00151918022222222,0.000125003240060786,"M1.20.C16","Com16","M1",20,"Non_evo","Eight",0.000261042079983293
"74","D14","Control",0.00151918022222222,0.000125003240060786,"M1.20.C1","Com1","M1",20,NA,"Two",0.00241961014879472
"75","D14","Control",0.00151918022222222,0.000125003240060786,"M1.20.C15","Com15","M1",20,"Non_evo","Eight",0.000385370943030895
"76","D14","Control",0.00151918022222222,0.000125003240060786,"M1.20.C7","Com7","M1",20,NA,"Four",0.00338660972145135
"77","D14","Control",0.00151918022222222,0.000125003240060786,"M1.20.C13","Com13","M1",20,"Non_evo","Eight",0
"78","D14","Control",0.00151918022222222,0.000125003240060786,"M1.20.C19","Com19","M1",20,"Non_evo","Eight",0.00106571075641243
"79","D14","pH",0.000887649111111111,0.000270659835021492,"M2.20.C1","Com1","M2",20,NA,"Two",0.00151593453919035
"80","D14","pH",0.000887649111111111,0.000270659835021492,"M2.20.C13","Com13","M2",20,"Non_evo","Eight",0.0001664856465589
"81","D14","pH",0.000887649111111111,0.000270659835021492,"M2.20.C7","Com7","M2",20,NA,"Four",0.0050387713846061
"82","D14","pH",0.000887649111111111,0.000270659835021492,"M2.20.C9","Com9","M2",20,NA,"Four",0.00614965824193292
"83","D14","pH",0.000887649111111111,0.000270659835021492,"M2.20.C20","Com20","M2",20,"Non_evo","Eight",0.00126226404268748
"84","D14","pH",0.000887649111111111,0.000270659835021492,"M2.20.C19","Com19","M2",20,"Non_evo","Eight",0.000170392308004382
"85","D14","pH",0.000887649111111111,0.000270659835021492,"M2.20.C16","Com16","M2",20,"Non_evo","Eight",0.000372158617920417
"86","D14","pH",0.000887649111111111,0.000270659835021492,"M2.20.C15","Com15","M2",20,"Non_evo","Eight",0.000315530047841178
"87","D14","pHSal",0.000163482555555556,0.00013936706468003,"M4.20.C16","Com16","M4",20,"Non_evo","Eight",0.000111771230085376
"88","D14","pHSal",0.000163482555555556,0.00013936706468003,"M4.20.C7","Com7","M4",20,NA,"Four",0.00102598230873749
"89","D14","pHSal",0.000163482555555556,0.00013936706468003,"M4.20.C13","Com13","M4",20,"Non_evo","Eight",0.000251882119168229
"90","D14","pHSal",0.000163482555555556,0.00013936706468003,"M4.20.C19","Com19","M4",20,"Non_evo","Eight",0.000182186876207978
"91","D14","pHSal",0.000163482555555556,0.00013936706468003,"M4.20.C15","Com15","M4",20,"Non_evo","Eight",0.000387492920802408
"92","D14","pHSal",0.000163482555555556,0.00013936706468003,"M4.20.C20","Com20","M4",20,"Non_evo","Eight",0.00011660447761194
"93","D14","pHSal",0.000163482555555556,0.00013936706468003,"M4.20.C9","Com9","M4",20,NA,"Four",0.000936649888416492
"94","D14","pHSal",0.000163482555555556,0.00013936706468003,"M4.20.C1","Com1","M4",20,NA,"Two",0.00114597810450345
"95","D14","pHSalTemp",9.13958888888889e-05,0.000182252997212971,"M4.38.C9","Com9","M4",38,NA,"Four",0.41919050725313
"96","D14","pHSalTemp",9.13958888888889e-05,0.000182252997212971,"M4.38.C20","Com20","M4",38,"Non_evo","Eight",0.000932858923662421
"97","D14","pHSalTemp",9.13958888888889e-05,0.000182252997212971,"M4.38.C19","Com19","M4",38,"Non_evo","Eight",0.000185127053501718
"98","D14","pHSalTemp",9.13958888888889e-05,0.000182252997212971,"M4.38.C13","Com13","M4",38,"Non_evo","Eight",0.00043210119024237
"99","D14","pHSalTemp",9.13958888888889e-05,0.000182252997212971,"M4.38.C16","Com16","M4",38,"Non_evo","Eight",0.00249117365625103
"100","D14","pHSalTemp",9.13958888888889e-05,0.000182252997212971,"M4.38.C15","Com15","M4",38,"Non_evo","Eight",0.000315282052983979
"101","D14","pHSalTemp",9.13958888888889e-05,0.000182252997212971,"M4.38.C1","Com1","M4",38,NA,"Two",0.0288858894887689
"102","D14","pHSalTemp",9.13958888888889e-05,0.000182252997212971,"M4.38.C7","Com7","M4",38,NA,"Four",0.0100061003145227
"103","D14","pHTemp",0.000405932666666667,0.000833181644320583,"M2.38.C20","Com20","M2",38,"Non_evo","Eight",0.00130498196054349
"104","D14","pHTemp",0.000405932666666667,0.000833181644320583,"M2.38.C9","Com9","M2",38,NA,"Four",0.631413793434348
"105","D14","pHTemp",0.000405932666666667,0.000833181644320583,"M2.38.C19","Com19","M2",38,"Non_evo","Eight",5.72688486097987e-05
"106","D14","pHTemp",0.000405932666666667,0.000833181644320583,"M2.38.C7","Com7","M2",38,NA,"Four",0.0058189981134028
"107","D14","pHTemp",0.000405932666666667,0.000833181644320583,"M2.38.C13","Com13","M2",38,"Non_evo","Eight",0.000262634301631516
"108","D14","pHTemp",0.000405932666666667,0.000833181644320583,"M2.38.C1","Com1","M2",38,NA,"Two",0.0742587247441616
"109","D14","pHTemp",0.000405932666666667,0.000833181644320583,"M2.38.C16","Com16","M2",38,"Non_evo","Eight",0
"110","D14","pHTemp",0.000405932666666667,0.000833181644320583,"M2.38.C15","Com15","M2",38,"Non_evo","Eight",0.00051536965303985
"111","D14","Sal",0.000285330888888889,9.90653533108882e-05,"M3.20.C13","Com13","M3",20,"Non_evo","Eight",0.000510439707347901
"112","D14","Sal",0.000285330888888889,9.90653533108882e-05,"M3.20.C9","Com9","M3",20,NA,"Four",0.00569779956407311
"113","D14","Sal",0.000285330888888889,9.90653533108882e-05,"M3.20.C16","Com16","M3",20,"Non_evo","Eight",0.000357931157907296
"114","D14","Sal",0.000285330888888889,9.90653533108882e-05,"M3.20.C19","Com19","M3",20,"Non_evo","Eight",0.00027454336977762
"115","D14","Sal",0.000285330888888889,9.90653533108882e-05,"M3.20.C1","Com1","M3",20,NA,"Two",0.009329059898942
"116","D14","Sal",0.000285330888888889,9.90653533108882e-05,"M3.20.C20","Com20","M3",20,"Non_evo","Eight",0
"117","D14","Sal",0.000285330888888889,9.90653533108882e-05,"M3.20.C7","Com7","M3",20,NA,"Four",0.0045924422504687
"118","D14","Sal",0.000285330888888889,9.90653533108882e-05,"M3.20.C15","Com15","M3",20,"Non_evo","Eight",7.45948566846316e-05
"119","D14","SalTemp",0.000781620875,0.000203752653010905,"M3.38.C9","Com9","M3",38,NA,"Four",0.0693936603972116
"120","D14","SalTemp",0.000781620875,0.000203752653010905,"M3.38.C7","Com7","M3",38,NA,"Four",0.0278436162725795
"121","D14","SalTemp",0.000781620875,0.000203752653010905,"M3.38.C1","Com1","M3",38,NA,"Two",0.0458216674600805
"122","D14","SalTemp",0.000781620875,0.000203752653010905,"M3.38.C16","Com16","M3",38,"Non_evo","Eight",0.00486024659356401
"123","D14","SalTemp",0.000781620875,0.000203752653010905,"M3.38.C13","Com13","M3",38,"Non_evo","Eight",0.00072964887674609
"124","D14","SalTemp",0.000781620875,0.000203752653010905,"M3.38.C19","Com19","M3",38,"Non_evo","Eight",0.00140589210962799
"125","D14","SalTemp",0.000781620875,0.000203752653010905,"M3.38.C20","Com20","M3",38,"Non_evo","Eight",0.00145284193672725
"126","D14","SalTemp",0.000781620875,0.000203752653010905,"M3.38.C15","Com15","M3",38,"Non_evo","Eight",0.00184951528593036
"127","D14","Temp",0.00266077788888889,0.000242954536146912,"M1.38.C13","Com13","M1",38,"Non_evo","Eight",0.000516856572301186
"128","D14","Temp",0.00266077788888889,0.000242954536146912,"M1.38.C7","Com7","M1",38,NA,"Four",0.0382866980301311
"129","D14","Temp",0.00266077788888889,0.000242954536146912,"M1.38.C15","Com15","M1",38,"Non_evo","Eight",0.000237344195020366
"130","D14","Temp",0.00266077788888889,0.000242954536146912,"M1.38.C16","Com16","M1",38,"Non_evo","Eight",0.00158557130115945
"131","D14","Temp",0.00266077788888889,0.000242954536146912,"M1.38.C19","Com19","M1",38,"Non_evo","Eight",0.000414399619366276
"132","D14","Temp",0.00266077788888889,0.000242954536146912,"M1.38.C1","Com1","M1",38,NA,"Two",0.00716504047147434
"133","D14","Temp",0.00266077788888889,0.000242954536146912,"M1.38.C9","Com9","M1",38,NA,"Four",0.818179448185966
"134","D14","Temp",0.00266077788888889,0.000242954536146912,"M1.38.C20","Com20","M1",38,"Non_evo","Eight",0.00059922909986072
"135","D17","Control",0.00195937088888889,0.000226017299199887,"M1.20.C17","Com17","M1",20,"Non_evo","Eight",0
"136","D17","Control",0.00195937088888889,0.000226017299199887,"M1.20.C2","Com2","M1",20,NA,"Two",0.000759227057872695
"137","D17","Control",0.00195937088888889,0.000226017299199887,"M1.20.C14","Com14","M1",20,"Non_evo","Eight",0.0019311568673504
"138","D17","Control",0.00195937088888889,0.000226017299199887,"M1.20.C12","Com12","M1",20,NA,"Four",0.0029200048050712
"139","D17","Control",0.00195937088888889,0.000226017299199887,"M1.20.C8","Com8","M1",20,NA,"Four",0.000438788942518649
"140","D17","Control",0.00195937088888889,0.000226017299199887,"M1.20.C16","Com16","M1",20,"Non_evo","Eight",0.000991959903936515
"141","D17","Control",0.00195937088888889,0.000226017299199887,"M1.20.C22","Com22","M1",20,"Non_evo","Eight",0.000660337633503043
"142","D17","Control",0.00195937088888889,0.000226017299199887,"M1.20.C13","Com13","M1",20,"Non_evo","Eight",0.000893938520099198
"143","D17","Control",0.00195937088888889,0.000226017299199887,"M1.20.C18","Com18","M1",20,"Non_evo","Eight",0.00130157490563582
"144","D17","pH",0.00185638911111111,0.000310579583634149,"M2.20.C16","Com16","M2",20,"Non_evo","Eight",0.00113606314944127
"145","D17","pH",0.00185638911111111,0.000310579583634149,"M2.20.C13","Com13","M2",20,"Non_evo","Eight",0.000174413534490276
"146","D17","pH",0.00185638911111111,0.000310579583634149,"M2.20.C17","Com17","M2",20,"Non_evo","Eight",0.000132571894758311
"147","D17","pH",0.00185638911111111,0.000310579583634149,"M2.20.C2","Com2","M2",20,NA,"Two",0.000939989854077766
"148","D17","pH",0.00185638911111111,0.000310579583634149,"M2.20.C8","Com8","M2",20,NA,"Four",0.00182508529293078
"149","D17","pH",0.00185638911111111,0.000310579583634149,"M2.20.C14","Com14","M2",20,"Non_evo","Eight",0.000191828122002686
"150","D17","pH",0.00185638911111111,0.000310579583634149,"M2.20.C22","Com22","M2",20,"Non_evo","Eight",0.000321930225859469
"151","D17","pH",0.00185638911111111,0.000310579583634149,"M2.20.C12","Com12","M2",20,NA,"Four",0.00798170049155594
"152","D17","pH",0.00185638911111111,0.000310579583634149,"M2.20.C18","Com18","M2",20,"Non_evo","Eight",0.00015930729439988
"153","D17","pHSal",0.00183035175,7.94465239511998e-05,"M4.20.C14","Com14","M4",20,"Non_evo","Eight",0.00154356496395153
"154","D17","pHSal",0.00183035175,7.94465239511998e-05,"M4.20.C18","Com18","M4",20,"Non_evo","Eight",0.000892890360504483
"155","D17","pHSal",0.00183035175,7.94465239511998e-05,"M4.20.C16","Com16","M4",20,"Non_evo","Eight",0.00163357951663242
"156","D17","pHSal",0.00183035175,7.94465239511998e-05,"M4.20.C22","Com22","M4",20,"Non_evo","Eight",0.000665503534363365
"157","D17","pHSal",0.00183035175,7.94465239511998e-05,"M4.20.C8","Com8","M4",20,NA,"Four",0.00223053917227782
"158","D17","pHSal",0.00183035175,7.94465239511998e-05,"M4.20.C2","Com2","M4",20,NA,"Two",0.0806361494173759
"159","D17","pHSal",0.00183035175,7.94465239511998e-05,"M4.20.C17","Com17","M4",20,"Non_evo","Eight",0.000832426202215534
"160","D17","pHSal",0.00183035175,7.94465239511998e-05,"M4.20.C13","Com13","M4",20,"Non_evo","Eight",0.000848936031270699
"161","D17","pHSalTemp",0.001198199,0.000930136265390319,"M4.38.C18","Com18","M4",38,"Non_evo","Eight",0.000167113568862184
"162","D17","pHSalTemp",0.001198199,0.000930136265390319,"M4.38.C17","Com17","M4",38,"Non_evo","Eight",0.000181690547962175
"163","D17","pHSalTemp",0.001198199,0.000930136265390319,"M4.38.C8","Com8","M4",38,NA,"Four",0.00349804589250474
"164","D17","pHSalTemp",0.001198199,0.000930136265390319,"M4.38.C16","Com16","M4",38,"Non_evo","Eight",0.00207047876728149
"165","D17","pHSalTemp",0.001198199,0.000930136265390319,"M4.38.C13","Com13","M4",38,"Non_evo","Eight",0
"166","D17","pHSalTemp",0.001198199,0.000930136265390319,"M4.38.C2","Com2","M4",38,NA,"Two",0.0026249187058759
"167","D17","pHSalTemp",0.001198199,0.000930136265390319,"M4.38.C14","Com14","M4",38,"Non_evo","Eight",5.30886200750825e-05
"168","D17","pHSalTemp",0.001198199,0.000930136265390319,"M4.38.C22","Com22","M4",38,"Non_evo","Eight",0.00108643752292245
"169","D17","pHTemp",0.00225307088888889,0.00051308259794463,"M2.38.C14","Com14","M2",38,"Non_evo","Eight",0.00017572306045672
"170","D17","pHTemp",0.00225307088888889,0.00051308259794463,"M2.38.C16","Com16","M2",38,"Non_evo","Eight",7.93979868199342e-05
"171","D17","pHTemp",0.00225307088888889,0.00051308259794463,"M2.38.C22","Com22","M2",38,"Non_evo","Eight",0
"172","D17","pHTemp",0.00225307088888889,0.00051308259794463,"M2.38.C18","Com18","M2",38,"Non_evo","Eight",6.03125915458979e-05
"173","D17","pHTemp",0.00225307088888889,0.00051308259794463,"M2.38.C2","Com2","M2",38,NA,"Two",0.000208963771873476
"174","D17","pHTemp",0.00225307088888889,0.00051308259794463,"M2.38.C12","Com12","M2",38,NA,"Four",0.272071963708846
"175","D17","pHTemp",0.00225307088888889,0.00051308259794463,"M2.38.C13","Com13","M2",38,"Non_evo","Eight",0
"176","D17","pHTemp",0.00225307088888889,0.00051308259794463,"M2.38.C8","Com8","M2",38,NA,"Four",0.00020914668153932
"177","D17","pHTemp",0.00225307088888889,0.00051308259794463,"M2.38.C17","Com17","M2",38,"Non_evo","Eight",0.0116388327482892
"178","D17","Sal",0.00141960911111111,0.000144224426346098,"M3.20.C17","Com17","M3",20,"Non_evo","Eight",0
"179","D17","Sal",0.00141960911111111,0.000144224426346098,"M3.20.C22","Com22","M3",20,"Non_evo","Eight",0.000915767042952996
"180","D17","Sal",0.00141960911111111,0.000144224426346098,"M3.20.C8","Com8","M3",20,NA,"Four",0.00491117443764021
"181","D17","Sal",0.00141960911111111,0.000144224426346098,"M3.20.C14","Com14","M3",20,"Non_evo","Eight",0.00120077504571132
"182","D17","Sal",0.00141960911111111,0.000144224426346098,"M3.20.C2","Com2","M3",20,NA,"Two",0.114213734540714
"183","D17","Sal",0.00141960911111111,0.000144224426346098,"M3.20.C12","Com12","M3",20,NA,"Four",0.0107551307477917
"184","D17","Sal",0.00141960911111111,0.000144224426346098,"M3.20.C16","Com16","M3",20,"Non_evo","Eight",0.00204816162580286
"185","D17","Sal",0.00141960911111111,0.000144224426346098,"M3.20.C13","Com13","M3",20,"Non_evo","Eight",0.000729199581925573
"186","D17","Sal",0.00141960911111111,0.000144224426346098,"M3.20.C18","Com18","M3",20,"Non_evo","Eight",0.0004792077099196
"187","D17","SalTemp",0.000961953444444444,0.000781488051810473,"M3.38.C2","Com2","M3",38,NA,"Two",0.00289222891280641
"188","D17","SalTemp",0.000961953444444444,0.000781488051810473,"M3.38.C17","Com17","M3",38,"Non_evo","Eight",0.00012387991906512
"189","D17","SalTemp",0.000961953444444444,0.000781488051810473,"M3.38.C13","Com13","M3",38,"Non_evo","Eight",0
"190","D17","SalTemp",0.000961953444444444,0.000781488051810473,"M3.38.C14","Com14","M3",38,"Non_evo","Eight",0.000212205055377358
"191","D17","SalTemp",0.000961953444444444,0.000781488051810473,"M3.38.C16","Com16","M3",38,"Non_evo","Eight",0.000869728337795665
"192","D17","SalTemp",0.000961953444444444,0.000781488051810473,"M3.38.C22","Com22","M3",38,"Non_evo","Eight",0.000423991113146268
"193","D17","SalTemp",0.000961953444444444,0.000781488051810473,"M3.38.C12","Com12","M3",38,NA,"Four",0.0641981786155979
"194","D17","SalTemp",0.000961953444444444,0.000781488051810473,"M3.38.C18","Com18","M3",38,"Non_evo","Eight",0.000447392647273916
"195","D17","SalTemp",0.000961953444444444,0.000781488051810473,"M3.38.C8","Com8","M3",38,NA,"Four",0.000972786303168851
"196","D17","Temp",0.00196061044444444,0.000274334814664996,"M1.38.C12","Com12","M1",38,NA,"Four",0.0875991407799075
"197","D17","Temp",0.00196061044444444,0.000274334814664996,"M1.38.C22","Com22","M1",38,"Non_evo","Eight",0.000146489143526808
"198","D17","Temp",0.00196061044444444,0.000274334814664996,"M1.38.C8","Com8","M1",38,NA,"Four",0.000167163090389642
"199","D17","Temp",0.00196061044444444,0.000274334814664996,"M1.38.C16","Com16","M1",38,"Non_evo","Eight",0.000214712780365342
"200","D17","Temp",0.00196061044444444,0.000274334814664996,"M1.38.C18","Com18","M1",38,"Non_evo","Eight",0.00013016913852437
"201","D17","Temp",0.00196061044444444,0.000274334814664996,"M1.38.C17","Com17","M1",38,"Non_evo","Eight",0.00012206534564837
"202","D17","Temp",0.00196061044444444,0.000274334814664996,"M1.38.C2","Com2","M1",38,NA,"Two",9.76856026450256e-05
"203","D17","Temp",0.00196061044444444,0.000274334814664996,"M1.38.C14","Com14","M1",38,"Non_evo","Eight",0
"204","D17","Temp",0.00196061044444444,0.000274334814664996,"M1.38.C13","Com13","M1",38,"Non_evo","Eight",0
"205","I11","Control",0.00182592266666667,0.00012033844089172,"M1.20.C20","Com20","M1",20,"Non_evo","Eight",0.00257839253340496
"206","I11","Control",0.00182592266666667,0.00012033844089172,"M1.20.C11","Com11","M1",20,NA,"Four",0.00192077612377612
"207","I11","Control",0.00182592266666667,0.00012033844089172,"M1.20.C13","Com13","M1",20,"Non_evo","Eight",0.0058250187438722
"208","I11","Control",0.00182592266666667,0.00012033844089172,"M1.20.C22","Com22","M1",20,"Non_evo","Eight",0.0053018412892853
"209","I11","Control",0.00182592266666667,0.00012033844089172,"M1.20.C3","Com3","M1",20,NA,"Two",0.00308120844422822
"210","I11","Control",0.00182592266666667,0.00012033844089172,"M1.20.C16","Com16","M1",20,"Non_evo","Eight",0.0050328913020779
"211","I11","Control",0.00182592266666667,0.00012033844089172,"M1.20.C15","Com15","M1",20,"Non_evo","Eight",0.00212423983231664
"212","I11","pH",0.00072997,6.79722702081518e-05,"M2.20.C16","Com16","M2",20,"Non_evo","Eight",0.00389787184032437
"213","I11","pH",0.00072997,6.79722702081518e-05,"M2.20.C20","Com20","M2",20,"Non_evo","Eight",0.0031638566264764
"214","I11","pH",0.00072997,6.79722702081518e-05,"M2.20.C11","Com11","M2",20,NA,"Four",0.0013982597562311
"215","I11","pH",0.00072997,6.79722702081518e-05,"M2.20.C13","Com13","M2",20,"Non_evo","Eight",0.00109404853452992
"216","I11","pH",0.00072997,6.79722702081518e-05,"M2.20.C3","Com3","M2",20,NA,"Two",0.00410806026437821
"217","I11","pH",0.00072997,6.79722702081518e-05,"M2.20.C15","Com15","M2",20,"Non_evo","Eight",0.000443447634803817
"218","I11","pH",0.00072997,6.79722702081518e-05,"M2.20.C22","Com22","M2",20,"Non_evo","Eight",0.00102509361392094
"219","I11","pHSal",0.001138493875,0.000145621743850721,"M4.20.C13","Com13","M4",20,"Non_evo","Eight",0.00450589124289832
"220","I11","pHSal",0.001138493875,0.000145621743850721,"M4.20.C3","Com3","M4",20,NA,"Two",0.123743102229444
"221","I11","pHSal",0.001138493875,0.000145621743850721,"M4.20.C15","Com15","M4",20,"Non_evo","Eight",0.0079734120242034
"222","I11","pHSal",0.001138493875,0.000145621743850721,"M4.20.C11","Com11","M4",20,NA,"Four",0.0321708309631121
"223","I11","pHSal",0.001138493875,0.000145621743850721,"M4.20.C22","Com22","M4",20,"Non_evo","Eight",0.00233825566127669
"224","I11","pHSal",0.001138493875,0.000145621743850721,"M4.20.C16","Com16","M4",20,"Non_evo","Eight",0.00502970535384192
"225","I11","pHSal",0.001138493875,0.000145621743850721,"M4.20.C20","Com20","M4",20,"Non_evo","Eight",0.00845382462686567
"226","I11","pHSalTemp",0.000958666,0.00081357306245633,"M4.38.C11","Com11","M4",38,NA,"Four",0.000704598893225559
"227","I11","pHSalTemp",0.000958666,0.00081357306245633,"M4.38.C20","Com20","M4",38,"Non_evo","Eight",0.00163456696358548
"228","I11","pHSalTemp",0.000958666,0.00081357306245633,"M4.38.C15","Com15","M4",38,"Non_evo","Eight",0.00135239406937865
"229","I11","pHSalTemp",0.000958666,0.00081357306245633,"M4.38.C13","Com13","M4",38,"Non_evo","Eight",0.00043210119024237
"230","I11","pHSalTemp",0.000958666,0.00081357306245633,"M4.38.C22","Com22","M4",38,"Non_evo","Eight",0.00780574220290778
"231","I11","pHSalTemp",0.000958666,0.00081357306245633,"M4.38.C16","Com16","M4",38,"Non_evo","Eight",0.00250767149503415
"232","I11","pHTemp",0.001705823375,0.00178475995453106,"M2.38.C15","Com15","M2",38,"Non_evo","Eight",0.000191185516450267
"233","I11","pHTemp",0.001705823375,0.00178475995453106,"M2.38.C20","Com20","M2",38,"Non_evo","Eight",0.0722345896983189
"234","I11","pHTemp",0.001705823375,0.00178475995453106,"M2.38.C16","Com16","M2",38,"Non_evo","Eight",0.000141151976568772
"235","I11","pHTemp",0.001705823375,0.00178475995453106,"M2.38.C13","Com13","M2",38,"Non_evo","Eight",0.000119379228014326
"236","I11","pHTemp",0.001705823375,0.00178475995453106,"M2.38.C22","Com22","M2",38,"Non_evo","Eight",0.00308191940615058
"237","I11","pHTemp",0.001705823375,0.00178475995453106,"M2.38.C3","Com3","M2",38,NA,"Two",0.519473180408031
"238","I11","pHTemp",0.001705823375,0.00178475995453106,"M2.38.C11","Com11","M2",38,NA,"Four",0.000175491775817233
"239","I11","Sal",0.00180229366666667,7.26509314634025e-05,"M3.20.C3","Com3","M3",20,NA,"Two",0.0917844885991315
"240","I11","Sal",0.00180229366666667,7.26509314634025e-05,"M3.20.C20","Com20","M3",20,"Non_evo","Eight",0.00798204677020376
"241","I11","Sal",0.00180229366666667,7.26509314634025e-05,"M3.20.C22","Com22","M3",20,"Non_evo","Eight",0.0110508426817886
"242","I11","Sal",0.00180229366666667,7.26509314634025e-05,"M3.20.C13","Com13","M3",20,"Non_evo","Eight",0.0128096059891592
"243","I11","Sal",0.00180229366666667,7.26509314634025e-05,"M3.20.C11","Com11","M3",20,NA,"Four",0.0815433262200346
"244","I11","Sal",0.00180229366666667,7.26509314634025e-05,"M3.20.C16","Com16","M3",20,"Non_evo","Eight",0.00849092246813418
"245","I11","Sal",0.00180229366666667,7.26509314634025e-05,"M3.20.C15","Com15","M3",20,"Non_evo","Eight",0.00300244298155642
"246","I11","SalTemp",0.00186364422222222,0.000390293670145884,"M3.38.C22","Com22","M3",38,"Non_evo","Eight",0.0264231261712755
"247","I11","SalTemp",0.00186364422222222,0.000390293670145884,"M3.38.C15","Com15","M3",38,"Non_evo","Eight",0.00238242647001199
"248","I11","SalTemp",0.00186364422222222,0.000390293670145884,"M3.38.C13","Com13","M3",38,"Non_evo","Eight",0.00372931648114668
"249","I11","SalTemp",0.00186364422222222,0.000390293670145884,"M3.38.C11","Com11","M3",38,NA,"Four",0.00695748746509007
"250","I11","SalTemp",0.00186364422222222,0.000390293670145884,"M3.38.C16","Com16","M3",38,"Non_evo","Eight",0.0326233394157472
"251","I11","SalTemp",0.00186364422222222,0.000390293670145884,"M3.38.C20","Com20","M3",38,"Non_evo","Eight",0.0042399264684081
"252","I11","SalTemp",0.00186364422222222,0.000390293670145884,"M3.38.C3","Com3","M3",38,NA,"Two",0.91921471013329
"253","I11","Temp",0.00168222633333333,0.000234535249085825,"M1.38.C15","Com15","M1",38,"Non_evo","Eight",0.000765626435549567
"254","I11","Temp",0.00168222633333333,0.000234535249085825,"M1.38.C20","Com20","M1",38,"Non_evo","Eight",0.00117416512810546
"255","I11","Temp",0.00168222633333333,0.000234535249085825,"M1.38.C11","Com11","M1",38,NA,"Four",0.000252170467235851
"256","I11","Temp",0.00168222633333333,0.000234535249085825,"M1.38.C3","Com3","M1",38,NA,"Two",0.564368907773057
"257","I11","Temp",0.00168222633333333,0.000234535249085825,"M1.38.C16","Com16","M1",38,"Non_evo","Eight",0.00131305123377267
"258","I11","Temp",0.00168222633333333,0.000234535249085825,"M1.38.C13","Com13","M1",38,"Non_evo","Eight",0.00158972551783547
"259","I11","Temp",0.00168222633333333,0.000234535249085825,"M1.38.C22","Com22","M1",38,"Non_evo","Eight",0.0016764868648068
"260","I15","Control",0.00249019444444444,0.000199246400507707,"M1.20.C19","Com19","M1",20,"Non_evo","Eight",0.237944147068084
"261","I15","Control",0.00249019444444444,0.000199246400507707,"M1.20.C21","Com21","M1",20,"Non_evo","Eight",0.260526778717756
"262","I15","Control",0.00249019444444444,0.000199246400507707,"M1.20.C17","Com17","M1",20,"Non_evo","Eight",0.322900260063734
"263","I15","Control",0.00249019444444444,0.000199246400507707,"M1.20.C8","Com8","M1",20,NA,"Four",0.307859694996911
"264","I15","Control",0.00249019444444444,0.000199246400507707,"M1.20.C15","Com15","M1",20,"Non_evo","Eight",0.172289009408691
"265","I15","Control",0.00249019444444444,0.000199246400507707,"M1.20.C10","Com10","M1",20,NA,"Four",0.687821469282596
"266","I15","Control",0.00249019444444444,0.000199246400507707,"M1.20.C22","Com22","M1",20,"Non_evo","Eight",0.268891398384565
"267","I15","Control",0.00249019444444444,0.000199246400507707,"M1.20.C1","Com1","M1",20,NA,"Two",0.966396816064402
"268","I15","pH",0.00225634877777778,0.000149662817781988,"M2.20.C21","Com21","M2",20,"Non_evo","Eight",0.224392395925243
"269","I15","pH",0.00225634877777778,0.000149662817781988,"M2.20.C22","Com22","M2",20,"Non_evo","Eight",0.288356292041546
"270","I15","pH",0.00225634877777778,0.000149662817781988,"M2.20.C1","Com1","M2",20,NA,"Two",0.813186907838071
"271","I15","pH",0.00225634877777778,0.000149662817781988,"M2.20.C19","Com19","M2",20,"Non_evo","Eight",0.143178222240253
"272","I15","pH",0.00225634877777778,0.000149662817781988,"M2.20.C8","Com8","M2",20,NA,"Four",0.209829780989765
"273","I15","pH",0.00225634877777778,0.000149662817781988,"M2.20.C15","Com15","M2",20,"Non_evo","Eight",0.17315777355176
"274","I15","pH",0.00225634877777778,0.000149662817781988,"M2.20.C17","Com17","M2",20,"Non_evo","Eight",0.157933918009382
"275","I15","pH",0.00225634877777778,0.000149662817781988,"M2.20.C10","Com10","M2",20,NA,"Four",0.394353092902215
"276","I15","pHSal",0.00260725811111111,0.000360943650881424,"M4.20.C21","Com21","M4",20,"Non_evo","Eight",0.681650256740497
"277","I15","pHSal",0.00260725811111111,0.000360943650881424,"M4.20.C17","Com17","M4",20,"Non_evo","Eight",0.492668246142025
"278","I15","pHSal",0.00260725811111111,0.000360943650881424,"M4.20.C10","Com10","M4",20,NA,"Four",0.813308889692464
"279","I15","pHSal",0.00260725811111111,0.000360943650881424,"M4.20.C15","Com15","M4",20,"Non_evo","Eight",0.323392649557364
"280","I15","pHSal",0.00260725811111111,0.000360943650881424,"M4.20.C1","Com1","M4",20,NA,"Two",0.93042043579678
"281","I15","pHSal",0.00260725811111111,0.000360943650881424,"M4.20.C8","Com8","M4",20,NA,"Four",0.795843010141852
"282","I15","pHSal",0.00260725811111111,0.000360943650881424,"M4.20.C19","Com19","M4",20,"Non_evo","Eight",0.769493995754254
"283","I15","pHSal",0.00260725811111111,0.000360943650881424,"M4.20.C22","Com22","M4",20,"Non_evo","Eight",0.682869579293847
"284","I15","pHSalTemp",0.003226830375,0.000280294068539218,"M4.38.C8","Com8","M4",38,NA,"Four",0.048833339782533
"285","I15","pHSalTemp",0.003226830375,0.000280294068539218,"M4.38.C1","Com1","M4",38,NA,"Two",0.885597880423915
"286","I15","pHSalTemp",0.003226830375,0.000280294068539218,"M4.38.C22","Com22","M4",38,"Non_evo","Eight",0.21209059643344
"287","I15","pHSalTemp",0.003226830375,0.000280294068539218,"M4.38.C15","Com15","M4",38,"Non_evo","Eight",0.0258614252408174
"288","I15","pHSalTemp",0.003226830375,0.000280294068539218,"M4.38.C19","Com19","M4",38,"Non_evo","Eight",0.0284612722253077
"289","I15","pHSalTemp",0.003226830375,0.000280294068539218,"M4.38.C21","Com21","M4",38,"Non_evo","Eight",0.227632394687898
"290","I15","pHSalTemp",0.003226830375,0.000280294068539218,"M4.38.C17","Com17","M4",38,"Non_evo","Eight",0.0240987735888013
"291","I15","pHTemp",0.00121114766666667,0.00079872083399286,"M2.38.C8","Com8","M2",38,NA,"Four",0.0128354093078019
"292","I15","pHTemp",0.00121114766666667,0.00079872083399286,"M2.38.C19","Com19","M2",38,"Non_evo","Eight",0
"293","I15","pHTemp",0.00121114766666667,0.00079872083399286,"M2.38.C22","Com22","M2",38,"Non_evo","Eight",0.00634610286320255
"294","I15","pHTemp",0.00121114766666667,0.00079872083399286,"M2.38.C21","Com21","M2",38,"Non_evo","Eight",0.00741034604070451
"295","I15","pHTemp",0.00121114766666667,0.00079872083399286,"M2.38.C10","Com10","M2",38,NA,"Four",0.741754223229098
"296","I15","pHTemp",0.00121114766666667,0.00079872083399286,"M2.38.C15","Com15","M2",38,"Non_evo","Eight",0.0038985220528337
"297","I15","pHTemp",0.00121114766666667,0.00079872083399286,"M2.38.C1","Com1","M2",38,NA,"Two",0.768783346453249
"298","I15","pHTemp",0.00121114766666667,0.00079872083399286,"M2.38.C17","Com17","M2",38,"Non_evo","Eight",0
"299","I15","Sal",0.00328722722222222,0.000121242974460149,"M3.20.C1","Com1","M3",20,NA,"Two",0.921810867823328
"300","I15","Sal",0.00328722722222222,0.000121242974460149,"M3.20.C10","Com10","M3",20,NA,"Four",0.784889587296336
"301","I15","Sal",0.00328722722222222,0.000121242974460149,"M3.20.C17","Com17","M3",20,"Non_evo","Eight",0.437160842196657
"302","I15","Sal",0.00328722722222222,0.000121242974460149,"M3.20.C21","Com21","M3",20,"Non_evo","Eight",0.481891555276604
"303","I15","Sal",0.00328722722222222,0.000121242974460149,"M3.20.C22","Com22","M3",20,"Non_evo","Eight",0.630056531003998
"304","I15","Sal",0.00328722722222222,0.000121242974460149,"M3.20.C19","Com19","M3",20,"Non_evo","Eight",0.51239482566496
"305","I15","Sal",0.00328722722222222,0.000121242974460149,"M3.20.C15","Com15","M3",20,"Non_evo","Eight",0.700753408052515
"306","I15","Sal",0.00328722722222222,0.000121242974460149,"M3.20.C8","Com8","M3",20,NA,"Four",0.705650016024114
"307","I15","SalTemp",0.00332342733333333,0.000388179503386964,"M3.38.C15","Com15","M3",38,"Non_evo","Eight",0.0332834382175688
"308","I15","SalTemp",0.00332342733333333,0.000388179503386964,"M3.38.C21","Com21","M3",38,"Non_evo","Eight",0.149997752101785
"309","I15","SalTemp",0.00332342733333333,0.000388179503386964,"M3.38.C1","Com1","M3",38,NA,"Two",0.886506854288873
"310","I15","SalTemp",0.00332342733333333,0.000388179503386964,"M3.38.C8","Com8","M3",38,NA,"Four",0.0565269907666367
"311","I15","SalTemp",0.00332342733333333,0.000388179503386964,"M3.38.C19","Com19","M3",38,"Non_evo","Eight",0.022075665429271
"312","I15","SalTemp",0.00332342733333333,0.000388179503386964,"M3.38.C22","Com22","M3",38,"Non_evo","Eight",0.264672212470427
"313","I15","SalTemp",0.00332342733333333,0.000388179503386964,"M3.38.C17","Com17","M3",38,"Non_evo","Eight",0.0177478630713961
"314","I15","SalTemp",0.00332342733333333,0.000388179503386964,"M3.38.C10","Com10","M3",38,NA,"Four",0.812117661826855
"315","I15","Temp",0.001472201,0.00113077430560512,"M1.38.C1","Com1","M1",38,NA,"Two",0.383977697894505
"316","I15","Temp",0.001472201,0.00113077430560512,"M1.38.C15","Com15","M1",38,"Non_evo","Eight",0.0137506507824702
"317","I15","Temp",0.001472201,0.00113077430560512,"M1.38.C21","Com21","M1",38,"Non_evo","Eight",0.156398297816729
"318","I15","Temp",0.001472201,0.00113077430560512,"M1.38.C10","Com10","M1",38,NA,"Four",0.812838734999624
"319","I15","Temp",0.001472201,0.00113077430560512,"M1.38.C17","Com17","M1",38,"Non_evo","Eight",0.0107254750376368
"320","I15","Temp",0.001472201,0.00113077430560512,"M1.38.C22","Com22","M1",38,"Non_evo","Eight",0.185618021419968
"321","I15","Temp",0.001472201,0.00113077430560512,"M1.38.C19","Com19","M1",38,"Non_evo","Eight",0.0192388860324306
"322","I15","Temp",0.001472201,0.00113077430560512,"M1.38.C8","Com8","M1",38,NA,"Four",0.0597456081697161
"323","I18","Control",0.00266386125,0.000705595698915614,"M1.20.C21","Com21","M1",20,"Non_evo","Eight",0.0355183828820905
"324","I18","Control",0.00266386125,0.000705595698915614,"M1.20.C18","Com18","M1",20,"Non_evo","Eight",0.137120916308734
"325","I18","Control",0.00266386125,0.000705595698915614,"M1.20.C4","Com4","M1",20,NA,"Two",0.590534289736542
"326","I18","Control",0.00266386125,0.000705595698915614,"M1.20.C9","Com9","M1",20,NA,"Four",0.53054695776813
"327","I18","Control",0.00266386125,0.000705595698915614,"M1.20.C14","Com14","M1",20,"Non_evo","Eight",0.183198935254052
"328","I18","Control",0.00266386125,0.000705595698915614,"M1.20.C16","Com16","M1",20,"Non_evo","Eight",0.404072256447739
"329","I18","Control",0.00266386125,0.000705595698915614,"M1.20.C12","Com12","M1",20,NA,"Four",0.580933107864608
"330","I18","pH",0.000704469222222222,0.000321306750404025,"M2.20.C9","Com9","M2",20,NA,"Four",0.0451736607852488
"331","I18","pH",0.000704469222222222,0.000321306750404025,"M2.20.C18","Com18","M2",20,"Non_evo","Eight",0.00474173476272584
"332","I18","pH",0.000704469222222222,0.000321306750404025,"M2.20.C14","Com14","M2",20,"Non_evo","Eight",0.0241127949357376
"333","I18","pH",0.000704469222222222,0.000321306750404025,"M2.20.C4","Com4","M2",20,NA,"Two",0.0841455978649888
"334","I18","pH",0.000704469222222222,0.000321306750404025,"M2.20.C16","Com16","M2",20,"Non_evo","Eight",0.141890369906079
"335","I18","pH",0.000704469222222222,0.000321306750404025,"M2.20.C12","Com12","M2",20,NA,"Four",0.159030515403709
"336","I18","pH",0.000704469222222222,0.000321306750404025,"M2.20.C21","Com21","M2",20,"Non_evo","Eight",0.00275126333520494
"337","I18","pHSal",0.00134265577777778,0.000484627540415776,"M4.20.C14","Com14","M4",20,"Non_evo","Eight",0.519241831569259
"338","I18","pHSal",0.00134265577777778,0.000484627540415776,"M4.20.C18","Com18","M4",20,"Non_evo","Eight",0.0954648610439376
"339","I18","pHSal",0.00134265577777778,0.000484627540415776,"M4.20.C16","Com16","M4",20,"Non_evo","Eight",0.477185772382189
"340","I18","pHSal",0.00134265577777778,0.000484627540415776,"M4.20.C4","Com4","M4",20,NA,"Two",0.1393279194941
"341","I18","pHSal",0.00134265577777778,0.000484627540415776,"M4.20.C21","Com21","M4",20,"Non_evo","Eight",0.0285888593265434
"342","I18","pHSal",0.00134265577777778,0.000484627540415776,"M4.20.C9","Com9","M4",20,NA,"Four",0.673549007151118
"343","I18","pHSalTemp",0.000148772333333333,0.00036441630450992,"M4.38.C14","Com14","M4",38,"Non_evo","Eight",0.000705320238140381
"344","I18","pHSalTemp",0.000148772333333333,0.00036441630450992,"M4.38.C4","Com4","M4",38,NA,"Two",0.0862362811530007
"345","I18","pHSalTemp",0.000148772333333333,0.00036441630450992,"M4.38.C18","Com18","M4",38,"Non_evo","Eight",0.00461081528633391
"346","I18","pHSalTemp",0.000148772333333333,0.00036441630450992,"M4.38.C9","Com9","M4",38,NA,"Four",0.392114227730666
"347","I18","pHSalTemp",0.000148772333333333,0.00036441630450992,"M4.38.C16","Com16","M4",38,"Non_evo","Eight",0.009948196786221
"348","I18","pHSalTemp",0.000148772333333333,0.00036441630450992,"M4.38.C21","Com21","M4",38,"Non_evo","Eight",0.00393186935099684
"349","I18","pHTemp",0,0,"M2.38.C21","Com21","M2",38,"Non_evo","Eight",8.98223762509637e-05
"350","I18","pHTemp",0,0,"M2.38.C18","Com18","M2",38,"Non_evo","Eight",0.000792679774603229
"351","I18","pHTemp",0,0,"M2.38.C12","Com12","M2",38,NA,"Four",0.0134717162691594
"352","I18","pHTemp",0,0,"M2.38.C4","Com4","M2",38,NA,"Two",0.0729475363923535
"353","I18","pHTemp",0,0,"M2.38.C9","Com9","M2",38,NA,"Four",0.0127052365918491
"354","I18","pHTemp",0,0,"M2.38.C14","Com14","M2",38,"Non_evo","Eight",0.00100641389170667
"355","I18","pHTemp",0,0,"M2.38.C16","Com16","M2",38,"Non_evo","Eight",0.000644005893095022
"356","I18","Sal",0.00330414688888889,0.000562789247745425,"M3.20.C16","Com16","M3",20,"Non_evo","Eight",0.357573226749389
"357","I18","Sal",0.00330414688888889,0.000562789247745425,"M3.20.C9","Com9","M3",20,NA,"Four",0.757536018232959
"358","I18","Sal",0.00330414688888889,0.000562789247745425,"M3.20.C12","Com12","M3",20,NA,"Four",0.645683531806705
"359","I18","Sal",0.00330414688888889,0.000562789247745425,"M3.20.C21","Com21","M3",20,"Non_evo","Eight",0.19305867469525
"360","I18","Sal",0.00330414688888889,0.000562789247745425,"M3.20.C14","Com14","M3",20,"Non_evo","Eight",0.339764757252408
"361","I18","Sal",0.00330414688888889,0.000562789247745425,"M3.20.C18","Com18","M3",20,"Non_evo","Eight",0.173260209786486
"362","I18","Sal",0.00330414688888889,0.000562789247745425,"M3.20.C4","Com4","M3",20,NA,"Two",0.504057353724137
"363","I18","SalTemp",0.005380663125,0.00245757661004945,"M3.38.C16","Com16","M3",38,"Non_evo","Eight",0.253414962738109
"364","I18","SalTemp",0.005380663125,0.00245757661004945,"M3.38.C18","Com18","M3",38,"Non_evo","Eight",0.0168890724345903
"365","I18","SalTemp",0.005380663125,0.00245757661004945,"M3.38.C12","Com12","M3",38,NA,"Four",0.403028145261028
"366","I18","SalTemp",0.005380663125,0.00245757661004945,"M3.38.C14","Com14","M3",38,"Non_evo","Eight",0.00220366788276487
"367","I18","SalTemp",0.005380663125,0.00245757661004945,"M3.38.C9","Com9","M3",38,NA,"Four",0.762014994081284
"368","I18","SalTemp",0.005380663125,0.00245757661004945,"M3.38.C4","Com4","M3",38,NA,"Two",0.671969970900701
"369","I18","SalTemp",0.005380663125,0.00245757661004945,"M3.38.C21","Com21","M3",38,"Non_evo","Eight",0.110659533336331
"370","I18","Temp",0.000611423375,0.0011365342021699,"M1.38.C12","Com12","M1",38,NA,"Four",0.0518010575016523
"371","I18","Temp",0.000611423375,0.0011365342021699,"M1.38.C9","Com9","M1",38,NA,"Four",0.0480382359330871
"372","I18","Temp",0.000611423375,0.0011365342021699,"M1.38.C4","Com4","M1",38,NA,"Two",0.076855018221907
"373","I18","Temp",0.000611423375,0.0011365342021699,"M1.38.C18","Com18","M1",38,"Non_evo","Eight",0.0141477582433675
"374","I18","Temp",0.000611423375,0.0011365342021699,"M1.38.C21","Com21","M1",38,"Non_evo","Eight",0.0183858663247053
"375","I18","Temp",0.000611423375,0.0011365342021699,"M1.38.C16","Com16","M1",38,"Non_evo","Eight",0.0115119083011264
"376","I18","Temp",0.000611423375,0.0011365342021699,"M1.38.C14","Com14","M1",38,"Non_evo","Eight",0.00371054546617726
"377","I2","Control",0.00221047455555556,0.000309443595546551,"M1.20.C17","Com17","M1",20,"Non_evo","Eight",0.0163547122816014
"378","I2","Control",0.00221047455555556,0.000309443595546551,"M1.20.C20","Com20","M1",20,"Non_evo","Eight",0.0564291949237897
"379","I2","Control",0.00221047455555556,0.000309443595546551,"M1.20.C18","Com18","M1",20,"Non_evo","Eight",0.0171807887543928
"380","I2","Control",0.00221047455555556,0.000309443595546551,"M1.20.C13","Com13","M1",20,"Non_evo","Eight",0.017878770401984
"381","I2","Control",0.00221047455555556,0.000309443595546551,"M1.20.C14","Com14","M1",20,"Non_evo","Eight",0.0157885122263107
"382","I2","Control",0.00221047455555556,0.000309443595546551,"M1.20.C4","Com4","M1",20,NA,"Two",0.251352723163409
"383","I2","Control",0.00221047455555556,0.000309443595546551,"M1.20.C19","Com19","M1",20,"Non_evo","Eight",0.045147382953472
"384","I2","Control",0.00221047455555556,0.000309443595546551,"M1.20.C21","Com21","M1",20,"Non_evo","Eight",0.0311525483360253
"385","I2","Control",0.00221047455555556,0.000309443595546551,"M1.20.C10","Com10","M1",20,NA,"Four",0.0184146872654143
"386","I2","pH",0.00194196055555556,0.000223339684489855,"M2.20.C18","Com18","M2",20,"Non_evo","Eight",0.027175950221156
"387","I2","pH",0.00194196055555556,0.000223339684489855,"M2.20.C14","Com14","M2",20,"Non_evo","Eight",0.0592940725110301
"388","I2","pH",0.00194196055555556,0.000223339684489855,"M2.20.C13","Com13","M2",20,"Non_evo","Eight",0.0520148727177593
"389","I2","pH",0.00194196055555556,0.000223339684489855,"M2.20.C10","Com10","M2",20,NA,"Four",0.0847312422274423
"390","I2","pH",0.00194196055555556,0.000223339684489855,"M2.20.C4","Com4","M2",20,NA,"Two",0.82043283463384
"391","I2","pH",0.00194196055555556,0.000223339684489855,"M2.20.C17","Com17","M2",20,"Non_evo","Eight",0.0250662859473792
"392","I2","pH",0.00194196055555556,0.000223339684489855,"M2.20.C20","Com20","M2",20,"Non_evo","Eight",0.0680720965877888
"393","I2","pH",0.00194196055555556,0.000223339684489855,"M2.20.C19","Com19","M2",20,"Non_evo","Eight",0.0316442857722423
"394","I2","pH",0.00194196055555556,0.000223339684489855,"M2.20.C21","Com21","M2",20,"Non_evo","Eight",0.0698724633031202
"395","I2","pHSal",0.00216075566666667,0.000195724276549308,"M4.20.C17","Com17","M4",20,"Non_evo","Eight",0.051322277005827
"396","I2","pHSal",0.00216075566666667,0.000195724276549308,"M4.20.C14","Com14","M4",20,"Non_evo","Eight",0.036786700414174
"397","I2","pHSal",0.00216075566666667,0.000195724276549308,"M4.20.C10","Com10","M4",20,NA,"Four",0.107919235071018
"398","I2","pHSal",0.00216075566666667,0.000195724276549308,"M4.20.C19","Com19","M4",20,"Non_evo","Eight",0.0273597161053199
"399","I2","pHSal",0.00216075566666667,0.000195724276549308,"M4.20.C13","Com13","M4",20,"Non_evo","Eight",0.0756485964568582
"400","I2","pHSal",0.00216075566666667,0.000195724276549308,"M4.20.C18","Com18","M4",20,"Non_evo","Eight",0.0236243907883478
"401","I2","pHSal",0.00216075566666667,0.000195724276549308,"M4.20.C20","Com20","M4",20,"Non_evo","Eight",0.0490904850746269
"402","I2","pHSal",0.00216075566666667,0.000195724276549308,"M4.20.C4","Com4","M4",20,NA,"Two",0.689203412601296
"403","I2","pHSal",0.00216075566666667,0.000195724276549308,"M4.20.C21","Com21","M4",20,"Non_evo","Eight",0.0914013116643224
"404","I2","pHSalTemp",0.000178786888888889,0.000506052099439486,"M4.38.C18","Com18","M4",38,"Non_evo","Eight",0.000539321063146141
"405","I2","pHSalTemp",0.000178786888888889,0.000506052099439486,"M4.38.C17","Com17","M4",38,"Non_evo","Eight",0.00551678572903332
"406","I2","pHSalTemp",0.000178786888888889,0.000506052099439486,"M4.38.C14","Com14","M4",38,"Non_evo","Eight",0.000492965757840052
"407","I2","pHSalTemp",0.000178786888888889,0.000506052099439486,"M4.38.C19","Com19","M4",38,"Non_evo","Eight",0.00230201466528224
"408","I2","pHSalTemp",0.000178786888888889,0.000506052099439486,"M4.38.C4","Com4","M4",38,NA,"Two",0.846727648468182
"409","I2","pHSalTemp",0.000178786888888889,0.000506052099439486,"M4.38.C13","Com13","M4",38,"Non_evo","Eight",0.0035825116863731
"410","I2","pHSalTemp",0.000178786888888889,0.000506052099439486,"M4.38.C20","Com20","M4",38,"Non_evo","Eight",0.00429280212658813
"411","I2","pHSalTemp",0.000178786888888889,0.000506052099439486,"M4.38.C21","Com21","M4",38,"Non_evo","Eight",0.0317323065879205
"412","I2","pHTemp",0,0,"M2.38.C14","Com14","M2",38,"Non_evo","Eight",0.0156074027332923
"413","I2","pHTemp",0,0,"M2.38.C17","Com17","M2",38,"Non_evo","Eight",0.000460943871219374
"414","I2","pHTemp",0,0,"M2.38.C18","Com18","M2",38,"Non_evo","Eight",0
"415","I2","pHTemp",0,0,"M2.38.C4","Com4","M2",38,NA,"Two",0.828426743087895
"416","I2","pHTemp",0,0,"M2.38.C19","Com19","M2",38,"Non_evo","Eight",0
"417","I2","pHTemp",0,0,"M2.38.C21","Com21","M2",38,"Non_evo","Eight",0.0037875101985823
"418","I2","pHTemp",0,0,"M2.38.C13","Com13","M2",38,"Non_evo","Eight",0.00692399522483088
"419","I2","pHTemp",0,0,"M2.38.C20","Com20","M2",38,"Non_evo","Eight",0.112996085054118
"420","I2","pHTemp",0,0,"M2.38.C10","Com10","M2",38,NA,"Four",0.0309852120087765
"421","I2","Sal",0.00284950911111111,0.000295835556334277,"M3.20.C21","Com21","M3",20,"Non_evo","Eight",0.0599299787190224
"422","I2","Sal",0.00284950911111111,0.000295835556334277,"M3.20.C10","Com10","M3",20,NA,"Four",0.141915474319742
"423","I2","Sal",0.00284950911111111,0.000295835556334277,"M3.20.C18","Com18","M3",20,"Non_evo","Eight",0.0526507285732034
"424","I2","Sal",0.00284950911111111,0.000295835556334277,"M3.20.C13","Com13","M3",20,"Non_evo","Eight",0.0321333949101869
"425","I2","Sal",0.00284950911111111,0.000295835556334277,"M3.20.C20","Com20","M3",20,"Non_evo","Eight",0.0547522505291612
"426","I2","Sal",0.00284950911111111,0.000295835556334277,"M3.20.C14","Com14","M3",20,"Non_evo","Eight",0.0482948084672834
"427","I2","Sal",0.00284950911111111,0.000295835556334277,"M3.20.C17","Com17","M3",20,"Non_evo","Eight",0.0314738441502062
"428","I2","Sal",0.00284950911111111,0.000295835556334277,"M3.20.C4","Com4","M3",20,NA,"Two",0.240044796122565
"429","I2","Sal",0.00284950911111111,0.000295835556334277,"M3.20.C19","Com19","M3",20,"Non_evo","Eight",0.0447182700537782
"430","I2","SalTemp",0.00248872144444444,0.000390261798547498,"M3.38.C18","Com18","M3",38,"Non_evo","Eight",0.00593655628113466
"431","I2","SalTemp",0.00248872144444444,0.000390261798547498,"M3.38.C17","Com17","M3",38,"Non_evo","Eight",0.00256018499401247
"432","I2","SalTemp",0.00248872144444444,0.000390261798547498,"M3.38.C20","Com20","M3",38,"Non_evo","Eight",0.00392860319625226
"433","I2","SalTemp",0.00248872144444444,0.000390261798547498,"M3.38.C19","Com19","M3",38,"Non_evo","Eight",0.00120843535265777
"434","I2","SalTemp",0.00248872144444444,0.000390261798547498,"M3.38.C14","Com14","M3",38,"Non_evo","Eight",0.00298719424108127
"435","I2","SalTemp",0.00248872144444444,0.000390261798547498,"M3.38.C21","Com21","M3",38,"Non_evo","Eight",0.0304994829834105
"436","I2","SalTemp",0.00248872144444444,0.000390261798547498,"M3.38.C4","Com4","M3",38,NA,"Two",0.271338051207879
"437","I2","SalTemp",0.00248872144444444,0.000390261798547498,"M3.38.C10","Com10","M3",38,NA,"Four",0.116992342775848
"438","I2","SalTemp",0.00248872144444444,0.000390261798547498,"M3.38.C13","Com13","M3",38,"Non_evo","Eight",0.00201058801592256
"439","I2","Temp",0.000187447111111111,0.000292050512798918,"M1.38.C20","Com20","M1",38,"Non_evo","Eight",0.00239691639944288
"440","I2","Temp",0.000187447111111111,0.000292050512798918,"M1.38.C21","Com21","M1",38,"Non_evo","Eight",0.01515139139597
"441","I2","Temp",0.000187447111111111,0.000292050512798918,"M1.38.C4","Com4","M1",38,NA,"Two",0.832421652821762
"442","I2","Temp",0.000187447111111111,0.000292050512798918,"M1.38.C18","Com18","M1",38,"Non_evo","Eight",0.00213151964333656
"443","I2","Temp",0.000187447111111111,0.000292050512798918,"M1.38.C13","Com13","M1",38,"Non_evo","Eight",0.00180116684286777
"444","I2","Temp",0.000187447111111111,0.000292050512798918,"M1.38.C14","Com14","M1",38,"Non_evo","Eight",0.0017673072155715
"445","I2","Temp",0.000187447111111111,0.000292050512798918,"M1.38.C10","Com10","M1",38,NA,"Four",0.0953844355182176
"446","I2","Temp",0.000187447111111111,0.000292050512798918,"M1.38.C19","Com19","M1",38,"Non_evo","Eight",0.000222547943733741
"447","I2","Temp",0.000187447111111111,0.000292050512798918,"M1.38.C17","Com17","M1",38,"Non_evo","Eight",0.00260406070716524
"448","I20","Control",0.00272192188888889,0.000281222678258904,"M1.20.C16","Com16","M1",20,"Non_evo","Eight",0.250955414012739
"449","I20","Control",0.00272192188888889,0.000281222678258904,"M1.20.C19","Com19","M1",20,"Non_evo","Eight",0.410056434228692
"450","I20","Control",0.00272192188888889,0.000281222678258904,"M1.20.C18","Com18","M1",20,"Non_evo","Eight",0.364668749186516
"451","I20","Control",0.00272192188888889,0.000281222678258904,"M1.20.C15","Com15","M1",20,"Non_evo","Eight",0.401857299959583
"452","I20","Control",0.00272192188888889,0.000281222678258904,"M1.20.C21","Com21","M1",20,"Non_evo","Eight",0.356031408421423
"453","I20","Control",0.00272192188888889,0.000281222678258904,"M1.20.C17","Com17","M1",20,"Non_evo","Eight",0.398483572030329
"454","I20","Control",0.00272192188888889,0.000281222678258904,"M1.20.C7","Com7","M1",20,NA,"Four",0.257071899605836
"455","I20","Control",0.00272192188888889,0.000281222678258904,"M1.20.C20","Com20","M1",20,"Non_evo","Eight",0.351601423487544
"456","I20","Control",0.00272192188888889,0.000281222678258904,"M1.20.C22","Com22","M1",20,"Non_evo","Eight",0.359156681851242
"457","I20","Control",0.00272192188888889,0.000281222678258904,"M1.20.C11","Com11","M1",20,NA,"Four",0.246844148550872
"458","I20","Control",0.00272192188888889,0.000281222678258904,"M1.20.C5","Com5","M1",20,NA,"Two",0.321866852654478
"459","I20","Control",0.00272192188888889,0.000281222678258904,"M1.20.C13","Com13","M1",20,"Non_evo","Eight",0.385777726512486
"460","I20","pH",0.00266038722222222,7.59975136941626e-05,"M2.20.C15","Com15","M2",20,"Non_evo","Eight",0.283738263561396
"461","I20","pH",0.00266038722222222,7.59975136941626e-05,"M2.20.C19","Com19","M2",20,"Non_evo","Eight",0.26577954480912
"462","I20","pH",0.00266038722222222,7.59975136941626e-05,"M2.20.C7","Com7","M2",20,NA,"Four",0.203512053827354
"463","I20","pH",0.00266038722222222,7.59975136941626e-05,"M2.20.C5","Com5","M2",20,NA,"Two",0.299510295692983
"464","I20","pH",0.00266038722222222,7.59975136941626e-05,"M2.20.C20","Com20","M2",20,"Non_evo","Eight",0.306099030351713
"465","I20","pH",0.00266038722222222,7.59975136941626e-05,"M2.20.C11","Com11","M2",20,NA,"Four",0.30124916820391
"466","I20","pH",0.00266038722222222,7.59975136941626e-05,"M2.20.C18","Com18","M2",20,"Non_evo","Eight",0.315231651548092
"467","I20","pH",0.00266038722222222,7.59975136941626e-05,"M2.20.C13","Com13","M2",20,"Non_evo","Eight",0.323862149884649
"468","I20","pH",0.00266038722222222,7.59975136941626e-05,"M2.20.C16","Com16","M2",20,"Non_evo","Eight",0.231394517515939
"469","I20","pH",0.00266038722222222,7.59975136941626e-05,"M2.20.C17","Com17","M2",20,"Non_evo","Eight",0.322792168060371
"470","I20","pH",0.00266038722222222,7.59975136941626e-05,"M2.20.C22","Com22","M2",20,"Non_evo","Eight",0.287695487893729
"471","I20","pH",0.00266038722222222,7.59975136941626e-05,"M2.20.C21","Com21","M2",20,"Non_evo","Eight",0.280299991978824
"472","I20","pHSal",0.001999817375,0.000106879830028118,"M4.20.C21","Com21","M4",20,"Non_evo","Eight",0.11691436899456
"473","I20","pHSal",0.001999817375,0.000106879830028118,"M4.20.C15","Com15","M4",20,"Non_evo","Eight",0.285865450535038
"474","I20","pHSal",0.001999817375,0.000106879830028118,"M4.20.C17","Com17","M4",20,"Non_evo","Eight",0.217839533841327
"475","I20","pHSal",0.001999817375,0.000106879830028118,"M4.20.C19","Com19","M4",20,"Non_evo","Eight",0.118825449130256
"476","I20","pHSal",0.001999817375,0.000106879830028118,"M4.20.C7","Com7","M4",20,NA,"Four",0.18812448585346
"477","I20","pHSal",0.001999817375,0.000106879830028118,"M4.20.C13","Com13","M4",20,"Non_evo","Eight",0.285307809278591
"478","I20","pHSal",0.001999817375,0.000106879830028118,"M4.20.C22","Com22","M4",20,"Non_evo","Eight",0.129107685666493
"479","I20","pHSal",0.001999817375,0.000106879830028118,"M4.20.C18","Com18","M4",20,"Non_evo","Eight",0.176420253729677
"480","I20","pHSal",0.001999817375,0.000106879830028118,"M4.20.C5","Com5","M4",20,NA,"Two",0.500563707068396
"481","I20","pHSal",0.001999817375,0.000106879830028118,"M4.20.C20","Com20","M4",20,"Non_evo","Eight",0.296875
"482","I20","pHSal",0.001999817375,0.000106879830028118,"M4.20.C11","Com11","M4",20,NA,"Four",0.287787161423008
"483","I20","pHSal",0.001999817375,0.000106879830028118,"M4.20.C16","Com16","M4",20,"Non_evo","Eight",0.320061216242939
"484","I20","pHSalTemp",0.00225688955555556,0.000559500421586327,"M4.38.C13","Com13","M4",38,"Non_evo","Eight",0.282617747574341
"485","I20","pHSalTemp",0.00225688955555556,0.000559500421586327,"M4.38.C20","Com20","M4",38,"Non_evo","Eight",0.39797577868954
"486","I20","pHSalTemp",0.00225688955555556,0.000559500421586327,"M4.38.C5","Com5","M4",38,NA,"Two",0.889044921149904
"487","I20","pHSalTemp",0.00225688955555556,0.000559500421586327,"M4.38.C19","Com19","M4",38,"Non_evo","Eight",0.296992087830713
"488","I20","pHSalTemp",0.00225688955555556,0.000559500421586327,"M4.38.C21","Com21","M4",38,"Non_evo","Eight",0.624375958495122
"489","I20","pHSalTemp",0.00225688955555556,0.000559500421586327,"M4.38.C18","Com18","M4",38,"Non_evo","Eight",0.192712329183346
"490","I20","pHSalTemp",0.00225688955555556,0.000559500421586327,"M4.38.C15","Com15","M4",38,"Non_evo","Eight",0.304446306636687
"491","I20","pHSalTemp",0.00225688955555556,0.000559500421586327,"M4.38.C11","Com11","M4",38,NA,"Four",0.255642728776927
"492","I20","pHSalTemp",0.00225688955555556,0.000559500421586327,"M4.38.C22","Com22","M4",38,"Non_evo","Eight",0.668034516881302
"493","I20","pHSalTemp",0.00225688955555556,0.000559500421586327,"M4.38.C16","Com16","M4",38,"Non_evo","Eight",0.838032467746725
"494","I20","pHSalTemp",0.00225688955555556,0.000559500421586327,"M4.38.C7","Com7","M4",38,NA,"Four",0.857632919515461
"495","I20","pHSalTemp",0.00225688955555556,0.000559500421586327,"M4.38.C17","Com17","M4",38,"Non_evo","Eight",0.23916257174712
"496","I20","pHTemp",0.00394749533333333,0.000426777083932877,"M2.38.C13","Com13","M2",38,"Non_evo","Eight",0.111699164345404
"497","I20","pHTemp",0.00394749533333333,0.000426777083932877,"M2.38.C20","Com20","M2",38,"Non_evo","Eight",0.222461042450296
"498","I20","pHTemp",0.00394749533333333,0.000426777083932877,"M2.38.C22","Com22","M2",38,"Non_evo","Eight",0.96207250795334
"499","I20","pHTemp",0.00394749533333333,0.000426777083932877,"M2.38.C15","Com15","M2",38,"Non_evo","Eight",0.0745706638293628
"500","I20","pHTemp",0.00394749533333333,0.000426777083932877,"M2.38.C7","Com7","M2",38,NA,"Four",0.940074667855409
"501","I20","pHTemp",0.00394749533333333,0.000426777083932877,"M2.38.C19","Com19","M2",38,"Non_evo","Eight",0.0728555202397656
"502","I20","pHTemp",0.00394749533333333,0.000426777083932877,"M2.38.C21","Com21","M2",38,"Non_evo","Eight",0.965785159846404
"503","I20","pHTemp",0.00394749533333333,0.000426777083932877,"M2.38.C18","Com18","M2",38,"Non_evo","Eight",0.0759852492633248
"504","I20","pHTemp",0.00394749533333333,0.000426777083932877,"M2.38.C11","Com11","M2",38,NA,"Four",0.180277915157703
"505","I20","pHTemp",0.00394749533333333,0.000426777083932877,"M2.38.C16","Com16","M2",38,"Non_evo","Eight",0.960406870572459
"506","I20","pHTemp",0.00394749533333333,0.000426777083932877,"M2.38.C5","Com5","M2",38,NA,"Two",0.907997021831894
"507","I20","pHTemp",0.00394749533333333,0.000426777083932877,"M2.38.C17","Com17","M2",38,"Non_evo","Eight",0.101815409708187
"508","I20","Sal",0.00204956233333333,9.16063311444684e-05,"M3.20.C21","Com21","M3",20,"Non_evo","Eight",0.198560346772058
"509","I20","Sal",0.00204956233333333,9.16063311444684e-05,"M3.20.C20","Com20","M3",20,"Non_evo","Eight",0.203121413816846
"510","I20","Sal",0.00204956233333333,9.16063311444684e-05,"M3.20.C11","Com11","M3",20,NA,"Four",0.268345301328681
"511","I20","Sal",0.00204956233333333,9.16063311444684e-05,"M3.20.C22","Com22","M3",20,"Non_evo","Eight",0.163332335382069
"512","I20","Sal",0.00204956233333333,9.16063311444684e-05,"M3.20.C15","Com15","M3",20,"Non_evo","Eight",0.135175204669638
"513","I20","Sal",0.00204956233333333,9.16063311444684e-05,"M3.20.C5","Com5","M3",20,NA,"Two",0.53535686513169
"514","I20","Sal",0.00204956233333333,9.16063311444684e-05,"M3.20.C19","Com19","M3",20,"Non_evo","Eight",0.220942814231036
"515","I20","Sal",0.00204956233333333,9.16063311444684e-05,"M3.20.C7","Com7","M3",20,NA,"Four",0.165413921808081
"516","I20","Sal",0.00204956233333333,9.16063311444684e-05,"M3.20.C16","Com16","M3",20,"Non_evo","Eight",0.227385710592774
"517","I20","Sal",0.00204956233333333,9.16063311444684e-05,"M3.20.C18","Com18","M3",20,"Non_evo","Eight",0.158750865236143
"518","I20","Sal",0.00204956233333333,9.16063311444684e-05,"M3.20.C17","Com17","M3",20,"Non_evo","Eight",0.258426617879624
"519","I20","Sal",0.00204956233333333,9.16063311444684e-05,"M3.20.C13","Com13","M3",20,"Non_evo","Eight",0.283099584356238
"520","I20","SalTemp",0.00273645166666667,0.000501757147604048,"M3.38.C21","Com21","M3",38,"Non_evo","Eight",0.572215978060513
"521","I20","SalTemp",0.00273645166666667,0.000501757147604048,"M3.38.C22","Com22","M3",38,"Non_evo","Eight",0.606010498019962
"522","I20","SalTemp",0.00273645166666667,0.000501757147604048,"M3.38.C11","Com11","M3",38,NA,"Four",0.194017540707835
"523","I20","SalTemp",0.00273645166666667,0.000501757147604048,"M3.38.C7","Com7","M3",38,NA,"Four",0.887404039832065
"524","I20","SalTemp",0.00273645166666667,0.000501757147604048,"M3.38.C20","Com20","M3",38,"Non_evo","Eight",0.348822901532896
"525","I20","SalTemp",0.00273645166666667,0.000501757147604048,"M3.38.C18","Com18","M3",38,"Non_evo","Eight",0.253628612480534
"526","I20","SalTemp",0.00273645166666667,0.000501757147604048,"M3.38.C16","Com16","M3",38,"Non_evo","Eight",0.574898958031344
"527","I20","SalTemp",0.00273645166666667,0.000501757147604048,"M3.38.C13","Com13","M3",38,"Non_evo","Eight",0.256212149464519
"528","I20","SalTemp",0.00273645166666667,0.000501757147604048,"M3.38.C15","Com15","M3",38,"Non_evo","Eight",0.105461555943919
"529","I20","SalTemp",0.00273645166666667,0.000501757147604048,"M3.38.C5","Com5","M3",38,NA,"Two",0.913810162134559
"530","I20","SalTemp",0.00273645166666667,0.000501757147604048,"M3.38.C17","Com17","M3",38,"Non_evo","Eight",0.229053970351406
"531","I20","SalTemp",0.00273645166666667,0.000501757147604048,"M3.38.C19","Com19","M3",38,"Non_evo","Eight",0.106042176763289
"532","I20","Temp",0.00420105944444444,0.000459255944525248,"M1.38.C13","Com13","M1",38,"Non_evo","Eight",0.228990955009985
"533","I20","Temp",0.00420105944444444,0.000459255944525248,"M1.38.C11","Com11","M1",38,NA,"Four",0.184138477610865
"534","I20","Temp",0.00420105944444444,0.000459255944525248,"M1.38.C17","Com17","M1",38,"Non_evo","Eight",0.183749033649347
"535","I20","Temp",0.00420105944444444,0.000459255944525248,"M1.38.C21","Com21","M1",38,"Non_evo","Eight",0.69238183139891
"536","I20","Temp",0.00420105944444444,0.000459255944525248,"M1.38.C22","Com22","M1",38,"Non_evo","Eight",0.713418405547056
"537","I20","Temp",0.00420105944444444,0.000459255944525248,"M1.38.C7","Com7","M1",38,NA,"Four",0.907194821061651
"538","I20","Temp",0.00420105944444444,0.000459255944525248,"M1.38.C5","Com5","M1",38,NA,"Two",0.924868568300204
"539","I20","Temp",0.00420105944444444,0.000459255944525248,"M1.38.C19","Com19","M1",38,"Non_evo","Eight",0.132876470543094
"540","I20","Temp",0.00420105944444444,0.000459255944525248,"M1.38.C16","Com16","M1",38,"Non_evo","Eight",0.824579658441516
"541","I20","Temp",0.00420105944444444,0.000459255944525248,"M1.38.C15","Com15","M1",38,"Non_evo","Eight",0.12032585061097
"542","I20","Temp",0.00420105944444444,0.000459255944525248,"M1.38.C18","Com18","M1",38,"Non_evo","Eight",0.230822424888339
"543","I20","Temp",0.00420105944444444,0.000459255944525248,"M1.38.C20","Com20","M1",38,"Non_evo","Eight",0.365958928513588
"544","I22","Control",0.003361937375,0.000540994032317214,"M1.20.C22","Com22","M1",20,"Non_evo","Eight",0.0287868927764805
"545","I22","Control",0.003361937375,0.000540994032317214,"M1.20.C14","Com14","M1",20,"Non_evo","Eight",0.0562906130118218
"546","I22","Control",0.003361937375,0.000540994032317214,"M1.20.C7","Com7","M1",20,NA,"Four",0.500625582073546
"547","I22","Control",0.003361937375,0.000540994032317214,"M1.20.C6","Com6","M1",20,NA,"Two",0.580375328586599
"548","I22","Control",0.003361937375,0.000540994032317214,"M1.20.C12","Com12","M1",20,NA,"Four",0.165072676701873
"549","I22","Control",0.003361937375,0.000540994032317214,"M1.20.C18","Com18","M1",20,"Non_evo","Eight",0.0294481322400104
"550","I22","Control",0.003361937375,0.000540994032317214,"M1.20.C13","Com13","M1",20,"Non_evo","Eight",0.0263567679796989
"551","I22","Control",0.003361937375,0.000540994032317214,"M1.20.C20","Com20","M1",20,"Non_evo","Eight",0.0107298730947425
"552","I22","Control",0.003361937375,0.000540994032317214,"M1.20.C16","Com16","M1",20,"Non_evo","Eight",0.0873237965960113
"553","I22","pH",0.00260527877777778,0.000256168617174205,"M2.20.C6","Com6","M2",20,NA,"Two",0.628241433354705
"554","I22","pH",0.00260527877777778,0.000256168617174205,"M2.20.C16","Com16","M2",20,"Non_evo","Eight",0.270285093088623
"555","I22","pH",0.00260527877777778,0.000256168617174205,"M2.20.C12","Com12","M2",20,NA,"Four",0.508706867182557
"556","I22","pH",0.00260527877777778,0.000256168617174205,"M2.20.C20","Com20","M2",20,"Non_evo","Eight",0.0234092604280223
"557","I22","pH",0.00260527877777778,0.000256168617174205,"M2.20.C22","Com22","M2",20,"Non_evo","Eight",0.0511614903675088
"558","I22","pH",0.00260527877777778,0.000256168617174205,"M2.20.C18","Com18","M2",20,"Non_evo","Eight",0.00597870904865432
"559","I22","pH",0.00260527877777778,0.000256168617174205,"M2.20.C7","Com7","M2",20,NA,"Four",0.356304498687506
"560","I22","pH",0.00260527877777778,0.000256168617174205,"M2.20.C13","Com13","M2",20,"Non_evo","Eight",0.0172748678024687
"561","I22","pH",0.00260527877777778,0.000256168617174205,"M2.20.C14","Com14","M2",20,"Non_evo","Eight",0.0349510838288893
"562","I22","pHSal",0.00314824644444444,0.000295143290540422,"M4.20.C22","Com22","M4",20,"Non_evo","Eight",0.0860028418799575
"563","I22","pHSal",0.00314824644444444,0.000295143290540422,"M4.20.C14","Com14","M4",20,"Non_evo","Eight",0.0327983586439638
"564","I22","pHSal",0.00314824644444444,0.000295143290540422,"M4.20.C6","Com6","M4",20,NA,"Two",0.783216632554131
"565","I22","pHSal",0.00314824644444444,0.000295143290540422,"M4.20.C20","Com20","M4",20,"Non_evo","Eight",0.03125
"566","I22","pHSal",0.00314824644444444,0.000295143290540422,"M4.20.C13","Com13","M4",20,"Non_evo","Eight",0.194667562247535
"567","I22","pHSal",0.00314824644444444,0.000295143290540422,"M4.20.C16","Com16","M4",20,"Non_evo","Eight",0.128511121237393
"568","I22","pHSal",0.00314824644444444,0.000295143290540422,"M4.20.C18","Com18","M4",20,"Non_evo","Eight",0.0366085047806838
"569","I22","pHSal",0.00314824644444444,0.000295143290540422,"M4.20.C7","Com7","M4",20,NA,"Four",0.700838347706329
"570","I22","pHSalTemp",0.00255691833333333,0.000477979112655564,"M4.38.C14","Com14","M4",38,"Non_evo","Eight",0.000219938568882485
"571","I22","pHSalTemp",0.00255691833333333,0.000477979112655564,"M4.38.C7","Com7","M4",38,NA,"Four",0.0492144854741212
"572","I22","pHSalTemp",0.00255691833333333,0.000477979112655564,"M4.38.C16","Com16","M4",38,"Non_evo","Eight",0.0140314118850431
"573","I22","pHSalTemp",0.00255691833333333,0.000477979112655564,"M4.38.C6","Com6","M4",38,NA,"Two",0.445085764688755
"574","I22","pHSalTemp",0.00255691833333333,0.000477979112655564,"M4.38.C18","Com18","M4",38,"Non_evo","Eight",0.00090393248611818
"575","I22","pHSalTemp",0.00255691833333333,0.000477979112655564,"M4.38.C13","Com13","M4",38,"Non_evo","Eight",0
"576","I22","pHSalTemp",0.00255691833333333,0.000477979112655564,"M4.38.C20","Com20","M4",38,"Non_evo","Eight",0.00120528675092667
"577","I22","pHSalTemp",0.00255691833333333,0.000477979112655564,"M4.38.C22","Com22","M4",38,"Non_evo","Eight",0.0187739171954688
"578","I22","pHTemp",0,0,"M2.38.C16","Com16","M2",38,"Non_evo","Eight",0
"579","I22","pHTemp",0,0,"M2.38.C22","Com22","M2",38,"Non_evo","Eight",0
"580","I22","pHTemp",0,0,"M2.38.C18","Com18","M2",38,"Non_evo","Eight",0
"581","I22","pHTemp",0,0,"M2.38.C7","Com7","M2",38,NA,"Four",0.00171147003335376
"582","I22","pHTemp",0,0,"M2.38.C12","Com12","M2",38,NA,"Four",0.0689222626984673
"583","I22","pHTemp",0,0,"M2.38.C20","Com20","M2",38,"Non_evo","Eight",0
"584","I22","pHTemp",0,0,"M2.38.C13","Com13","M2",38,"Non_evo","Eight",0.00177477118981297
"585","I22","pHTemp",0,0,"M2.38.C6","Com6","M2",38,NA,"Two",0.348163764388413
"586","I22","pHTemp",0,0,"M2.38.C14","Com14","M2",38,"Non_evo","Eight",0.00468062333761991
"587","I22","Sal",0.0030275794,0.000229190425936163,"M3.20.C16","Com16","M3",20,"Non_evo","Eight",0.0662371492771779
"588","I22","Sal",0.0030275794,0.000229190425936163,"M3.20.C22","Com22","M3",20,"Non_evo","Eight",0.0581512072275153
"589","I22","Sal",0.0030275794,0.000229190425936163,"M3.20.C14","Com14","M3",20,"Non_evo","Eight",0.0243338882369529
"590","I22","Sal",0.0030275794,0.000229190425936163,"M3.20.C12","Com12","M3",20,NA,"Four",0.191827498536568
"591","I22","Sal",0.0030275794,0.000229190425936163,"M3.20.C13","Com13","M3",20,"Non_evo","Eight",0.033275807588537
"592","I22","Sal",0.0030275794,0.000229190425936163,"M3.20.C7","Com7","M3",20,NA,"Four",0.730421919881663
"593","I22","Sal",0.0030275794,0.000229190425936163,"M3.20.C20","Com20","M3",20,"Non_evo","Eight",0.0244051717542652
"594","I22","Sal",0.0030275794,0.000229190425936163,"M3.20.C6","Com6","M3",20,NA,"Two",0.755207560239474
"595","I22","Sal",0.0030275794,0.000229190425936163,"M3.20.C18","Com18","M3",20,"Non_evo","Eight",0.00915819178957457
"596","I22","SalTemp",0.00304188988888889,0.00079203807833264,"M3.38.C18","Com18","M3",38,"Non_evo","Eight",0.00190141875091414
"597","I22","SalTemp",0.00304188988888889,0.00079203807833264,"M3.38.C16","Com16","M3",38,"Non_evo","Eight",0.00693224645713604
"598","I22","SalTemp",0.00304188988888889,0.00079203807833264,"M3.38.C14","Com14","M3",38,"Non_evo","Eight",0
"599","I22","SalTemp",0.00304188988888889,0.00079203807833264,"M3.38.C12","Com12","M3",38,NA,"Four",0.0372147059925795
"600","I22","SalTemp",0.00304188988888889,0.00079203807833264,"M3.38.C20","Com20","M3",38,"Non_evo","Eight",0.000763483262667892
"601","I22","SalTemp",0.00304188988888889,0.00079203807833264,"M3.38.C6","Com6","M3",38,NA,"Two",0.635859667701589
"602","I22","SalTemp",0.00304188988888889,0.00079203807833264,"M3.38.C13","Com13","M3",38,"Non_evo","Eight",0.0011512237833105
"603","I22","SalTemp",0.00304188988888889,0.00079203807833264,"M3.38.C7","Com7","M3",38,NA,"Four",0.015353626869656
"604","I22","SalTemp",0.00304188988888889,0.00079203807833264,"M3.38.C22","Com22","M3",38,"Non_evo","Eight",0.0047147811781865
"605","I22","Temp",0,0,"M1.38.C12","Com12","M1",38,NA,"Four",0.0366325181758096
"606","I22","Temp",0,0,"M1.38.C16","Com16","M1",38,"Non_evo","Eight",0.00102401479866548
"607","I22","Temp",0,0,"M1.38.C6","Com6","M1",38,NA,"Two",0.147193025340178
"608","I22","Temp",0,0,"M1.38.C18","Com18","M1",38,"Non_evo","Eight",0.00111457324861492
"609","I22","Temp",0,0,"M1.38.C7","Com7","M1",38,NA,"Four",0.00176915326579346
"610","I22","Temp",0,0,"M1.38.C13","Com13","M1",38,"Non_evo","Eight",0.00138611535298955
"611","I22","Temp",0,0,"M1.38.C14","Com14","M1",38,"Non_evo","Eight",0
"612","I22","Temp",0,0,"M1.38.C20","Com20","M1",38,"Non_evo","Eight",0
"613","I22","Temp",0,0,"M1.38.C22","Com22","M1",38,"Non_evo","Eight",0
"614","I23","Control",0.00254606322222222,0.000340276166757892,"M1.20.C10","Com10","M1",20,NA,"Four",0.248843869030518
"615","I23","Control",0.00254606322222222,0.000340276166757892,"M1.20.C7","Com7","M1",20,NA,"Four",0.149010827743859
"616","I23","Control",0.00254606322222222,0.000340276166757892,"M1.20.C17","Com17","M1",20,"Non_evo","Eight",0.14373099886451
"617","I23","Control",0.00254606322222222,0.000340276166757892,"M1.20.C21","Com21","M1",20,"Non_evo","Eight",0.116774080056292
"618","I23","Control",0.00254606322222222,0.000340276166757892,"M1.20.C15","Com15","M1",20,"Non_evo","Eight",0.0750721395606771
"619","I23","Control",0.00254606322222222,0.000340276166757892,"M1.20.C19","Com19","M1",20,"Non_evo","Eight",0.10901736624119
"620","I23","Control",0.00254606322222222,0.000340276166757892,"M1.20.C5","Com5","M1",20,NA,"Two",0.563734037430047
"621","I23","Control",0.00254606322222222,0.000340276166757892,"M1.20.C22","Com22","M1",20,"Non_evo","Eight",0.213681430157333
"622","I23","Control",0.00254606322222222,0.000340276166757892,"M1.20.C16","Com16","M1",20,"Non_evo","Eight",0.0603529288921374
"623","I23","pH",0.00275198144444444,0.000195220585585967,"M2.20.C16","Com16","M2",20,"Non_evo","Eight",0.262538317647174
"624","I23","pH",0.00275198144444444,0.000195220585585967,"M2.20.C19","Com19","M2",20,"Non_evo","Eight",0.236723599334659
"625","I23","pH",0.00275198144444444,0.000195220585585967,"M2.20.C10","Com10","M2",20,NA,"Four",0.382368384689789
"626","I23","pH",0.00275198144444444,0.000195220585585967,"M2.20.C7","Com7","M2",20,NA,"Four",0.216516308119362
"627","I23","pH",0.00275198144444444,0.000195220585585967,"M2.20.C5","Com5","M2",20,NA,"Two",0.638239445001785
"628","I23","pH",0.00275198144444444,0.000195220585585967,"M2.20.C22","Com22","M2",20,"Non_evo","Eight",0.321947169555567
"629","I23","pH",0.00275198144444444,0.000195220585585967,"M2.20.C15","Com15","M2",20,"Non_evo","Eight",0.165704442151403
"630","I23","pH",0.00275198144444444,0.000195220585585967,"M2.20.C21","Com21","M2",20,"Non_evo","Eight",0.343956043956044
"631","I23","pH",0.00275198144444444,0.000195220585585967,"M2.20.C17","Com17","M2",20,"Non_evo","Eight",0.200448704874567
"632","I23","pHSal",0.00108050022222222,0.00025531664815126,"M4.20.C10","Com10","M4",20,NA,"Four",0.0122526553026162
"633","I23","pHSal",0.00108050022222222,0.00025531664815126,"M4.20.C21","Com21","M4",20,"Non_evo","Eight",0.0134640478571065
"634","I23","pHSal",0.00108050022222222,0.00025531664815126,"M4.20.C19","Com19","M4",20,"Non_evo","Eight",0.00972719495579988
"635","I23","pHSal",0.00108050022222222,0.00025531664815126,"M4.20.C22","Com22","M4",20,"Non_evo","Eight",0.0224832275122758
"636","I23","pHSal",0.00108050022222222,0.00025531664815126,"M4.20.C16","Com16","M4",20,"Non_evo","Eight",0.0133523631017376
"637","I23","pHSal",0.00108050022222222,0.00025531664815126,"M4.20.C17","Com17","M4",20,"Non_evo","Eight",0.0350579496702312
"638","I23","pHSal",0.00108050022222222,0.00025531664815126,"M4.20.C15","Com15","M4",20,"Non_evo","Eight",0.0191958031535962
"639","I23","pHSal",0.00108050022222222,0.00025531664815126,"M4.20.C5","Com5","M4",20,NA,"Two",0.374832521813013
"640","I23","pHSal",0.00108050022222222,0.00025531664815126,"M4.20.C7","Com7","M4",20,NA,"Four",0.0237824547782122
"641","I23","pHSalTemp",0,0,"M4.38.C5","Com5","M4",38,NA,"Two",0.0041886591448356
"642","I23","pHSalTemp",0,0,"M4.38.C19","Com19","M4",38,"Non_evo","Eight",0.00605284974927358
"643","I23","pHSalTemp",0,0,"M4.38.C16","Com16","M4",38,"Non_evo","Eight",0.00151780116804699
"644","I23","pHSalTemp",0,0,"M4.38.C15","Com15","M4",38,"Non_evo","Eight",0.0129099703800808
"645","I23","pHSalTemp",0,0,"M4.38.C22","Com22","M4",38,"Non_evo","Eight",0.002539634209634
"646","I23","pHSalTemp",0,0,"M4.38.C21","Com21","M4",38,"Non_evo","Eight",0.0128642281463112
"647","I23","pHSalTemp",0,0,"M4.38.C7","Com7","M4",38,NA,"Four",0.00225790862204194
"648","I23","pHSalTemp",0,0,"M4.38.C17","Com17","M4",38,"Non_evo","Eight",0.0173679646529298
"649","I23","pHTemp",0.00023835725,0.000339924031569975,"M2.38.C5","Com5","M2",38,NA,"Two",0.00311426718651178
"650","I23","pHTemp",0.00023835725,0.000339924031569975,"M2.38.C17","Com17","M2",38,"Non_evo","Eight",0.000859837605928447
"651","I23","pHTemp",0.00023835725,0.000339924031569975,"M2.38.C15","Com15","M2",38,"Non_evo","Eight",0.00689930341972702
"652","I23","pHTemp",0.00023835725,0.000339924031569975,"M2.38.C22","Com22","M2",38,"Non_evo","Eight",0.000629639448568399
"653","I23","pHTemp",0.00023835725,0.000339924031569975,"M2.38.C16","Com16","M2",38,"Non_evo","Eight",0.0161266133229822
"654","I23","pHTemp",0.00023835725,0.000339924031569975,"M2.38.C10","Com10","M2",38,NA,"Four",0.00905296205783193
"655","I23","pHTemp",0.00023835725,0.000339924031569975,"M2.38.C7","Com7","M2",38,NA,"Four",0.00255526456142585
"656","I23","pHTemp",0.00023835725,0.000339924031569975,"M2.38.C19","Com19","M2",38,"Non_evo","Eight",0.000524964445589821
"657","I23","pHTemp",0.00023835725,0.000339924031569975,"M2.38.C21","Com21","M2",38,"Non_evo","Eight",0.000583845445631264
"658","I23","Sal",0.00110207955555556,0.00038452548337305,"M3.20.C10","Com10","M3",20,NA,"Four",0.00845256802580432
"659","I23","Sal",0.00110207955555556,0.00038452548337305,"M3.20.C19","Com19","M3",20,"Non_evo","Eight",0.0212528867427852
"660","I23","Sal",0.00110207955555556,0.00038452548337305,"M3.20.C17","Com17","M3",20,"Non_evo","Eight",0.0342026109336724
"661","I23","Sal",0.00110207955555556,0.00038452548337305,"M3.20.C5","Com5","M3",20,NA,"Two",0.368301382831254
"662","I23","Sal",0.00110207955555556,0.00038452548337305,"M3.20.C22","Com22","M3",20,"Non_evo","Eight",0.0101702974481799
"663","I23","Sal",0.00110207955555556,0.00038452548337305,"M3.20.C15","Com15","M3",20,"Non_evo","Eight",0.00302109169572758
"664","I23","Sal",0.00110207955555556,0.00038452548337305,"M3.20.C21","Com21","M3",20,"Non_evo","Eight",0.0127097451186145
"665","I23","Sal",0.00110207955555556,0.00038452548337305,"M3.20.C7","Com7","M3",20,NA,"Four",0.0279072567467621
"666","I23","Sal",0.00110207955555556,0.00038452548337305,"M3.20.C16","Com16","M3",20,"Non_evo","Eight",0.0131639125852572
"667","I23","SalTemp",0,0,"M3.38.C21","Com21","M3",38,"Non_evo","Eight",0.00085420132176415
"668","I23","SalTemp",0,0,"M3.38.C10","Com10","M3",38,NA,"Four",0.00297920415080129
"669","I23","SalTemp",0,0,"M3.38.C16","Com16","M3",38,"Non_evo","Eight",0.00233632906427463
"670","I23","SalTemp",0,0,"M3.38.C15","Com15","M3",38,"Non_evo","Eight",0.00210029701961583
"671","I23","SalTemp",0,0,"M3.38.C5","Com5","M3",38,NA,"Two",0.00683007787565428
"672","I23","SalTemp",0,0,"M3.38.C22","Com22","M3",38,"Non_evo","Eight",0.00185708107558066
"673","I23","SalTemp",0,0,"M3.38.C7","Com7","M3",38,NA,"Four",0.003591680890478
"674","I23","SalTemp",0,0,"M3.38.C17","Com17","M3",38,"Non_evo","Eight",0.000850642110913821
"675","I23","SalTemp",0,0,"M3.38.C19","Com19","M3",38,"Non_evo","Eight",0.00156385751520417
"676","I23","Temp",9.23245e-05,0.000170994280237673,"M1.38.C5","Com5","M1",38,NA,"Two",0.0028339331288393
"677","I23","Temp",9.23245e-05,0.000170994280237673,"M1.38.C15","Com15","M1",38,"Non_evo","Eight",0.00103359568799191
"678","I23","Temp",9.23245e-05,0.000170994280237673,"M1.38.C21","Com21","M1",38,"Non_evo","Eight",0.00168258039222092
"679","I23","Temp",9.23245e-05,0.000170994280237673,"M1.38.C17","Com17","M1",38,"Non_evo","Eight",0.000764942832729788
"680","I23","Temp",9.23245e-05,0.000170994280237673,"M1.38.C22","Com22","M1",38,"Non_evo","Eight",0.00132654057749276
"681","I23","Temp",9.23245e-05,0.000170994280237673,"M1.38.C10","Com10","M1",38,NA,"Four",0.00210443685436796
"682","I23","Temp",9.23245e-05,0.000170994280237673,"M1.38.C16","Com16","M1",38,"Non_evo","Eight",0.00159382948501965
"683","I23","Temp",9.23245e-05,0.000170994280237673,"M1.38.C19","Com19","M1",38,"Non_evo","Eight",0.00179573168392053
"684","I23","Temp",9.23245e-05,0.000170994280237673,"M1.38.C7","Com7","M1",38,NA,"Four",0.0020150893700069
"685","I8","Control",0.00274278766666667,0.000139974849561448,"M1.20.C10","Com10","M1",20,NA,"Four",0.00628342122091137
"686","I8","Control",0.00274278766666667,0.000139974849561448,"M1.20.C20","Com20","M1",20,"Non_evo","Eight",0.043456657490096
"687","I8","Control",0.00274278766666667,0.000139974849561448,"M1.20.C3","Com3","M1",20,NA,"Two",0.847656659893732
"688","I8","Control",0.00274278766666667,0.000139974849561448,"M1.20.C19","Com19","M1",20,"Non_evo","Eight",0.00893743793445879
"689","I8","Control",0.00274278766666667,0.000139974849561448,"M1.20.C17","Com17","M1",20,"Non_evo","Eight",0.0034522544961723
"690","I8","Control",0.00274278766666667,0.000139974849561448,"M1.20.C22","Com22","M1",20,"Non_evo","Eight",0.00804846304023274
"691","I8","Control",0.00274278766666667,0.000139974849561448,"M1.20.C14","Com14","M1",20,"Non_evo","Eight",0.0203815339648738
"692","I8","Control",0.00274278766666667,0.000139974849561448,"M1.20.C21","Com21","M1",20,"Non_evo","Eight",0.0140890118501223
"693","I8","Control",0.00274278766666667,0.000139974849561448,"M1.20.C9","Com9","M1",20,NA,"Four",0.365753339288311
"694","I8","pH",0.00257452122222222,0.000242387182560144,"M2.20.C21","Com21","M2",20,"Non_evo","Eight",0.00482874789444133
"695","I8","pH",0.00257452122222222,0.000242387182560144,"M2.20.C22","Com22","M2",20,"Non_evo","Eight",0.00465104457886443
"696","I8","pH",0.00257452122222222,0.000242387182560144,"M2.20.C10","Com10","M2",20,NA,"Four",0.00486389387867901
"697","I8","pH",0.00257452122222222,0.000242387182560144,"M2.20.C17","Com17","M2",20,"Non_evo","Eight",0.00348766061594942
"698","I8","pH",0.00257452122222222,0.000242387182560144,"M2.20.C3","Com3","M2",20,NA,"Two",0.870860672298012
"699","I8","pH",0.00257452122222222,0.000242387182560144,"M2.20.C9","Com9","M2",20,NA,"Four",0.842989985693848
"700","I8","pH",0.00257452122222222,0.000242387182560144,"M2.20.C20","Com20","M2",20,"Non_evo","Eight",0.032630345155447
"701","I8","pH",0.00257452122222222,0.000242387182560144,"M2.20.C14","Com14","M2",20,"Non_evo","Eight",0.0274889698829848
"702","I8","pH",0.00257452122222222,0.000242387182560144,"M2.20.C19","Com19","M2",20,"Non_evo","Eight",0.00414621282810662
"703","I8","pHSal",0.001475582375,0.000167864957570013,"M4.20.C19","Com19","M4",20,"Non_evo","Eight",0.00301796521022781
"704","I8","pHSal",0.001475582375,0.000167864957570013,"M4.20.C21","Com21","M4",20,"Non_evo","Eight",0.00357572573675202
"705","I8","pHSal",0.001475582375,0.000167864957570013,"M4.20.C14","Com14","M4",20,"Non_evo","Eight",0.0734200030679552
"706","I8","pHSal",0.001475582375,0.000167864957570013,"M4.20.C20","Com20","M4",20,"Non_evo","Eight",0.0892024253731343
"707","I8","pHSal",0.001475582375,0.000167864957570013,"M4.20.C10","Com10","M4",20,NA,"Four",0.00566800938501257
"708","I8","pHSal",0.001475582375,0.000167864957570013,"M4.20.C9","Com9","M4",20,NA,"Four",0.273151541807164
"709","I8","pHSal",0.001475582375,0.000167864957570013,"M4.20.C3","Com3","M4",20,NA,"Two",0.728868818384207
"710","I8","pHSal",0.001475582375,0.000167864957570013,"M4.20.C22","Com22","M4",20,"Non_evo","Eight",0.008525639872655
"711","I8","pHSal",0.001475582375,0.000167864957570013,"M4.20.C17","Com17","M4",20,"Non_evo","Eight",0.00816418006019082
"712","I8","pHSalTemp",0.00178246333333333,0.00022617062292327,"M4.38.C14","Com14","M4",38,"Non_evo","Eight",0.000492965757840052
"713","I8","pHSalTemp",0.00178246333333333,0.00022617062292327,"M4.38.C19","Com19","M4",38,"Non_evo","Eight",0.0010705173093795
"714","I8","pHSalTemp",0.00178246333333333,0.00022617062292327,"M4.38.C9","Com9","M4",38,NA,"Four",0.128423363257023
"715","I8","pHSalTemp",0.00178246333333333,0.00022617062292327,"M4.38.C22","Com22","M4",38,"Non_evo","Eight",0.014047567971545
"716","I8","pHSalTemp",0.00178246333333333,0.00022617062292327,"M4.38.C20","Com20","M4",38,"Non_evo","Eight",0.00175839779416014
"717","I8","pHSalTemp",0.00178246333333333,0.00022617062292327,"M4.38.C21","Com21","M4",38,"Non_evo","Eight",0.00210461056547133
"718","I8","pHSalTemp",0.00178246333333333,0.00022617062292327,"M4.38.C17","Com17","M4",38,"Non_evo","Eight",0.00123054052938019
"719","I8","pHTemp",5.2727e-05,0.000149134477006492,"M2.38.C17","Com17","M2",38,"Non_evo","Eight",0
"720","I8","pHTemp",5.2727e-05,0.000149134477006492,"M2.38.C10","Com10","M2",38,NA,"Four",0.176537219714943
"721","I8","pHTemp",5.2727e-05,0.000149134477006492,"M2.38.C20","Com20","M2",38,"Non_evo","Eight",0.09971597451447
"722","I8","pHTemp",5.2727e-05,0.000149134477006492,"M2.38.C9","Com9","M2",38,NA,"Four",0.17660662706676
"723","I8","pHTemp",5.2727e-05,0.000149134477006492,"M2.38.C3","Com3","M2",38,NA,"Two",0.299426818438686
"724","I8","pHTemp",5.2727e-05,0.000149134477006492,"M2.38.C22","Com22","M2",38,"Non_evo","Eight",0.00442404559915164
"725","I8","pHTemp",5.2727e-05,0.000149134477006492,"M2.38.C21","Com21","M2",38,"Non_evo","Eight",0.00414679970358616
"726","I8","pHTemp",5.2727e-05,0.000149134477006492,"M2.38.C19","Com19","M2",38,"Non_evo","Eight",7.63584648130649e-05
"727","I8","pHTemp",5.2727e-05,0.000149134477006492,"M2.38.C14","Com14","M2",38,"Non_evo","Eight",0.00137383483629799
"728","I8","Sal",0.00140140133333333,0.000238200170811757,"M3.20.C9","Com9","M3",20,NA,"Four",0.141468223462272
"729","I8","Sal",0.00140140133333333,0.000238200170811757,"M3.20.C14","Com14","M3",20,"Non_evo","Eight",0.0580920412266099
"730","I8","Sal",0.00140140133333333,0.000238200170811757,"M3.20.C3","Com3","M3",20,NA,"Two",0.77907971167409
"731","I8","Sal",0.00140140133333333,0.000238200170811757,"M3.20.C10","Com10","M3",20,NA,"Four",0.00368042345546274
"732","I8","Sal",0.00140140133333333,0.000238200170811757,"M3.20.C20","Com20","M3",20,"Non_evo","Eight",0.0640603881365873
"733","I8","Sal",0.00140140133333333,0.000238200170811757,"M3.20.C22","Com22","M3",20,"Non_evo","Eight",0.00955391578465386
"734","I8","Sal",0.00140140133333333,0.000238200170811757,"M3.20.C17","Com17","M3",20,"Non_evo","Eight",0.010294892864895
"735","I8","Sal",0.00140140133333333,0.000238200170811757,"M3.20.C19","Com19","M3",20,"Non_evo","Eight",0.00749341903393033
"736","I8","Sal",0.00140140133333333,0.000238200170811757,"M3.20.C21","Com21","M3",20,"Non_evo","Eight",0.00459943708381959
"737","I8","SalTemp",0.00128304566666667,0.000544572086696059,"M3.38.C20","Com20","M3",38,"Non_evo","Eight",0.000459572449372906
"738","I8","SalTemp",0.00128304566666667,0.000544572086696059,"M3.38.C21","Com21","M3",38,"Non_evo","Eight",0.00615924110956256
"739","I8","SalTemp",0.00128304566666667,0.000544572086696059,"M3.38.C9","Com9","M3",38,NA,"Four",0.0199745714410978
"740","I8","SalTemp",0.00128304566666667,0.000544572086696059,"M3.38.C17","Com17","M3",38,"Non_evo","Eight",0.00548375108394929
"741","I8","SalTemp",0.00128304566666667,0.000544572086696059,"M3.38.C10","Com10","M3",38,NA,"Four",0.022477927946776
"742","I8","SalTemp",0.00128304566666667,0.000544572086696059,"M3.38.C22","Com22","M3",38,"Non_evo","Eight",0.00115325582775785
"743","I8","SalTemp",0.00128304566666667,0.000544572086696059,"M3.38.C14","Com14","M3",38,"Non_evo","Eight",0.000457057042351232
"744","I8","SalTemp",0.00128304566666667,0.000544572086696059,"M3.38.C3","Com3","M3",38,NA,"Two",0.0110968363577967
"745","I8","SalTemp",0.00128304566666667,0.000544572086696059,"M3.38.C19","Com19","M3",38,"Non_evo","Eight",0
"746","I8","Temp",0.00154042266666667,0.00117738507911197,"M1.38.C21","Com21","M1",38,"Non_evo","Eight",0.00606055655838799
"747","I8","Temp",0.00154042266666667,0.00117738507911197,"M1.38.C19","Com19","M1",38,"Non_evo","Eight",0.00043742182044218
"748","I8","Temp",0.00154042266666667,0.00117738507911197,"M1.38.C10","Com10","M1",38,NA,"Four",0.0437672760069146
"749","I8","Temp",0.00154042266666667,0.00117738507911197,"M1.38.C3","Com3","M1",38,NA,"Two",0.327378155461135
"750","I8","Temp",0.00154042266666667,0.00117738507911197,"M1.38.C17","Com17","M1",38,"Non_evo","Eight",0.00634739797371526
"751","I8","Temp",0.00154042266666667,0.00117738507911197,"M1.38.C22","Com22","M1",38,"Non_evo","Eight",0.000610371431361698
"752","I8","Temp",0.00154042266666667,0.00117738507911197,"M1.38.C9","Com9","M1",38,NA,"Four",0.0403041494677384
"753","I8","Temp",0.00154042266666667,0.00117738507911197,"M1.38.C20","Com20","M1",38,"Non_evo","Eight",0.000315809931007677
"754","I8","Temp",0.00154042266666667,0.00117738507911197,"M1.38.C14","Com14","M1",38,"Non_evo","Eight",0.000359858935297363
"755","I9","Control",0.00266302644444444,0.000128001540383418,"M1.20.C17","Com17","M1",20,"Non_evo","Eight",0.105371598109959
"756","I9","Control",0.00266302644444444,0.000128001540383418,"M1.20.C18","Com18","M1",20,"Non_evo","Eight",0.0394051802681244
"757","I9","Control",0.00266302644444444,0.000128001540383418,"M1.20.C8","Com8","M1",20,NA,"Four",0.543301304725488
"758","I9","Control",0.00266302644444444,0.000128001540383418,"M1.20.C15","Com15","M1",20,"Non_evo","Eight",0.284093579344117
"759","I9","Control",0.00266302644444444,0.000128001540383418,"M1.20.C20","Com20","M1",20,"Non_evo","Eight",0.15991405358222
"760","I9","Control",0.00266302644444444,0.000128001540383418,"M1.20.C19","Com19","M1",20,"Non_evo","Eight",0.148279119335384
"761","I9","Control",0.00266302644444444,0.000128001540383418,"M1.20.C14","Com14","M1",20,"Non_evo","Eight",0.0525326861348156
"762","I9","Control",0.00266302644444444,0.000128001540383418,"M1.20.C11","Com11","M1",20,NA,"Four",0.719574824810568
"763","I9","Control",0.00266302644444444,0.000128001540383418,"M1.20.C2","Com2","M1",20,NA,"Two",0.927285640812128
"764","I9","pH",0.00286057377777778,0.000130262321850735,"M2.20.C15","Com15","M2",20,"Non_evo","Eight",0.34186401507722
"765","I9","pH",0.00286057377777778,0.000130262321850735,"M2.20.C11","Com11","M2",20,NA,"Four",0.642896250810738
"766","I9","pH",0.00286057377777778,0.000130262321850735,"M2.20.C2","Com2","M2",20,NA,"Two",0.96561576795679
"767","I9","pH",0.00286057377777778,0.000130262321850735,"M2.20.C17","Com17","M2",20,"Non_evo","Eight",0.278329594126045
"768","I9","pH",0.00286057377777778,0.000130262321850735,"M2.20.C8","Com8","M2",20,NA,"Four",0.5673263876151
"769","I9","pH",0.00286057377777778,0.000130262321850735,"M2.20.C19","Com19","M2",20,"Non_evo","Eight",0.310884822913708
"770","I9","pH",0.00286057377777778,0.000130262321850735,"M2.20.C18","Com18","M2",20,"Non_evo","Eight",0.519941524851938
"771","I9","pH",0.00286057377777778,0.000130262321850735,"M2.20.C14","Com14","M2",20,"Non_evo","Eight",0.470995587953194
"772","I9","pH",0.00286057377777778,0.000130262321850735,"M2.20.C20","Com20","M2",20,"Non_evo","Eight",0.482479939017893
"773","I9","pHSal",0.00160666355555556,0.000121180901044792,"M4.20.C8","Com8","M4",20,NA,"Four",0.0106514511035739
"774","I9","pHSal",0.00160666355555556,0.000121180901044792,"M4.20.C14","Com14","M4",20,"Non_evo","Eight",0.0214660990949532
"775","I9","pHSal",0.00160666355555556,0.000121180901044792,"M4.20.C2","Com2","M4",20,NA,"Two",0.848825439498595
"776","I9","pHSal",0.00160666355555556,0.000121180901044792,"M4.20.C15","Com15","M4",20,"Non_evo","Eight",0.1275447852395
"777","I9","pHSal",0.00160666355555556,0.000121180901044792,"M4.20.C20","Com20","M4",20,"Non_evo","Eight",0.068359375
"778","I9","pHSal",0.00160666355555556,0.000121180901044792,"M4.20.C11","Com11","M4",20,NA,"Four",0.616934319345381
"779","I9","pHSal",0.00160666355555556,0.000121180901044792,"M4.20.C19","Com19","M4",20,"Non_evo","Eight",0.0320807325496657
"780","I9","pHSal",0.00160666355555556,0.000121180901044792,"M4.20.C18","Com18","M4",20,"Non_evo","Eight",0.0256891997470144
"781","I9","pHSal",0.00160666355555556,0.000121180901044792,"M4.20.C17","Com17","M4",20,"Non_evo","Eight",0.0973618492668246
"782","I9","pHSalTemp",0.005150898,0.000423605797737118,"M4.38.C19","Com19","M4",38,"Non_evo","Eight",0.662135078357038
"783","I9","pHSalTemp",0.005150898,0.000423605797737118,"M4.38.C17","Com17","M4",38,"Non_evo","Eight",0.70414171862741
"784","I9","pHSalTemp",0.005150898,0.000423605797737118,"M4.38.C20","Com20","M4",38,"Non_evo","Eight",0.573204659341385
"785","I9","pHSalTemp",0.005150898,0.000423605797737118,"M4.38.C14","Com14","M4",38,"Non_evo","Eight",0.747844222820523
"786","I9","pHSalTemp",0.005150898,0.000423605797737118,"M4.38.C11","Com11","M4",38,NA,"Four",0.717376675401582
"787","I9","pHSalTemp",0.005150898,0.000423605797737118,"M4.38.C15","Com15","M4",38,"Non_evo","Eight",0.646079301733222
"788","I9","pHSalTemp",0.005150898,0.000423605797737118,"M4.38.C8","Com8","M4",38,NA,"Four",0.876500406299578
"789","I9","pHSalTemp",0.005150898,0.000423605797737118,"M4.38.C2","Com2","M4",38,NA,"Two",0.945675936155709
"790","I9","pHSalTemp",0.005150898,0.000423605797737118,"M4.38.C18","Com18","M4",38,"Non_evo","Eight",0.766337250374106
"791","I9","pHTemp",0.00661426033333333,0.000422594636373322,"M2.38.C2","Com2","M2",38,NA,"Two",0.95207764165035
"792","I9","pHTemp",0.00661426033333333,0.000422594636373322,"M2.38.C15","Com15","M2",38,"Non_evo","Eight",0.906235972801782
"793","I9","pHTemp",0.00661426033333333,0.000422594636373322,"M2.38.C18","Com18","M2",38,"Non_evo","Eight",0.915588220089263
"794","I9","pHTemp",0.00661426033333333,0.000422594636373322,"M2.38.C11","Com11","M2",38,NA,"Four",0.791483862733524
"795","I9","pHTemp",0.00661426033333333,0.000422594636373322,"M2.38.C20","Com20","M2",38,"Non_evo","Eight",0.261917555845552
"796","I9","pHTemp",0.00661426033333333,0.000422594636373322,"M2.38.C14","Com14","M2",38,"Non_evo","Eight",0.849972443429156
"797","I9","pHTemp",0.00661426033333333,0.000422594636373322,"M2.38.C8","Com8","M2",38,NA,"Four",0.946295779884737
"798","I9","pHTemp",0.00661426033333333,0.000422594636373322,"M2.38.C19","Com19","M2",38,"Non_evo","Eight",0.918869131136118
"799","I9","pHTemp",0.00661426033333333,0.000422594636373322,"M2.38.C17","Com17","M2",38,"Non_evo","Eight",0.883948516115307
"800","I9","Sal",0.00189333611111111,0.00020946365568843,"M3.20.C15","Com15","M3",20,"Non_evo","Eight",0.0359174234936501
"801","I9","Sal",0.00189333611111111,0.00020946365568843,"M3.20.C11","Com11","M3",20,NA,"Four",0.608296079378183
"802","I9","Sal",0.00189333611111111,0.00020946365568843,"M3.20.C17","Com17","M3",20,"Non_evo","Eight",0.0756612608142888
"803","I9","Sal",0.00189333611111111,0.00020946365568843,"M3.20.C20","Com20","M3",20,"Non_evo","Eight",0.0855073572539719
"804","I9","Sal",0.00189333611111111,0.00020946365568843,"M3.20.C2","Com2","M3",20,NA,"Two",0.778689968640992
"805","I9","Sal",0.00189333611111111,0.00020946365568843,"M3.20.C18","Com18","M3",20,"Non_evo","Eight",0.0383898620946701
"806","I9","Sal",0.00189333611111111,0.00020946365568843,"M3.20.C8","Com8","M3",20,NA,"Four",0.0798347350824159
"807","I9","Sal",0.00189333611111111,0.00020946365568843,"M3.20.C19","Com19","M3",20,"Non_evo","Eight",0.0823145621033252
"808","I9","Sal",0.00189333611111111,0.00020946365568843,"M3.20.C14","Com14","M3",20,"Non_evo","Eight",0.0350044119386149
"809","I9","SalTemp",0.00488278833333333,0.000667840827492225,"M3.38.C20","Com20","M3",38,"Non_evo","Eight",0.583271562842826
"810","I9","SalTemp",0.00488278833333333,0.000667840827492225,"M3.38.C19","Com19","M3",38,"Non_evo","Eight",0.852705157570492
"811","I9","SalTemp",0.00488278833333333,0.000667840827492225,"M3.38.C18","Com18","M3",38,"Non_evo","Eight",0.65791669893056
"812","I9","SalTemp",0.00488278833333333,0.000667840827492225,"M3.38.C15","Com15","M3",38,"Non_evo","Eight",0.837195633263062
"813","I9","SalTemp",0.00488278833333333,0.000667840827492225,"M3.38.C8","Com8","M3",38,NA,"Four",0.913681428698817
"814","I9","SalTemp",0.00488278833333333,0.000667840827492225,"M3.38.C2","Com2","M3",38,NA,"Two",0.94069350275789
"815","I9","SalTemp",0.00488278833333333,0.000667840827492225,"M3.38.C17","Com17","M3",38,"Non_evo","Eight",0.714531114506339
"816","I9","SalTemp",0.00488278833333333,0.000667840827492225,"M3.38.C14","Com14","M3",38,"Non_evo","Eight",0.718493670576137
"817","I9","SalTemp",0.00488278833333333,0.000667840827492225,"M3.38.C11","Com11","M3",38,NA,"Four",0.751131000016332
"818","I9","Temp",0.00627073922222222,0.000742203945488667,"M1.38.C19","Com19","M1",38,"Non_evo","Eight",0.834992210821969
"819","I9","Temp",0.00627073922222222,0.000742203945488667,"M1.38.C17","Com17","M1",38,"Non_evo","Eight",0.77078569394149
"820","I9","Temp",0.00627073922222222,0.000742203945488667,"M1.38.C8","Com8","M1",38,NA,"Four",0.897605008814054
"821","I9","Temp",0.00627073922222222,0.000742203945488667,"M1.38.C18","Com18","M1",38,"Non_evo","Eight",0.71927398162988
"822","I9","Temp",0.00627073922222222,0.000742203945488667,"M1.38.C14","Com14","M1",38,"Non_evo","Eight",0.736903133971483
"823","I9","Temp",0.00627073922222222,0.000742203945488667,"M1.38.C11","Com11","M1",38,NA,"Four",0.727565834504125
"824","I9","Temp",0.00627073922222222,0.000742203945488667,"M1.38.C20","Com20","M1",38,"Non_evo","Eight",0.596905062676125
"825","I9","Temp",0.00627073922222222,0.000742203945488667,"M1.38.C2","Com2","M1",38,NA,"Two",0.947054403366396
"826","I9","Temp",0.00627073922222222,0.000742203945488667,"M1.38.C15","Com15","M1",38,"Non_evo","Eight",0.861475209016017
