,X,Id,estimate,TempLevel,SalinityLevel,pH_Level,Rep,Stress
1,1,I9,0.003240978,20,0,4,1,Control
2,2,I9,0.003140826,20,0,4,2,Control
3,3,I9,0.003255494,20,0,4,3,Control
4,4,I9,0.002686239,20,0,6,1,Control
5,5,I9,0.002684415,20,0,6,2,Control
6,6,I9,0.002672527,20,0,6,3,Control
7,7,I9,0.005915334,38,0,4,1,Temp
8,8,I9,0.006027954,38,0,4,2,Temp
9,9,I9,0.005836356,38,0,4,3,Temp
10,10,I9,0.006186036,38,0,6,1,Temp
11,11,I9,0.006016798,38,0,6,2,Temp
12,12,I9,0.006048493,38,0,6,3,Temp
13,13,I9,0.002924054,20,0,5.5,1,Control
14,14,I9,0.003013239,20,0,5.5,2,Control
15,15,I9,0.002769146,20,0,5.5,3,Control
16,16,I9,0.002637365,20,0,7.2,1,Control
17,17,I9,0.002685157,20,0,7.2,2,Control
18,18,I9,0.002615882,20,0,7.2,3,Control
19,19,I9,0.006486267,38,0,5.5,1,Temp
20,20,I9,0.007292121,38,0,5.5,2,Temp
21,21,I9,0.006711055,38,0,5.5,3,Temp
22,22,I9,0.007384399,38,0,7.2,1,Temp
23,23,I9,0.00709816,38,0,7.2,2,Temp
24,24,I9,0.005497049,38,0,7.2,3,Temp
25,25,I9,0.002935924,20,0,8,1,Control
26,26,I9,0.002818477,20,0,8,2,Control
27,27,I9,0.00276996,20,0,8,3,Control
28,28,I9,0.002749988,20,0,10,1,Control
29,29,I9,0.002731424,20,0,10,2,Control
30,30,I9,0.002750821,20,0,10,3,Control
31,31,I9,0.00776633,38,0,8,1,Temp
32,32,I9,0.00468957,38,0,8,2,Temp
33,33,I9,0.006521981,38,0,8,3,Temp
34,34,I9,0.007380911,38,0,10,1,Temp
35,35,I9,0.00751079,38,0,10,2,Temp
36,36,I9,0.006567703,38,0,10,3,Temp
37,37,I9,0.002589411,20,0,9,1,Control
38,38,I9,0.002502594,20,0,9,2,Control
39,39,I9,0.002531623,20,0,9,3,Control
40,40,I9,0.003165206,20,0,11,1,Control
41,41,I9,0.003098386,20,0,11,2,Control
42,42,I9,0.003019534,20,0,11,3,Control
43,43,I9,0.006201981,38,0,9,1,Temp
44,44,I9,0.007019407,38,0,9,2,Temp
45,45,I9,0.00637363,38,0,9,3,Temp
46,46,I9,0.006723174,38,0,11,1,Temp
47,47,I9,0.007795299,38,0,11,2,Temp
48,48,I9,0.008278898,38,0,11,3,Temp
49,49,I9,0.001437747,20,20,4,1,Sal
50,51,I9,0.001356219,20,20,4,3,Sal
51,52,I9,0.00195346,20,20,6,1,Sal
52,53,I9,0.001947994,20,20,6,2,Sal
53,54,I9,0.001905917,20,20,6,3,Sal
54,56,I9,0.006808456,38,20,4,2,Sal_Temp
55,57,I9,0.004537025,38,20,4,3,Sal_Temp
56,58,I9,0.005132018,38,20,6,1,Sal_Temp
57,59,I9,0.006127655,38,20,6,2,Sal_Temp
58,60,I9,0.005933054,38,20,6,3,Sal_Temp
59,61,I9,0.001605356,20,20,5.5,1,Sal
60,62,I9,0.001526721,20,20,5.5,2,Sal
61,63,I9,0.001676878,20,20,5.5,3,Sal
62,64,I9,0.001934064,20,20,7.2,1,Sal
63,65,I9,0.002426428,20,20,7.2,2,Sal
64,66,I9,0.00185558,20,20,7.2,3,Sal
65,67,I9,0.005263092,38,20,5.5,1,Sal_Temp
66,68,I9,0.005142786,38,20,5.5,2,Sal_Temp
67,69,I9,0.004944707,38,20,5.5,3,Sal_Temp
68,70,I9,0.004137031,38,20,7.2,1,Sal_Temp
69,71,I9,0.004518792,38,20,7.2,2,Sal_Temp
70,72,I9,0.005963409,38,20,7.2,3,Sal_Temp
71,73,I9,0.00166151,20,20,8,1,Sal
72,74,I9,0.001661188,20,20,8,2,Sal
73,75,I9,0.001681127,20,20,8,3,Sal
74,76,I9,0.00188755,20,20,10,1,Sal
75,77,I9,0.001865403,20,20,10,2,Sal
76,78,I9,0.001836296,20,20,10,3,Sal
77,79,I9,0.005384513,38,20,8,1,Sal_Temp
78,80,I9,0.005000064,38,20,8,2,Sal_Temp
79,81,I9,0.005491935,38,20,8,3,Sal_Temp
80,82,I9,0.006102117,38,20,10,1,Sal_Temp
81,83,I9,0.004693037,38,20,10,2,Sal_Temp
82,84,I9,0.005990222,38,20,10,3,Sal_Temp
83,85,I9,0.001788278,20,20,9,1,Sal
84,86,I9,0.001821533,20,20,9,2,Sal
85,87,I9,0.001775553,20,20,9,3,Sal
86,88,I9,0.0018234,20,20,11,1,Sal
87,89,I9,0.001866605,20,20,11,2,Sal
88,90,I9,0.001743277,20,20,11,3,Sal
89,91,I9,0.004944241,38,20,9,1,Sal_Temp
90,92,I9,0.003916722,38,20,9,2,Sal_Temp
91,93,I9,0.005339056,38,20,9,3,Sal_Temp
92,94,I9,0.005254608,38,20,11,1,Sal_Temp
93,95,I9,0.005527608,38,20,11,2,Sal_Temp
94,96,I9,0.005284217,38,20,11,3,Sal_Temp
95,97,I11,0.00138607,20,0,6,1,Control
96,98,I11,0.002085978,20,0,6,2,Control
97,99,I11,0.002073596,20,0,6,3,Control
98,100,I11,0.001866876,38,0,6,1,Temp
99,101,I11,0.001485766,38,0,6,2,Temp
100,102,I11,0.001458601,38,0,6,3,Temp
101,103,I11,0,38,0,4,2,Temp
102,104,I11,0.000705663,20,0,5.5,1,Control
103,105,I11,0.000754947,20,0,5.5,2,Control
104,106,I11,0.000767785,20,0,5.5,3,Control
105,107,I11,0.001949768,20,0,7.2,1,Control
106,108,I11,0.00153706,20,0,7.2,2,Control
107,109,I11,0.001923145,20,0,7.2,3,Control
108,110,I11,0.003569201,38,0,5.5,1,Temp
109,111,I11,0.004497983,38,0,5.5,2,Temp
110,112,I11,0.003073672,38,0,5.5,3,Temp
111,113,I11,0.00165707,38,0,7.2,1,Temp
112,114,I11,0.001681594,38,0,7.2,2,Temp
113,115,I11,0.001735141,38,0,7.2,3,Temp
114,116,I11,0.000992091,20,0,8,1,Control
115,117,I11,0.000976754,20,0,8,2,Control
116,118,I11,0.001035482,20,0,8,3,Control
117,119,I11,0.000770961,20,0,10,1,Control
118,120,I11,0.000774094,20,0,10,2,Control
119,121,I11,0.000782999,20,0,10,3,Control
120,122,I11,0.002336465,38,0,8,1,Temp
121,123,I11,0.001784498,38,0,8,2,Temp
122,124,I11,0.001866984,38,0,8,3,Temp
123,125,I11,0.001691373,38,0,10,1,Temp
124,126,I11,0.001950262,38,0,10,2,Temp
125,127,I11,0.001754385,38,0,10,3,Temp
126,128,I11,0.001906362,20,0,9,1,Control
127,129,I11,0.001264275,20,0,9,2,Control
128,130,I11,0.001938332,20,0,9,3,Control
129,131,I11,0.000356358,20,0,11,1,Control
130,132,I11,0.000390221,20,0,11,2,Control
131,133,I11,0.00033896,20,0,11,3,Control
132,134,I11,0.001878897,38,0,9,1,Temp
133,135,I11,0.001832579,38,0,9,2,Temp
134,136,I11,0.001701407,38,0,9,3,Temp
135,137,I11,0.001591562,38,0,11,1,Temp
136,138,I11,0.001737461,38,0,11,2,Temp
137,139,I11,0.00192559,38,0,11,3,Temp
138,141,I11,0.001715091,20,20,6,1,Sal
139,142,I11,0.001809275,20,20,6,2,Sal
140,143,I11,0.001777073,20,20,6,3,Sal
141,144,I11,0.001491781,38,20,6,1,Sal_Temp
142,145,I11,0.001562017,38,20,6,2,Sal_Temp
143,146,I11,0.001640969,38,20,6,3,Sal_Temp
144,147,I11,0.001178851,20,20,5.5,1,Sal
145,148,I11,0.000976055,20,20,5.5,2,Sal
146,150,I11,0.001813743,20,20,7.2,1,Sal
147,151,I11,0.001871988,20,20,7.2,2,Sal
148,152,I11,0.001921531,20,20,7.2,3,Sal
149,153,I11,0.001550532,38,20,5.5,1,Sal_Temp
150,154,I11,0.001774969,38,20,5.5,2,Sal_Temp
151,155,I11,0.001640448,38,20,5.5,3,Sal_Temp
152,156,I11,0.00149661,38,20,7.2,1,Sal_Temp
153,157,I11,0.001492906,38,20,7.2,2,Sal_Temp
154,158,I11,0.001505368,38,20,7.2,3,Sal_Temp
155,159,I11,0.001573816,20,20,8,1,Sal
156,160,I11,0.00161285,20,20,8,2,Sal
157,161,I11,0.001644487,20,20,8,3,Sal
158,162,I11,0.001889265,20,20,10,1,Sal
159,163,I11,0.001936999,20,20,10,2,Sal
160,164,I11,0.001928835,20,20,10,3,Sal
161,165,I11,0.002214601,38,20,8,1,Sal_Temp
162,166,I11,0.001688219,38,20,8,2,Sal_Temp
163,167,I11,0.001669347,38,20,8,3,Sal_Temp
164,168,I11,0.001549998,38,20,10,1,Sal_Temp
165,169,I11,0.001557731,38,20,10,2,Sal_Temp
166,170,I11,0.00157353,38,20,10,3,Sal_Temp
167,171,I11,0.001754984,20,20,9,1,Sal
168,172,I11,0.001779025,20,20,9,2,Sal
169,173,I11,0.001778436,20,20,9,3,Sal
170,174,I11,0.001800037,20,20,11,1,Sal
171,175,I11,0.001892292,20,20,11,2,Sal
172,176,I11,0.001811262,20,20,11,3,Sal
173,177,I11,0.001667264,38,20,9,1,Sal_Temp
174,178,I11,0.001650435,38,20,9,2,Sal_Temp
175,179,I11,0.00166932,38,20,9,3,Sal_Temp
176,180,I11,0.001518701,38,20,11,1,Sal_Temp
177,181,I11,0.001596187,38,20,11,2,Sal_Temp
178,182,I11,0.001513689,38,20,11,3,Sal_Temp
179,183,I15,0.00179309,20,0,4,1,Control
180,184,I15,0.00178828,20,0,4,2,Control
181,185,I15,0.001768921,20,0,4,3,Control
182,186,I15,0.002513488,20,0,6,1,Control
183,187,I15,0.002487072,20,0,6,2,Control
184,188,I15,0.002488283,20,0,6,3,Control
185,189,I15,0.001208766,38,0,4,1,Temp
186,190,I15,0.001301691,38,0,4,2,Temp
187,191,I15,0.001463575,38,0,4,3,Temp
188,192,I15,0.002400103,38,0,6,1,Temp
189,193,I15,0.002434838,38,0,6,2,Temp
190,194,I15,0.002496246,38,0,6,3,Temp
191,195,I15,0.002381794,20,0,5.5,1,Control
192,196,I15,0.002361925,20,0,5.5,2,Control
193,197,I15,0.002375714,20,0,5.5,3,Control
194,198,I15,0.002539639,20,0,7.2,1,Control
195,199,I15,0.002545354,20,0,7.2,2,Control
196,200,I15,0.002505298,20,0,7.2,3,Control
197,201,I15,0.002004578,38,0,5.5,1,Temp
198,202,I15,0.001931615,38,0,5.5,2,Temp
199,203,I15,0.001383665,38,0,5.5,3,Temp
200,204,I15,0.002545746,38,0,7.2,1,Temp
201,205,I15,0.002423074,38,0,7.2,2,Temp
202,206,I15,0.002468833,38,0,7.2,3,Temp
203,207,I15,0.002178039,20,0,8,1,Control
204,208,I15,0.001716127,20,0,8,2,Control
205,209,I15,0.0022306,20,0,8,3,Control
206,210,I15,0.002894748,20,0,10,1,Control
207,211,I15,0.002787376,20,0,10,2,Control
208,212,I15,0.002703136,20,0,10,3,Control
209,213,I15,0.001981366,38,0,8,1,Temp
210,214,I15,0.00198349,38,0,8,2,Temp
211,215,I15,0.002081918,38,0,8,3,Temp
212,216,I15,0.002584152,38,0,10,1,Temp
213,217,I15,0.002778322,38,0,10,2,Temp
214,218,I15,0.002576544,38,0,10,3,Temp
215,219,I15,0.002387709,20,0,9,1,Control
216,220,I15,0.002348711,20,0,9,2,Control
217,221,I15,0.002486809,20,0,9,3,Control
218,222,I15,0.002878081,20,0,11,1,Control
219,223,I15,0.002872367,20,0,11,2,Control
220,224,I15,0.002951783,20,0,11,3,Control
221,225,I15,0.002220328,38,0,9,1,Temp
222,226,I15,0.002452155,38,0,9,2,Temp
223,227,I15,0.001971624,38,0,9,3,Temp
224,228,I15,0.002606269,38,0,11,1,Temp
225,229,I15,0.002384667,38,0,11,2,Temp
226,230,I15,0.003102357,38,0,11,3,Temp
227,231,I15,0.002196261,20,20,4,1,Sal
228,232,I15,0.002156128,20,20,4,2,Sal
229,233,I15,0.002192566,20,20,4,3,Sal
230,234,I15,0.003441791,20,20,6,1,Sal
231,235,I15,0.003310554,20,20,6,2,Sal
232,236,I15,0.003193055,20,20,6,3,Sal
233,237,I15,0.002872543,38,20,4,1,Sal_Temp
234,238,I15,0.003495165,38,20,4,2,Sal_Temp
235,239,I15,0.00365367,38,20,4,3,Sal_Temp
236,240,I15,0.003690604,38,20,6,1,Sal_Temp
237,241,I15,0.003498485,38,20,6,2,Sal_Temp
238,242,I15,0.002962168,38,20,6,3,Sal_Temp
239,243,I15,0.003042996,20,20,5.5,1,Sal
240,244,I15,0.002312147,20,20,5.5,2,Sal
241,245,I15,0.002335591,20,20,5.5,3,Sal
242,246,I15,0.003491906,20,20,7.2,1,Sal
243,247,I15,0.003344828,20,20,7.2,2,Sal
244,248,I15,0.00339626,20,20,7.2,3,Sal
245,249,I15,0.003209964,38,20,5.5,1,Sal_Temp
246,250,I15,0.003477814,38,20,5.5,2,Sal_Temp
247,252,I15,0.00386635,38,20,7.2,1,Sal_Temp
248,253,I15,0.003183645,38,20,7.2,2,Sal_Temp
249,254,I15,0.003252471,38,20,7.2,3,Sal_Temp
250,255,I15,0.00302629,20,20,8,1,Sal
251,256,I15,0.003006727,20,20,8,2,Sal
252,257,I15,0.003091893,20,20,8,3,Sal
253,258,I15,0.002860074,20,20,10,1,Sal
254,259,I15,0.003539529,20,20,10,2,Sal
255,260,I15,0.002809573,20,20,10,3,Sal
256,261,I15,0.003574467,38,20,8,1,Sal_Temp
257,262,I15,0.003776965,38,20,8,2,Sal_Temp
258,263,I15,0.004166735,38,20,8,3,Sal_Temp
259,264,I15,0.004015897,38,20,10,1,Sal_Temp
260,265,I15,0.003305526,38,20,10,2,Sal_Temp
261,266,I15,0.003396507,38,20,10,3,Sal_Temp
262,267,I15,0.00322928,20,20,9,1,Sal
263,268,I15,0.003284765,20,20,9,2,Sal
264,269,I15,0.00329134,20,20,9,3,Sal
265,270,I15,0.00396779,20,20,11,1,Sal
266,271,I15,0.003978886,20,20,11,2,Sal
267,272,I15,0.004111461,20,20,11,3,Sal
268,273,I15,0.003340817,38,20,9,1,Sal_Temp
269,274,I15,0.003630956,38,20,9,2,Sal_Temp
270,275,I15,0.004254442,38,20,9,3,Sal_Temp
271,276,I15,0.00418134,38,20,11,1,Sal_Temp
272,277,I15,0.004104305,38,20,11,2,Sal_Temp
273,278,I15,0.003589122,38,20,11,3,Sal_Temp
274,279,I20,0.001334345,20,0,4,1,Control
275,280,I20,0.0016758,20,0,4,2,Control
276,281,I20,0.001850772,20,0,4,3,Control
277,282,I20,0.00219777,20,0,6,1,Control
278,283,I20,0.002893302,20,0,6,2,Control
279,284,I20,0.002794891,20,0,6,3,Control
280,285,I20,0.002964596,38,0,4,3,Temp
281,286,I20,0.004218241,38,0,6,1,Temp
282,287,I20,0.004134724,38,0,6,2,Temp
283,288,I20,0.004528493,38,0,6,3,Temp
284,289,I20,0.002640589,20,0,5.5,1,Control
285,290,I20,0.002746901,20,0,5.5,2,Control
286,291,I20,0.00271462,20,0,5.5,3,Control
287,292,I20,0.002893982,20,0,7.2,1,Control
288,293,I20,0.002895683,20,0,7.2,2,Control
289,294,I20,0.002878548,20,0,7.2,3,Control
290,295,I20,0.003890119,38,0,5.5,1,Temp
291,296,I20,0.003789361,38,0,5.5,2,Temp
292,297,I20,0.003557143,38,0,5.5,3,Temp
293,298,I20,0.004234364,38,0,7.2,1,Temp
294,299,I20,0.004007393,38,0,7.2,2,Temp
295,300,I20,0.00439707,38,0,7.2,3,Temp
296,301,I20,0.002759815,20,0,8,1,Control
297,302,I20,0.00274922,20,0,8,2,Control
298,303,I20,0.002815611,20,0,8,3,Control
299,304,I20,0.00280695,20,0,10,1,Control
300,305,I20,0.002892517,20,0,10,2,Control
301,306,I20,0.002744853,20,0,10,3,Control
302,307,I20,0.003777015,38,0,8,1,Temp
303,308,I20,0.003747112,38,0,8,2,Temp
304,309,I20,0.003640415,38,0,8,3,Temp
305,310,I20,0.00412696,38,0,10,1,Temp
306,311,I20,0.004214696,38,0,10,2,Temp
307,312,I20,0.004703289,38,0,10,3,Temp
308,313,I20,0.00289134,20,0,9,1,Control
309,314,I20,0.002258369,20,0,9,2,Control
310,315,I20,0.003135069,20,0,9,3,Control
311,316,I20,0.002840125,20,0,11,1,Control
312,317,I20,0.002828353,20,0,11,2,Control
313,318,I20,0.002790042,20,0,11,3,Control
314,319,I20,0.003867317,38,0,9,1,Temp
315,320,I20,0.003793284,38,0,9,2,Temp
316,321,I20,0.003620734,38,0,9,3,Temp
317,322,I20,0.004172191,38,0,11,1,Temp
318,323,I20,0.004320293,38,0,11,2,Temp
319,324,I20,0.004867126,38,0,11,3,Temp
320,325,I20,0.002151318,20,20,6,1,Sal
321,326,I20,0.002037547,20,20,6,2,Sal
322,327,I20,0.002038153,20,20,6,3,Sal
323,328,I20,0.000244748,38,20,4,1,Sal_Temp
324,329,I20,0.001136475,38,20,4,2,Sal_Temp
325,330,I20,0,38,20,4,3,Sal_Temp
326,331,I20,0.002411547,38,20,6,1,Sal_Temp
327,332,I20,0.002565746,38,20,6,2,Sal_Temp
328,333,I20,0.003142066,38,20,6,3,Sal_Temp
329,334,I20,0.002099864,20,20,5.5,1,Sal
330,335,I20,0.002060838,20,20,5.5,2,Sal
331,336,I20,0.002139071,20,20,5.5,3,Sal
332,337,I20,0.002022951,20,20,7.2,1,Sal
333,338,I20,0.002125147,20,20,7.2,2,Sal
334,339,I20,0.00202024,20,20,7.2,3,Sal
335,340,I20,0.002297203,38,20,5.5,1,Sal_Temp
336,341,I20,0.002099832,38,20,5.5,2,Sal_Temp
337,342,I20,0.001819252,38,20,5.5,3,Sal_Temp
338,343,I20,0.002805154,38,20,7.2,1,Sal_Temp
339,344,I20,0.003018015,38,20,7.2,2,Sal_Temp
340,345,I20,0.002859618,38,20,7.2,3,Sal_Temp
341,346,I20,0.001554324,20,20,8,1,Sal
342,347,I20,0.002236932,20,20,8,2,Sal
343,348,I20,0.002299539,20,20,8,3,Sal
344,349,I20,0.00192591,20,20,10,1,Sal
345,350,I20,0.001925589,20,20,10,2,Sal
346,351,I20,0.001978003,20,20,10,3,Sal
347,352,I20,0.002425426,38,20,8,1,Sal_Temp
348,353,I20,0.00269573,38,20,8,2,Sal_Temp
349,354,I20,0.002771604,38,20,8,3,Sal_Temp
350,355,I20,0.002169306,38,20,10,1,Sal_Temp
351,356,I20,0.002274971,38,20,10,2,Sal_Temp
352,357,I20,0.002252916,38,20,10,3,Sal_Temp
353,358,I20,0.002258158,20,20,9,1,Sal
354,359,I20,0.002224816,20,20,9,2,Sal
355,360,I20,0.00225936,20,20,9,3,Sal
356,361,I20,0.001835586,20,20,11,1,Sal
357,362,I20,0.001849004,20,20,11,2,Sal
358,363,I20,0.001836135,20,20,11,3,Sal
359,364,I20,0.002305876,38,20,9,1,Sal_Temp
360,365,I20,0.00209553,38,20,9,2,Sal_Temp
361,366,I20,0.002226738,38,20,9,3,Sal_Temp
362,367,I20,0.001655143,38,20,11,1,Sal_Temp
363,368,I20,0.001690382,38,20,11,2,Sal_Temp
364,369,I20,0.001774581,38,20,11,3,Sal_Temp
365,370,I22,0.002927549,20,0,4,1,Control
366,371,I22,0.002405893,20,0,4,2,Control
367,372,I22,0.002934754,20,0,4,3,Control
368,373,I22,0.003236089,20,0,6,1,Control
369,374,I22,0.003005682,20,0,6,2,Control
370,375,I22,0.002864171,20,0,6,3,Control
371,376,I22,0.002710273,20,0,5.5,1,Control
372,377,I22,0.002861598,20,0,5.5,2,Control
373,378,I22,0.002945811,20,0,5.5,3,Control
374,379,I22,0.003185518,20,0,7.2,1,Control
375,380,I22,0.003293589,20,0,7.2,2,Control
377,382,I22,0.002510939,20,0,8,1,Control
378,383,I22,0.002834205,20,0,8,2,Control
379,384,I22,0.002519635,20,0,8,3,Control
380,385,I22,0.003254341,20,0,10,1,Control
381,386,I22,0.003176809,20,0,10,2,Control
382,387,I22,0.003443901,20,0,10,3,Control
383,388,I22,0.003460963,20,0,9,1,Control
384,389,I22,0.003467555,20,0,9,2,Control
385,390,I22,0.002903342,20,0,9,3,Control
386,391,I22,0.003634122,20,0,11,1,Control
387,392,I22,0.003276899,20,0,11,2,Control
388,393,I22,0.003698639,20,0,11,3,Control
389,394,I22,0.002488223,20,20,4,1,Sal
390,395,I22,0.002533929,20,20,4,2,Sal
391,396,I22,0.002435955,20,20,4,3,Sal
392,397,I22,0.00344677,20,20,6,1,Sal
393,398,I22,0.003817056,20,20,6,2,Sal
394,399,I22,0.003242121,20,20,6,3,Sal
395,400,I22,0.001264456,38,20,4,1,Sal_Temp
396,401,I22,0.001481344,38,20,4,2,Sal_Temp
397,402,I22,0.001120166,38,20,4,3,Sal_Temp
398,403,I22,0.004434262,38,20,6,1,Sal_Temp
399,404,I22,0.003177896,38,20,6,2,Sal_Temp
400,405,I22,0.00229715,38,20,6,3,Sal_Temp
401,406,I22,0.003152484,20,20,5.5,1,Sal
402,407,I22,0.003261067,20,20,5.5,2,Sal
403,408,I22,0.003207988,20,20,5.5,3,Sal
404,409,I22,0.003225895,20,20,7.2,1,Sal
405,410,I22,0.003075823,20,20,7.2,2,Sal
406,412,I22,0.0020143,38,20,5.5,1,Sal_Temp
407,413,I22,0.002774849,38,20,5.5,2,Sal_Temp
408,414,I22,0.003337009,38,20,5.5,3,Sal_Temp
409,415,I22,0.004573198,38,20,7.2,1,Sal_Temp
410,416,I22,0.002678127,38,20,7.2,2,Sal_Temp
411,417,I22,0.002532575,38,20,7.2,3,Sal_Temp
412,418,I22,0.00353297,20,20,8,1,Sal
413,419,I22,0.00357507,20,20,8,2,Sal
414,420,I22,0.003450244,20,20,8,3,Sal
415,421,I22,0.003167581,20,20,10,1,Sal
416,422,I22,0.003030296,20,20,10,2,Sal
417,423,I22,0.00369145,20,20,10,3,Sal
418,424,I22,0.001986372,38,20,8,1,Sal_Temp
419,425,I22,0.002576675,38,20,8,2,Sal_Temp
420,426,I22,0.002729295,38,20,8,3,Sal_Temp
421,427,I22,0.003878388,38,20,10,1,Sal_Temp
422,428,I22,0.003439798,38,20,10,2,Sal_Temp
423,429,I22,0.002445211,38,20,10,3,Sal_Temp
424,430,I22,0.003021402,20,20,9,1,Sal
425,431,I22,0.00311263,20,20,9,2,Sal
426,432,I22,0.003120998,20,20,9,3,Sal
427,433,I22,0.002572102,20,20,11,1,Sal
428,434,I22,0.002646706,20,20,11,2,Sal
429,435,I22,0.003054051,20,20,11,3,Sal
430,436,I22,0.00261512,38,20,9,1,Sal_Temp
431,437,I22,0.002849947,38,20,9,2,Sal_Temp
432,438,I22,0.003047802,38,20,9,3,Sal_Temp
433,439,I22,0.003495391,38,20,11,1,Sal_Temp
434,440,I22,0.003464454,38,20,11,2,Sal_Temp
435,441,I22,0.00350764,38,20,11,3,Sal_Temp
436,443,D17,0.001285973,20,0,4,2,Control
437,444,D17,0.001317491,20,0,4,3,Control
438,445,D17,0.001900033,20,0,6,1,Control
439,446,D17,0.001907937,20,0,6,2,Control
440,447,D17,0.001879358,20,0,6,3,Control
441,448,D17,0.001995487,38,0,6,1,Temp
442,449,D17,0.001831667,38,0,6,2,Temp
443,450,D17,0.00169983,38,0,6,3,Temp
444,451,D17,0.001463862,20,0,5.5,1,Control
445,452,D17,0.001497968,20,0,5.5,2,Control
446,453,D17,0.001460168,20,0,5.5,3,Control
447,454,D17,0.001711298,20,0,7.2,1,Control
448,455,D17,0.002055648,20,0,7.2,2,Control
449,456,D17,0.001764849,20,0,7.2,3,Control
450,457,D17,0.002149254,38,0,5.5,1,Temp
451,458,D17,0.002480607,38,0,5.5,2,Temp
452,459,D17,0.002483998,38,0,5.5,3,Temp
453,460,D17,0.001739034,38,0,7.2,1,Temp
454,461,D17,0.001669642,38,0,7.2,2,Temp
455,462,D17,0.001492708,38,0,7.2,3,Temp
456,463,D17,0.001888427,20,0,8,1,Control
457,464,D17,0.001786411,20,0,8,2,Control
458,465,D17,0.001870363,20,0,8,3,Control
459,466,D17,0.001601334,20,0,10,1,Control
460,467,D17,0.001525821,20,0,10,2,Control
461,468,D17,0.001615128,20,0,10,3,Control
462,469,D17,0.002612669,38,0,8,1,Temp
463,470,D17,0.002245164,38,0,8,2,Temp
464,471,D17,0.002473848,38,0,8,3,Temp
465,472,D17,0.001307772,38,0,10,1,Temp
466,473,D17,0.001442855,38,0,10,2,Temp
467,474,D17,0.001765438,38,0,10,3,Temp
468,475,D17,0.00159478,20,0,9,1,Control
469,476,D17,0.002097606,20,0,9,2,Control
470,477,D17,0.001964597,20,0,9,3,Control
471,478,D17,0.001467645,20,0,11,1,Control
472,479,D17,0.001527606,20,0,11,2,Control
473,480,D17,0.001544465,20,0,11,3,Control
474,481,D17,0.00237988,38,0,9,1,Temp
475,482,D17,0.002000197,38,0,9,2,Temp
476,483,D17,0.001880647,38,0,9,3,Temp
477,484,D17,0.001023397,38,0,11,1,Temp
478,485,D17,0.001238034,38,0,11,2,Temp
479,486,D17,0.001408732,38,0,11,3,Temp
480,487,D17,0.000801108,20,20,4,1,Sal
481,488,D17,0.000749392,20,20,4,2,Sal
482,489,D17,0.000651703,20,20,4,3,Sal
483,490,D17,0.001311386,20,20,6,1,Sal
484,491,D17,0.001298038,20,20,6,2,Sal
485,492,D17,0.001283112,20,20,6,3,Sal
486,493,D17,0.000764071,38,20,4,1,Sal_Temp
487,494,D17,0.000746351,38,20,4,2,Sal_Temp
488,495,D17,0.000681055,38,20,4,3,Sal_Temp
489,496,D17,0.00129808,38,20,6,1,Sal_Temp
490,497,D17,0.001513904,38,20,6,2,Sal_Temp
491,498,D17,0.001401286,38,20,6,3,Sal_Temp
492,500,D17,0.001828238,20,20,5.5,2,Sal
493,501,D17,0.001863697,20,20,5.5,3,Sal
494,502,D17,0.001174387,20,20,7.2,1,Sal
495,503,D17,0.001278628,20,20,7.2,2,Sal
496,504,D17,0.001284259,20,20,7.2,3,Sal
497,505,D17,0.002274548,38,20,5.5,1,Sal_Temp
498,506,D17,0.002052408,38,20,5.5,2,Sal_Temp
499,507,D17,0.001704367,38,20,5.5,3,Sal_Temp
500,508,D17,0.001270298,38,20,7.2,1,Sal_Temp
501,509,D17,0.001077816,38,20,7.2,2,Sal_Temp
502,510,D17,0.00101604,38,20,7.2,3,Sal_Temp
503,511,D17,0.001676149,20,20,8,1,Sal
504,512,D17,0.001628237,20,20,8,2,Sal
505,513,D17,0.001686102,20,20,8,3,Sal
506,514,D17,0.000880162,20,20,10,1,Sal
507,515,D17,0.000862003,20,20,10,2,Sal
508,516,D17,0.000800896,20,20,10,3,Sal
509,517,D17,0.001800321,38,20,8,1,Sal_Temp
510,518,D17,0.002033128,38,20,8,2,Sal_Temp
511,519,D17,0.00123158,38,20,8,3,Sal_Temp
512,520,D17,0.001463993,20,20,9,1,Sal
513,521,D17,0.001402352,20,20,9,2,Sal
514,522,D17,0.000883976,20,20,9,3,Sal
515,523,D17,0.000932366,20,20,11,1,Sal
516,524,D17,0.000748708,20,20,11,2,Sal
517,525,D17,0.000904604,20,20,11,3,Sal
518,526,D17,0.001290421,38,20,9,1,Sal_Temp
519,527,D17,0.001624004,38,20,9,2,Sal_Temp
520,528,D17,0.001496873,38,20,9,3,Sal_Temp
521,529,I2,0.00148376,20,0,4,1,Control
522,530,I2,0.001289834,20,0,4,2,Control
523,531,I2,0.001198125,20,0,4,3,Control
524,532,I2,0.002426378,20,0,6,1,Control
525,533,I2,0.002517717,20,0,6,2,Control
526,534,I2,0.002415113,20,0,6,3,Control
527,535,I2,0.001961376,38,0,6,1,Temp
528,536,I2,0.001771007,38,0,6,2,Temp
529,538,I2,0.002258484,20,0,5.5,1,Control
530,539,I2,0.002034148,20,0,5.5,2,Control
531,540,I2,0.002208431,20,0,5.5,3,Control
532,541,I2,0.002474667,20,0,7.2,1,Control
533,542,I2,0.002618214,20,0,7.2,2,Control
534,543,I2,0.002545796,20,0,7.2,3,Control
535,544,I2,0.000707404,38,0,7.2,1,Temp
536,545,I2,0.000585538,38,0,7.2,2,Temp
537,546,I2,0.000394082,38,0,7.2,3,Temp
538,547,I2,0.002251043,20,0,8,1,Control
539,548,I2,0.002157545,20,0,8,2,Control
540,549,I2,0.002404815,20,0,8,3,Control
541,550,I2,0.002825066,20,0,10,1,Control
542,551,I2,0.002957196,20,0,10,2,Control
543,552,I2,0.002743231,20,0,10,3,Control
544,553,I2,0.000762042,38,0,10,1,Temp
545,554,I2,0.000929037,38,0,10,2,Temp
546,555,I2,0.000479684,38,0,10,3,Temp
547,556,I2,0.002412592,20,0,9,1,Control
548,557,I2,0.002409761,20,0,9,2,Control
549,558,I2,0.00239606,20,0,9,3,Control
550,559,I2,0.002712831,20,0,11,1,Control
551,560,I2,0.002869288,20,0,11,2,Control
552,561,I2,0.002754481,20,0,11,3,Control
553,562,I2,0.000761293,38,0,9,1,Temp
554,563,I2,0.000429645,38,0,9,2,Temp
555,564,I2,0.000752296,38,0,9,3,Temp
556,565,I2,0.001156444,38,0,11,1,Temp
557,566,I2,0.001206201,38,0,11,2,Temp
558,567,I2,0.001165906,38,0,11,3,Temp
559,568,I2,0.00099309,20,20,4,1,Sal
560,569,I2,0.000989685,20,20,4,2,Sal
561,570,I2,0.001003968,20,20,4,3,Sal
562,571,I2,0.003222473,20,20,6,1,Sal
563,572,I2,0.00323966,20,20,6,2,Sal
564,573,I2,0.00334928,20,20,6,3,Sal
565,574,I2,0.002576634,38,20,6,1,Sal_Temp
566,575,I2,0.002738585,38,20,6,2,Sal_Temp
567,576,I2,0.002202927,38,20,6,3,Sal_Temp
568,577,I2,0.001966168,20,20,5.5,1,Sal
569,578,I2,0.00193128,20,20,5.5,2,Sal
570,579,I2,0.001861409,20,20,5.5,3,Sal
571,580,I2,0.003210558,20,20,7.2,1,Sal
572,581,I2,0.003197148,20,20,7.2,2,Sal
573,582,I2,0.003267247,20,20,7.2,3,Sal
574,583,I2,8.28E-05,38,20,5.5,3,Sal_Temp
575,584,I2,0.003181305,38,20,7.2,1,Sal_Temp
576,585,I2,0.00237217,38,20,7.2,2,Sal_Temp
577,586,I2,0.001985683,38,20,7.2,3,Sal_Temp
578,587,I2,0.002871992,20,20,8,1,Sal
579,588,I2,0.002915368,20,20,8,2,Sal
580,589,I2,0.003034912,20,20,8,3,Sal
581,590,I2,0.002316375,20,20,10,1,Sal
582,591,I2,0.002216864,20,20,10,2,Sal
583,592,I2,0.002302109,20,20,10,3,Sal
584,593,I2,0.001138095,38,20,8,1,Sal_Temp
585,594,I2,0.00113887,38,20,8,2,Sal_Temp
586,595,I2,0.001211227,38,20,8,3,Sal_Temp
587,596,I2,0.003232865,38,20,10,1,Sal_Temp
588,597,I2,0.003071387,38,20,10,2,Sal_Temp
589,598,I2,0.002298768,38,20,10,3,Sal_Temp
590,599,I2,0.0025828,20,20,9,1,Sal
591,600,I2,0.002652191,20,20,9,2,Sal
592,601,I2,0.002308036,20,20,9,3,Sal
593,602,I2,0.00204122,20,20,11,1,Sal
594,603,I2,0.002238815,20,20,11,2,Sal
595,604,I2,0.002343651,20,20,11,3,Sal
596,605,I2,0.002847732,38,20,9,1,Sal_Temp
597,606,I2,0.002733374,38,20,9,2,Sal_Temp
598,607,I2,0.002738212,38,20,9,3,Sal_Temp
599,608,I2,0.003152594,38,20,11,1,Sal_Temp
600,609,I2,0.003129772,38,20,11,2,Sal_Temp
601,610,I2,0.002838487,38,20,11,3,Sal_Temp
602,611,I8,0.003084124,20,0,4,1,Control
603,612,I8,0.002996066,20,0,4,2,Control
604,613,I8,0.003097494,20,0,4,3,Control
605,614,I8,0.002653959,20,0,6,1,Control
606,615,I8,0.002788309,20,0,6,2,Control
607,616,I8,0.002619907,20,0,6,3,Control
608,617,I8,0.002230796,38,0,6,1,Temp
609,618,I8,0.00226635,38,0,6,2,Temp
610,619,I8,0.001735392,38,0,6,3,Temp
611,620,I8,0.002822609,20,0,5.5,1,Control
612,621,I8,0.002766295,20,0,5.5,2,Control
613,622,I8,0.002530787,20,0,5.5,3,Control
614,623,I8,0.002628725,20,0,7.2,1,Control
615,624,I8,0.002542844,20,0,7.2,2,Control
616,625,I8,0.002520697,20,0,7.2,3,Control
617,626,I8,0.000421816,38,0,5.5,2,Temp
618,628,I8,0.002012806,38,0,7.2,1,Temp
619,629,I8,0.002005719,38,0,7.2,2,Temp
620,630,I8,0.002156174,38,0,7.2,3,Temp
621,631,I8,0.003035083,20,0,8,1,Control
622,632,I8,0.002910677,20,0,8,2,Control
623,633,I8,0.003205527,20,0,8,3,Control
624,634,I8,0.002541001,20,0,10,1,Control
625,635,I8,0.002773509,20,0,10,2,Control
626,636,I8,0.002559554,20,0,10,3,Control
627,637,I8,0.002494154,38,0,8,1,Temp
628,638,I8,0.002019068,38,0,8,2,Temp
629,639,I8,0.002907301,38,0,8,3,Temp
630,640,I8,0.001880928,38,0,10,1,Temp
631,641,I8,0.001785492,38,0,10,2,Temp
632,642,I8,0.001736615,38,0,10,3,Temp
633,643,I8,0.002370812,20,0,9,1,Control
634,644,I8,0.002656509,20,0,9,2,Control
635,645,I8,0.002468882,20,0,9,3,Control
636,646,I8,0.0028649,20,0,11,1,Control
637,647,I8,0.002941952,20,0,11,2,Control
638,648,I8,0.003078242,20,0,11,3,Control
639,649,I8,0.002799232,38,0,9,1,Temp
640,650,I8,0.002437497,38,0,9,2,Temp
641,651,I8,0.00302984,38,0,9,3,Temp
642,652,I8,0.001707264,38,0,11,1,Temp
643,653,I8,0.002060417,38,0,11,2,Temp
644,654,I8,0.002276736,38,0,11,3,Temp
645,655,I8,0.002016489,20,20,4,1,Sal
646,656,I8,0.002185889,20,20,4,2,Sal
647,657,I8,0.002065575,20,20,4,3,Sal
648,658,I8,0.001330737,20,20,6,1,Sal
649,659,I8,0.001306704,20,20,6,2,Sal
650,660,I8,0.001295277,20,20,6,3,Sal
651,661,I8,0.001361496,38,20,6,1,Sal_Temp
652,662,I8,0.001626158,38,20,6,2,Sal_Temp
653,663,I8,0.001675428,38,20,6,3,Sal_Temp
654,664,I8,0.001471698,20,20,5.5,1,Sal
655,665,I8,0.001484906,20,20,5.5,2,Sal
656,666,I8,0.001378006,20,20,5.5,3,Sal
657,667,I8,0.001710619,20,20,7.2,1,Sal
658,668,I8,0.001697565,20,20,7.2,2,Sal
659,669,I8,0.001679315,20,20,7.2,3,Sal
660,670,I8,0.001995498,38,20,5.5,1,Sal_Temp
661,671,I8,0.001915232,38,20,5.5,2,Sal_Temp
662,672,I8,0.001860589,38,20,5.5,3,Sal_Temp
663,673,I8,0.001634206,38,20,7.2,1,Sal_Temp
664,674,I8,0.001844128,38,20,7.2,2,Sal_Temp
665,675,I8,0.002331547,38,20,7.2,3,Sal_Temp
666,677,I8,0.001176151,20,20,8,2,Sal
667,678,I8,0.001103102,20,20,8,3,Sal
668,679,I8,0.001826501,20,20,10,1,Sal
669,680,I8,0.001773089,20,20,10,2,Sal
670,681,I8,0.001455865,20,20,10,3,Sal
671,682,I8,0.001966833,38,20,8,1,Sal_Temp
672,683,I8,0.002014991,38,20,8,2,Sal_Temp
673,684,I8,0.001961356,38,20,8,3,Sal_Temp
674,685,I8,0.00059232,38,20,10,1,Sal_Temp
675,686,I8,0.001658238,38,20,10,2,Sal_Temp
676,687,I8,0.00029495,38,20,10,3,Sal_Temp
677,688,I8,0.001564389,20,20,9,1,Sal
678,689,I8,0.001613043,20,20,9,2,Sal
679,690,I8,0.001640008,20,20,9,3,Sal
680,691,I8,0.001780453,20,20,11,1,Sal
681,692,I8,0.001303982,20,20,11,2,Sal
682,693,I8,0.00135747,20,20,11,3,Sal
683,694,I8,0.001381681,38,20,9,1,Sal_Temp
684,695,I8,0.001469829,38,20,9,2,Sal_Temp
685,696,I8,0.00166129,38,20,9,3,Sal_Temp
686,697,I18,0.002705718,20,0,6,1,Control
687,698,I18,0.002623119,20,0,6,2,Control
688,699,I18,0.002305409,20,0,6,3,Control
689,701,I18,0.006555274,38,0,6,2,Temp
690,702,I18,0.006020125,38,0,6,3,Temp
691,703,I18,0.001149744,20,0,5.5,1,Control
692,704,I18,0.000355785,20,0,5.5,2,Control
693,705,I18,0.00093296,20,0,5.5,3,Control
694,706,I18,0.001891524,20,0,7.2,1,Control
695,707,I18,0.001884549,20,0,7.2,2,Control
696,708,I18,0.001809738,20,0,7.2,3,Control
697,709,I18,0.002632569,38,0,7.2,1,Temp
698,710,I18,0.002258818,38,0,7.2,2,Temp
699,712,I18,0.001761084,20,0,8,1,Control
700,713,I18,0.001799512,20,0,8,2,Control
701,714,I18,0.001568752,20,0,8,3,Control
702,715,I18,0.003207855,20,0,10,1,Control
703,716,I18,0.003203221,20,0,10,2,Control
704,717,I18,0.003245773,20,0,10,3,Control
708,721,I18,0.00446281,38,0,10,1,Temp
709,722,I18,0.004785342,38,0,10,2,Temp
710,723,I18,0.00470512,38,0,10,3,Temp
711,724,I18,0.003415528,20,0,9,1,Control
712,725,I18,0.003293524,20,0,9,2,Control
713,726,I18,0.002164264,20,0,9,3,Control
714,727,I18,0.00372949,20,0,11,1,Control
715,728,I18,0.003808428,20,0,11,2,Control
716,729,I18,0.003745448,20,0,11,3,Control
717,730,I18,0.006360287,38,0,9,1,Temp
718,731,I18,0.003496199,38,0,9,2,Temp
719,732,I18,0.002860658,38,0,9,3,Temp
720,733,I18,0.005205401,38,0,11,1,Temp
721,734,I18,0.005557949,38,0,11,2,Temp
722,735,I18,0.004967209,38,0,11,3,Temp
723,736,I18,0.002681979,20,20,6,1,Sal
724,737,I18,0.003081623,20,20,6,2,Sal
725,738,I18,0.0027211,20,20,6,3,Sal
726,739,I18,0.002497525,38,20,6,1,Sal_Temp
727,740,I18,0.002740231,38,20,6,2,Sal_Temp
728,741,I18,0.002837186,38,20,6,3,Sal_Temp
729,742,I18,0.00179928,20,20,5.5,1,Sal
730,743,I18,0.00211973,20,20,5.5,2,Sal
731,744,I18,0.001827132,20,20,5.5,3,Sal
732,745,I18,0.00249058,20,20,7.2,1,Sal
733,746,I18,0.00271936,20,20,7.2,2,Sal
734,747,I18,0.002552586,20,20,7.2,3,Sal
735,749,I18,0.004065754,38,20,7.2,1,Sal_Temp
736,750,I18,0.003465306,38,20,7.2,2,Sal_Temp
737,751,I18,0.003183974,38,20,7.2,3,Sal_Temp
738,752,I18,0.002353214,20,20,8,1,Sal
739,753,I18,0.002341535,20,20,8,2,Sal
740,754,I18,0.00233798,20,20,8,3,Sal
741,755,I18,0.00356041,20,20,10,1,Sal
742,756,I18,0.003716689,20,20,10,2,Sal
743,757,I18,0.003394522,20,20,10,3,Sal
744,759,I18,0.005301299,38,20,8,2,Sal_Temp
745,760,I18,0.005600639,38,20,8,3,Sal_Temp
746,761,I18,0.006908793,38,20,10,1,Sal_Temp
747,762,I18,0.007348271,38,20,10,2,Sal_Temp
748,763,I18,0.005612457,38,20,10,3,Sal_Temp
749,764,I18,0.004067107,20,20,9,1,Sal
750,765,I18,0.003749181,20,20,9,2,Sal
751,766,I18,0.003631321,20,20,9,3,Sal
752,767,I18,0.003922222,20,20,11,1,Sal
753,768,I18,0.003417305,20,20,11,2,Sal
754,769,I18,0.003902723,20,20,11,3,Sal
757,772,I18,0.002484709,38,20,9,3,Sal_Temp
758,773,I18,0.007054218,38,20,11,1,Sal_Temp
759,774,I18,0.008491857,38,20,11,2,Sal_Temp
760,775,I18,0.007740202,38,20,11,3,Sal_Temp
761,776,I23,0.003142962,20,0,4,1,Control
762,777,I23,0.00326028,20,0,4,2,Control
763,778,I23,0.00291059,20,0,4,3,Control
764,779,I23,0.002119499,20,0,6,1,Control
765,780,I23,0.002538159,20,0,6,2,Control
766,781,I23,0.002550735,20,0,6,3,Control
767,782,I23,0.002641653,20,0,5.5,1,Control
768,783,I23,0.002701658,20,0,5.5,2,Control
769,784,I23,0.002591262,20,0,5.5,3,Control
770,785,I23,0.002270327,20,0,7.2,1,Control
771,786,I23,0.002254275,20,0,7.2,2,Control
772,787,I23,0.002192956,20,0,7.2,3,Control
774,789,I23,0.002712138,20,0,8,1,Control
775,790,I23,0.002744558,20,0,8,2,Control
776,791,I23,0.002712379,20,0,8,3,Control
777,792,I23,0.002246656,20,0,10,1,Control
778,793,I23,0.002292268,20,0,10,2,Control
779,794,I23,0.002242314,20,0,10,3,Control
780,795,I23,0.002189825,20,0,9,1,Control
781,796,I23,0.002320264,20,0,9,2,Control
782,797,I23,0.00220747,20,0,9,3,Control
783,798,I23,0.002216764,20,0,11,1,Control
784,799,I23,0.002392665,20,0,11,2,Control
785,800,I23,0.002284595,20,0,11,3,Control
786,801,I23,0,38,0,11,1,Temp
787,802,I23,0.001451294,20,20,4,3,Sal
788,803,I23,0.000769454,20,20,6,1,Sal
789,804,I23,0.000734653,20,20,6,2,Sal
790,805,I23,0.000745904,20,20,6,3,Sal
791,806,I23,0.00112844,20,20,5.5,1,Sal
792,807,I23,0.000892552,20,20,5.5,2,Sal
793,808,I23,0.001342344,20,20,5.5,3,Sal
794,809,I23,0.000903687,20,20,7.2,1,Sal
795,810,I23,0.001371705,20,20,7.2,2,Sal
796,811,I23,0.001211231,20,20,7.2,3,Sal
797,812,I23,0.001444311,20,20,8,1,Sal
798,813,I23,0.001341683,20,20,8,2,Sal
799,814,I23,0.001603281,20,20,8,3,Sal
800,815,I23,0.001673258,20,20,10,1,Sal
801,816,I23,0.001980575,20,20,10,2,Sal
802,817,I23,0.001992741,20,20,10,3,Sal
803,818,I23,0.00146652,20,20,9,1,Sal
804,819,I23,0.001592789,20,20,9,2,Sal
805,820,I23,0.00156006,20,20,9,3,Sal
806,821,I23,0.001022085,20,20,11,1,Sal
807,822,I23,0.00099643,20,20,11,2,Sal
808,823,I23,0.001016642,20,20,11,3,Sal
809,824,D11,0.000409437,20,0,4,1,Control
810,825,D11,0.000231537,20,0,4,2,Control
811,826,D11,0.001178397,20,0,4,3,Control
812,827,D11,0.002101109,20,0,6,1,Control
813,828,D11,0.002110934,20,0,6,2,Control
814,829,D11,0.002093443,20,0,6,3,Control
815,830,D11,0.00289778,38,0,6,1,Temp
816,831,D11,0.00322535,38,0,6,2,Temp
817,832,D11,0.003137241,38,0,6,3,Temp
818,833,D11,0.00200356,20,0,5.5,1,Control
819,834,D11,0.001995737,20,0,5.5,2,Control
820,835,D11,0.001595458,20,0,5.5,3,Control
821,836,D11,0.001533518,20,0,7.2,1,Control
822,837,D11,0.001524776,20,0,7.2,2,Control
823,838,D11,0.001499261,20,0,7.2,3,Control
824,839,D11,0.001747908,38,0,5.5,1,Temp
825,840,D11,0.001597472,38,0,5.5,2,Temp
826,841,D11,0.001603606,38,0,5.5,3,Temp
827,842,D11,0.002956784,38,0,7.2,1,Temp
828,843,D11,0.001966926,38,0,7.2,2,Temp
829,844,D11,0.001863886,38,0,7.2,3,Temp
830,845,D11,0.001557477,20,0,8,1,Control
831,846,D11,0.001518534,20,0,8,2,Control
832,847,D11,0.001604271,20,0,8,3,Control
833,848,D11,0.00148988,20,0,10,1,Control
834,849,D11,0.001522289,20,0,10,2,Control
835,850,D11,0.001471266,20,0,10,3,Control
836,851,D11,0.002512225,38,0,8,1,Temp
837,852,D11,0.002001662,38,0,8,2,Temp
838,853,D11,0.001928732,38,0,8,3,Temp
839,854,D11,0.001617784,38,0,10,1,Temp
840,855,D11,0.001977989,38,0,10,2,Temp
841,856,D11,0.001835658,38,0,10,3,Temp
842,857,D11,0.002197397,20,0,9,1,Control
843,858,D11,0.002151702,20,0,9,2,Control
844,859,D11,0.002180658,20,0,9,3,Control
845,860,D11,0.001594891,20,0,11,1,Control
846,861,D11,0.001668382,20,0,11,2,Control
847,862,D11,0.001628414,20,0,11,3,Control
848,864,D11,0.002781691,38,0,9,2,Temp
849,865,D11,0.002366499,38,0,9,3,Temp
850,866,D11,0.00190571,38,0,11,1,Temp
851,867,D11,0.002206501,38,0,11,2,Temp
852,868,D11,0.002187831,38,0,11,3,Temp
853,869,D11,0.001184633,20,20,6,1,Sal
854,870,D11,0.00126021,20,20,6,2,Sal
855,871,D11,0.001159154,20,20,6,3,Sal
856,872,D11,0.000879035,20,20,5.5,1,Sal
857,873,D11,0.000739328,20,20,5.5,2,Sal
858,874,D11,0.00098712,20,20,5.5,3,Sal
859,875,D11,0.001205523,20,20,7.2,1,Sal
860,876,D11,0.001042369,20,20,7.2,2,Sal
861,877,D11,0.001005712,20,20,7.2,3,Sal
862,878,D11,0.001036674,20,20,8,1,Sal
863,879,D11,0.001156963,20,20,8,2,Sal
864,880,D11,0.001055618,20,20,8,3,Sal
865,881,D11,0.001074991,20,20,10,1,Sal
866,882,D11,0.001140283,20,20,10,2,Sal
867,883,D11,0.001122973,20,20,10,3,Sal
868,884,D11,0.001234443,20,20,9,1,Sal
869,885,D11,0.001268371,20,20,9,2,Sal
870,886,D11,0.001244838,20,20,9,3,Sal
871,887,D11,0.000952824,20,20,11,1,Sal
872,888,D11,0.000992275,20,20,11,2,Sal
873,889,D11,0.000945122,20,20,11,3,Sal
874,890,D14,0.001560855,20,0,6,1,Control
875,891,D14,0.001413251,20,0,6,2,Control
876,892,D14,0.001588661,20,0,6,3,Control
877,893,D14,0.003416362,38,0,6,1,Temp
878,894,D14,0.002805029,38,0,6,2,Temp
879,895,D14,0.003036146,38,0,6,3,Temp
880,896,D14,0.000791075,20,0,5.5,1,Control
881,897,D14,0.000903626,20,0,5.5,2,Control
882,898,D14,0.000986013,20,0,5.5,3,Control
883,899,D14,0.001379157,20,0,7.2,1,Control
884,900,D14,0.001334006,20,0,7.2,2,Control
885,901,D14,0.001366731,20,0,7.2,3,Control
886,902,D14,0.002582326,38,0,7.2,1,Temp
887,903,D14,0.002504631,38,0,7.2,2,Temp
888,904,D14,0.002612379,38,0,7.2,3,Temp
889,905,D14,0.001746168,20,0,8,1,Control
890,906,D14,0.00170182,20,0,8,2,Control
891,907,D14,0.001792494,20,0,8,3,Control
892,908,D14,0.001707251,20,0,10,1,Control
893,909,D14,0.001500665,20,0,10,2,Control
894,910,D14,0.001672354,20,0,10,3,Control
895,911,D14,0.000177684,38,0,8,1,Temp
896,912,D14,0.000439034,38,0,8,2,Temp
897,913,D14,0.000270161,38,0,8,3,Temp
898,914,D14,0.002490264,38,0,10,1,Temp
899,915,D14,0.002669768,38,0,10,2,Temp
900,916,D14,0.002793749,38,0,10,3,Temp
901,917,D14,0.001743407,20,0,9,1,Control
902,918,D14,0.001702658,20,0,9,2,Control
903,919,D14,0.00153286,20,0,9,3,Control
904,920,D14,0.001838651,20,0,11,1,Control
905,921,D14,0.001654466,20,0,11,2,Control
906,922,D14,0.001780254,20,0,11,3,Control
907,923,D14,0.002786569,38,0,9,1,Temp
908,924,D14,0.00272922,38,0,9,2,Temp
909,925,D14,0.002633944,38,0,9,3,Temp
910,926,D14,0.002179001,38,0,11,1,Temp
911,927,D14,0.002575917,38,0,11,2,Temp
912,928,D14,0.002892595,38,0,11,3,Temp
913,929,D14,0.000292925,20,20,6,1,Sal
914,930,D14,0.000184131,20,20,6,2,Sal
915,931,D14,0.000222366,20,20,6,3,Sal
916,932,D14,0.000411276,38,20,6,1,Sal_Temp
917,933,D14,0.000564649,38,20,6,2,Sal_Temp
918,934,D14,0.000650582,38,20,6,3,Sal_Temp
919,935,D14,0.000305035,20,20,7.2,1,Sal
920,936,D14,0.000207581,20,20,7.2,2,Sal
921,937,D14,0.000274401,20,20,7.2,3,Sal
922,938,D14,0.000937832,38,20,7.2,1,Sal_Temp
923,940,D14,0.001135915,38,20,7.2,3,Sal_Temp
924,941,D14,0.000357791,20,20,8,1,Sal
925,942,D14,0.000422585,20,20,8,2,Sal
926,943,D14,0.000348033,20,20,8,3,Sal
927,944,D14,0.00031179,20,20,10,1,Sal
928,945,D14,0.000334029,20,20,10,2,Sal
929,946,D14,0.000333543,20,20,10,3,Sal
930,947,D14,0.000638256,38,20,8,1,Sal_Temp
931,948,D14,0.000836077,38,20,8,2,Sal_Temp
932,949,D14,0.00079902,38,20,8,3,Sal_Temp
933,950,D14,0.001483844,38,20,10,1,Sal_Temp
934,951,D14,0.001075937,38,20,10,2,Sal_Temp
935,952,D14,0.001155733,38,20,10,3,Sal_Temp
936,953,D14,0.00025052,20,20,9,1,Sal
937,954,D14,0.000241182,20,20,9,2,Sal
938,955,D14,0.000243275,20,20,9,3,Sal
939,956,D14,0.000352135,20,20,11,1,Sal
940,957,D14,0.000349436,20,20,11,2,Sal
941,958,D14,0.000351054,20,20,11,3,Sal
942,959,D14,0.000296524,38,20,9,1,Sal_Temp
943,960,D14,0.000360587,38,20,9,2,Sal_Temp
944,961,D14,0.000299619,38,20,9,3,Sal_Temp
945,962,D14,0.000619639,38,20,11,1,Sal_Temp
946,963,D14,0.000838301,38,20,11,2,Sal_Temp
947,964,D14,0.000745433,38,20,11,3,Sal_Temp
948,NA,I11,0,38,0,4,1,Temp
949,NA,I11,0,38,0,4,3,Temp
950,NA,I11,0,20,20,4,1,Sal
951,NA,I11,0,20,20,4,2,Sal
952,NA,I11,0,20,20,4,3,Sal
953,NA,I11,0,20,0,4,1,Control
954,NA,I11,0,20,0,4,2,Control
955,NA,I11,0,20,0,4,3,Control
956,NA,I11,0,38,20,4,1,Sal_Temp
957,NA,I11,0,38,20,4,2,Sal_Temp
958,NA,I11,0,38,20,4,3,Sal_Temp
959,NA,I18,0,38,0,5.5,1,Temp
960,NA,I18,0,38,0,5.5,2,Temp
961,NA,I18,0,38,0,5.5,3,Temp
962,NA,I18,0,38,0,4,1,Temp
963,NA,I18,0,38,0,4,2,Temp
964,NA,I18,0,38,0,4,3,Temp
965,NA,I18,0,20,0,4,1,Control
966,NA,I18,0,20,0,4,2,Control
967,NA,I18,0,20,0,4,3,Control
968,NA,I18,0,20,20,4,1,Sal
969,NA,I18,0,20,20,4,2,Sal
970,NA,I18,0,20,20,4,3,Sal
971,NA,I18,0,38,20,4,1,Sal_Temp
972,NA,I18,0,38,20,4,2,Sal_Temp
973,NA,I18,0,38,20,4,3,Sal_Temp
974,NA,I20,0,20,20,4,1,Sal
975,NA,I20,0,20,20,4,2,Sal
976,NA,I20,0,20,20,4,3,Sal
977,NA,I20,0,38,0,4,1,Temp
978,NA,I20,0,38,0,4,2,Temp
979,NA,I22,0,38,0,4,1,Temp
980,NA,I22,0,38,0,4,2,Temp
981,NA,I22,0,38,0,4,3,Temp
982,NA,I22,0,38,0,6,1,Temp
983,NA,I22,0,38,0,6,2,Temp
984,NA,I22,0,38,0,6,3,Temp
985,NA,I22,0,38,0,5.5,1,Temp
986,NA,I22,0,38,0,5.5,2,Temp
987,NA,I22,0,38,0,5.5,3,Temp
988,NA,I22,0,38,0,7.2,1,Temp
989,NA,I22,0,38,0,7.2,2,Temp
990,NA,I22,0,38,0,7.2,3,Temp
991,NA,I22,0,38,0,8,1,Temp
992,NA,I22,0,38,0,8,2,Temp
993,NA,I22,0,38,0,8,3,Temp
994,NA,I22,0,38,0,10,1,Temp
995,NA,I22,0,38,0,10,2,Temp
996,NA,I22,0,38,0,10,3,Temp
997,NA,I22,0,38,0,9,1,Temp
998,NA,I22,0,38,0,9,2,Temp
999,NA,I22,0,38,0,9,3,Temp
1000,NA,I22,0,38,0,11,1,Temp
1001,NA,I22,0,38,0,11,2,Temp
1002,NA,I22,0,38,0,11,3,Temp
1003,NA,I23,0,38,0,5.5,2,Temp
1004,NA,I23,0,38,0,5.5,3,Temp
1005,NA,I23,0,38,0,11,2,Temp
1006,NA,I23,0,38,0,11,3,Temp
1007,NA,I23,0,38,0,4,1,Temp
1008,NA,I23,0,38,0,4,2,Temp
1009,NA,I23,0,38,0,4,3,Temp
1010,NA,I23,0,38,0,6,1,Temp
1011,NA,I23,0,38,0,6,2,Temp
1012,NA,I23,0,38,0,6,3,Temp
1013,NA,I23,0,38,0,7.2,1,Temp
1014,NA,I23,0,38,0,7.2,2,Temp
1015,NA,I23,0,38,0,7.2,3,Temp
1016,NA,I23,0,38,0,8,1,Temp
1017,NA,I23,0,38,0,8,2,Temp
1018,NA,I23,0,38,0,8,3,Temp
1019,NA,I23,0,38,0,9,1,Temp
1020,NA,I23,0,38,0,9,2,Temp
1021,NA,I23,0,38,0,9,3,Temp
1022,NA,I23,0,38,0,10,1,Temp
1023,NA,I23,0,38,0,10,2,Temp
1024,NA,I23,0,38,0,10,3,Temp
1025,NA,I23,0,38,20,5.5,1,Sal_Temp
1026,NA,I23,0,38,20,11,1,Sal_Temp
1027,NA,I23,0,38,20,5.5,2,Sal_Temp
1028,NA,I23,0,38,20,5.5,3,Sal_Temp
1029,NA,I23,0,38,20,11,2,Sal_Temp
1030,NA,I23,0,38,20,11,3,Sal_Temp
1031,NA,I23,0,38,20,4,1,Sal_Temp
1032,NA,I23,0,38,20,4,2,Sal_Temp
1033,NA,I23,0,38,20,4,3,Sal_Temp
1034,NA,I23,0,38,20,6,1,Sal_Temp
1035,NA,I23,0,38,20,6,2,Sal_Temp
1036,NA,I23,0,38,20,6,3,Sal_Temp
1037,NA,I23,0,38,20,7.2,1,Sal_Temp
1038,NA,I23,0,38,20,7.2,2,Sal_Temp
1039,NA,I23,0,38,20,7.2,3,Sal_Temp
1040,NA,I23,0,38,20,8,1,Sal_Temp
1041,NA,I23,0,38,20,8,2,Sal_Temp
1042,NA,I23,0,38,20,8,3,Sal_Temp
1043,NA,I23,0,38,20,9,1,Sal_Temp
1044,NA,I23,0,38,20,9,2,Sal_Temp
1045,NA,I23,0,38,20,9,3,Sal_Temp
1046,NA,I23,0,38,20,10,1,Sal_Temp
1047,NA,I23,0,38,20,10,2,Sal_Temp
1048,NA,I23,0,38,20,10,3,Sal_Temp
1049,NA,I2,0,38,0,4,1,Temp
1050,NA,I2,0,38,0,4,2,Temp
1051,NA,I2,0,38,0,4,3,Temp
1052,NA,I2,0,38,0,5.5,1,Temp
1053,NA,I2,0,38,0,5.5,2,Temp
1054,NA,I2,0,38,0,5.5,3,Temp
1055,NA,I2,0,38,20,4,1,Sal_Temp
1056,NA,I2,0,38,20,4,2,Sal_Temp
1057,NA,I2,0,38,20,4,3,Sal_Temp
1058,NA,I2,0,38,20,5.5,1,Sal_Temp
1059,NA,I2,0,38,20,5.5,2,Sal_Temp
1060,NA,I8,0,38,0,4,1,Temp
1061,NA,I8,0,38,0,4,2,Temp
1062,NA,I8,0,38,0,4,3,Temp
1063,NA,I8,0,38,0,5.5,1,Temp
1064,NA,I8,0,38,20,4,1,Sal_Temp
1065,NA,I8,0,38,20,4,2,Sal_Temp
1066,NA,I8,0,38,20,4,3,Sal_Temp
1067,NA,I8,0,38,20,11,1,Sal_Temp
1068,NA,I8,0,38,20,11,2,Sal_Temp
1069,NA,I8,0,38,20,11,3,Sal_Temp
1070,NA,D11,0,38,0,4,1,Temp
1071,NA,D11,0,38,0,4,2,Temp
1072,NA,D11,0,38,0,4,3,Temp
1073,NA,D11,0,20,20,4,1,Sal
1074,NA,D11,0,20,20,4,2,Sal
1075,NA,D11,0,20,20,4,3,Sal
1076,NA,D11,0,38,20,6,1,Sal_Temp
1077,NA,D11,0,38,20,6,2,Sal_Temp
1078,NA,D11,0,38,20,6,3,Sal_Temp
1079,NA,D11,0,38,20,5.5,1,Sal_Temp
1080,NA,D11,0,38,20,5.5,2,Sal_Temp
1081,NA,D11,0,38,20,5.5,3,Sal_Temp
1082,NA,D11,0,38,20,7.2,1,Sal_Temp
1083,NA,D11,0,38,20,7.2,2,Sal_Temp
1084,NA,D11,0,38,20,7.2,3,Sal_Temp
1085,NA,D11,0,38,20,8,1,Sal_Temp
1086,NA,D11,0,38,20,8,2,Sal_Temp
1087,NA,D11,0,38,20,8,3,Sal_Temp
1088,NA,D11,0,38,20,10,1,Sal_Temp
1089,NA,D11,0,38,20,10,2,Sal_Temp
1090,NA,D11,0,38,20,10,3,Sal_Temp
1091,NA,D11,0,38,20,9,2,Sal_Temp
1092,NA,D11,0,38,20,9,3,Sal_Temp
1093,NA,D11,0,38,20,11,1,Sal_Temp
1094,NA,D11,0,38,20,11,2,Sal_Temp
1095,NA,D11,0,38,20,11,3,Sal_Temp
1096,NA,D11,0,38,20,4,1,Sal_Temp
1097,NA,D11,0,38,20,4,2,Sal_Temp
1098,NA,D11,0,38,20,4,3,Sal_Temp
1099,NA,D11,0,38,20,9,1,Sal_Temp
1100,NA,D14,0,20,0,4,1,Control
1101,NA,D14,0,20,0,4,2,Control
1102,NA,D14,0,20,0,4,3,Control
1103,NA,D14,0,38,0,4,1,Temp
1104,NA,D14,0,38,0,4,2,Temp
1105,NA,D14,0,38,0,4,3,Temp
1106,NA,D14,0,20,20,4,1,Sal
1107,NA,D14,0,20,20,4,2,Sal
1108,NA,D14,0,20,20,4,3,Sal
1109,NA,D14,0,38,20,4,1,Sal_Temp
1110,NA,D14,0,38,20,4,2,Sal_Temp
1111,NA,D14,0,38,20,4,3,Sal_Temp
1112,NA,D14,0,38,0,5.5,1,Temp
1113,NA,D14,0,38,0,5.5,2,Temp
1114,NA,D14,0,38,0,5.5,3,Temp
1115,NA,D14,0,20,20,5.5,1,Sal
1116,NA,D14,0,20,20,5.5,2,Sal
1117,NA,D14,0,20,20,5.5,3,Sal
1118,NA,D14,0,38,20,5.5,1,Sal_Temp
1119,NA,D14,0,38,20,5.5,2,Sal_Temp
1120,NA,D14,0,38,20,5.5,3,Sal_Temp
1121,NA,D17,0,38,0,4,1,Temp
1122,NA,D17,0,38,0,4,2,Temp
1123,NA,D17,0,38,0,4,3,Temp
1124,NA,D17,0,38,20,10,1,Sal_Temp
1125,NA,D17,0,38,20,10,2,Sal_Temp
1126,NA,D17,0,38,20,10,3,Sal_Temp
1127,NA,D17,0,38,20,11,1,Sal_Temp
1128,NA,D17,0,38,20,11,2,Sal_Temp
1129,NA,D17,0,38,20,11,3,Sal_Temp